team_id,run_id,topic_id,n_answer_items,n_chars,gpt6_tokens,qwen_tokens
T448,adela,rag2026-0,40,4925,782,795
T448,adela,rag2026-1,40,3718,644,652
T448,adela,rag2026-2,40,4877,793,799
T448,adela,rag2026-3,45,5337,919,950
T448,adela,rag2026-4,37,4224,734,756
T448,adela,rag2026-5,35,4106,712,727
T448,adela,rag2026-6,46,5850,986,1037
T448,adela,rag2026-7,56,6937,1123,1147
T448,adela,rag2026-8,37,4403,781,800
T448,adela,rag2026-9,35,4278,728,745
T448,adela,rag2026-10,30,3574,676,703
T448,adela,rag2026-11,44,4878,834,861
T448,adela,rag2026-12,42,4712,826,851
T448,adela,rag2026-13,45,5124,860,871
T448,adela,rag2026-14,51,5721,917,940
T448,adela,rag2026-15,42,4951,852,877
T448,adela,rag2026-16,34,4289,720,739
T448,adela,rag2026-17,36,4224,723,738
T448,adela,rag2026-18,40,5033,876,879
T448,adela,rag2026-19,41,4413,815,856
T448,adela,rag2026-20,25,2786,462,469
T448,adela,rag2026-21,39,4036,827,865
T448,adela,rag2026-22,39,4207,713,717
T448,adela,rag2026-23,37,4426,732,741
T448,adela,rag2026-24,32,3622,722,746
T448,adela,rag2026-25,37,4092,741,749
T448,adela,rag2026-26,50,5766,978,1010
T448,adela,rag2026-27,49,5380,1063,1097
T448,adela,rag2026-28,47,6122,1047,1072
T448,adela,rag2026-29,50,5599,980,1005
T448,adela,rag2026-30,44,4833,804,825
T448,adela,rag2026-31,46,4904,838,844
T448,adela,rag2026-32,42,4930,832,858
T448,adela,rag2026-33,40,4509,766,779
T448,adela,rag2026-34,46,4691,826,851
T448,adela,rag2026-35,37,4186,715,748
T448,adela,rag2026-36,45,5132,860,864
T448,adela,rag2026-37,43,4530,845,865
T448,adela,rag2026-38,45,5128,902,925
T448,adela,rag2026-39,45,6116,1016,1038
T448,adela,rag2026-40,44,4916,830,847
T448,adela,rag2026-41,43,4532,755,762
T448,adela,rag2026-42,44,5142,885,905
T448,adela,rag2026-43,45,5081,869,882
T448,adela,rag2026-44,46,4985,893,907
T448,adela,rag2026-45,46,4891,839,853
T448,adela,rag2026-46,38,4334,755,771
T448,adela,rag2026-47,45,4659,763,765
T448,adela,rag2026-48,44,5323,902,916
T448,adela,rag2026-49,45,5610,929,953
T448,adela,rag2026-50,37,4178,765,780
T448,adela,rag2026-51,45,4553,753,758
T448,adela,rag2026-52,48,5352,960,977
T448,adela,rag2026-53,48,5307,920,935
T448,adela,rag2026-54,40,4842,803,809
T448,adela,rag2026-55,42,4840,791,803
T448,adela,rag2026-56,40,4633,853,906
T448,adela,rag2026-57,47,5172,924,974
T448,adela,rag2026-58,35,3460,685,687
T448,adela,rag2026-59,45,4904,821,836
T448,adela,rag2026-60,50,4872,911,960
T448,adela,rag2026-61,38,4336,714,722
T448,adela,rag2026-62,50,5503,924,934
T448,adela,rag2026-63,37,3853,658,663
T448,adela,rag2026-64,39,4704,746,766
T448,adela,rag2026-65,46,5056,843,855
T448,adela,rag2026-66,39,4478,769,778
T448,adela,rag2026-67,30,3532,656,682
T448,adela,rag2026-68,35,4162,659,663
T448,adela,rag2026-69,45,5479,863,875
T448,adela,rag2026-70,51,5407,1017,1041
T448,adela,rag2026-71,40,4251,740,743
T448,adela,rag2026-72,40,4675,833,850
T448,adela,rag2026-73,45,4766,805,828
T448,adela,rag2026-74,45,4961,898,923
T448,adela,rag2026-75,39,4244,721,735
T448,adela,rag2026-76,34,3827,764,778
T448,adela,rag2026-77,40,4675,718,731
T448,adela,rag2026-78,45,4925,860,874
T448,adela,rag2026-79,38,4173,710,728
T448,adela,rag2026-80,40,4281,825,823
T448,adela,rag2026-81,44,4679,836,865
T448,adela,rag2026-82,53,6045,1120,1141
T448,adela,rag2026-83,44,5108,907,927
T448,adela,rag2026-84,40,4096,650,636
T448,adela,rag2026-85,38,4008,676,689
T448,adela,rag2026-86,33,4367,727,737
T448,adela,rag2026-87,45,5652,929,927
T448,adela,rag2026-88,37,4741,774,783
T448,adela,rag2026-89,45,5092,856,877
T448,adela,rag2026-90,45,5129,919,957
T448,adela,rag2026-91,44,4344,728,744
T448,adela,rag2026-92,31,3348,551,545
T448,adela,rag2026-93,36,3932,701,721
T448,adela,rag2026-94,45,5295,894,913
T448,adela,rag2026-95,49,5785,979,989
T448,adela,rag2026-96,45,4596,811,828
T448,adela,rag2026-97,33,3906,646,650
T448,adela,rag2026-98,37,3931,699,711
T448,adela,rag2026-99,36,4052,699,711
T448,adela,rag2026-100,40,4661,726,735
T448,adela,rag2026-101,48,4553,763,791
T448,adela,rag2026-102,37,4099,757,794
T448,adela,rag2026-103,50,5282,879,906
T448,adela,rag2026-104,44,4668,838,867
T448,adela,rag2026-105,41,4565,787,801
T448,adela,rag2026-106,43,4403,839,850
T448,adela,rag2026-107,29,3295,587,595
T448,adela,rag2026-108,45,5407,867,889
T448,adela,rag2026-109,45,5132,864,887
T448,adela,rag2026-110,46,4796,889,941
T448,adela,rag2026-111,30,3244,614,656
T448,adela,rag2026-112,45,4580,812,825
T448,adela,rag2026-113,42,4637,802,806
T448,adela,rag2026-114,45,4920,851,875
T448,adela,rag2026-115,45,4481,788,806
T448,adela,rag2026-116,58,6808,1226,1291
T448,adela,rag2026-117,36,4143,743,771
T448,adela,rag2026-118,40,4613,794,826
T706,alex,rag2026-0,27,5156,812,815
T706,alex,rag2026-1,30,5094,925,936
T706,alex,rag2026-2,25,5734,977,1000
T706,alex,rag2026-3,30,5511,987,1013
T706,alex,rag2026-4,21,3908,669,678
T706,alex,rag2026-5,26,5202,995,1040
T706,alex,rag2026-6,30,6025,988,1012
T706,alex,rag2026-7,36,6385,1061,1069
T706,alex,rag2026-8,28,6230,1119,1142
T706,alex,rag2026-9,27,5166,937,976
T706,alex,rag2026-10,24,4872,909,916
T706,alex,rag2026-11,32,6572,1118,1136
T706,alex,rag2026-12,16,3108,586,612
T706,alex,rag2026-13,34,6046,1034,1055
T706,alex,rag2026-14,22,4098,682,684
T706,alex,rag2026-15,25,6396,1092,1113
T706,alex,rag2026-16,25,4938,862,885
T706,alex,rag2026-17,26,5048,882,895
T706,alex,rag2026-18,23,4249,758,780
T706,alex,rag2026-19,30,6246,1162,1209
T706,alex,rag2026-20,18,3317,538,543
T706,alex,rag2026-21,25,4592,855,878
T706,alex,rag2026-22,27,5465,888,889
T706,alex,rag2026-23,22,5045,871,885
T706,alex,rag2026-24,28,4837,965,998
T706,alex,rag2026-25,26,4681,848,848
T706,alex,rag2026-26,25,5847,992,1001
T706,alex,rag2026-27,25,5504,1124,1154
T706,alex,rag2026-28,17,3857,660,663
T706,alex,rag2026-29,29,5675,1003,1031
T706,alex,rag2026-30,31,5567,929,942
T706,alex,rag2026-31,33,6874,1194,1209
T706,alex,rag2026-32,24,4777,845,868
T706,alex,rag2026-33,24,4697,766,771
T706,alex,rag2026-34,25,4767,843,869
T706,alex,rag2026-35,28,5817,970,1000
T706,alex,rag2026-36,11,2141,351,353
T706,alex,rag2026-37,25,4647,822,854
T706,alex,rag2026-38,32,5574,940,961
T706,alex,rag2026-39,25,4682,754,758
T706,alex,rag2026-40,24,4787,744,750
T706,alex,rag2026-41,35,5697,974,981
T706,alex,rag2026-42,23,5095,899,919
T706,alex,rag2026-43,21,4129,667,674
T706,alex,rag2026-44,27,5063,875,879
T706,alex,rag2026-45,32,6044,1016,1021
T706,alex,rag2026-46,38,5956,974,983
T706,alex,rag2026-47,29,5617,967,966
T706,alex,rag2026-48,22,5006,828,830
T706,alex,rag2026-49,29,6371,1108,1125
T706,alex,rag2026-50,26,5567,1054,1078
T706,alex,rag2026-51,25,5074,851,873
T706,alex,rag2026-52,26,5178,1025,1062
T706,alex,rag2026-53,21,4133,724,724
T706,alex,rag2026-54,25,5097,867,888
T706,alex,rag2026-55,27,5823,913,918
T706,alex,rag2026-56,27,5852,1054,1090
T706,alex,rag2026-57,25,5233,870,881
T706,alex,rag2026-58,22,3823,753,754
T706,alex,rag2026-59,27,5387,886,897
T706,alex,rag2026-60,27,5501,1001,1031
T706,alex,rag2026-61,25,4838,848,879
T706,alex,rag2026-62,23,4455,826,829
T706,alex,rag2026-63,26,4468,788,792
T706,alex,rag2026-64,32,5884,958,980
T706,alex,rag2026-65,25,4390,748,761
T706,alex,rag2026-66,30,5268,909,945
T706,alex,rag2026-67,26,4960,912,934
T706,alex,rag2026-68,35,6207,972,980
T706,alex,rag2026-69,9,1791,297,300
T706,alex,rag2026-70,25,4968,883,900
T706,alex,rag2026-71,25,4965,855,849
T706,alex,rag2026-72,30,6090,1100,1115
T706,alex,rag2026-73,28,5016,845,860
T706,alex,rag2026-74,33,6483,1176,1191
T706,alex,rag2026-75,28,5799,928,941
T706,alex,rag2026-76,28,5382,1000,1020
T706,alex,rag2026-77,12,2764,453,470
T706,alex,rag2026-78,26,5361,899,921
T706,alex,rag2026-79,34,5778,986,1017
T706,alex,rag2026-80,30,5579,1060,1058
T706,alex,rag2026-81,25,4876,910,930
T706,alex,rag2026-82,26,5154,909,919
T706,alex,rag2026-83,37,6765,1200,1212
T706,alex,rag2026-84,20,4062,714,690
T706,alex,rag2026-85,20,4174,715,726
T706,alex,rag2026-86,19,4404,773,787
T706,alex,rag2026-87,25,5400,905,900
T706,alex,rag2026-88,28,5508,966,996
T706,alex,rag2026-89,27,5562,872,876
T706,alex,rag2026-90,23,4428,757,775
T706,alex,rag2026-91,23,5057,966,979
T706,alex,rag2026-92,24,4290,766,755
T706,alex,rag2026-93,21,4031,731,761
T706,alex,rag2026-94,22,4184,735,756
T706,alex,rag2026-95,25,5853,1004,1023
T706,alex,rag2026-96,34,5877,1073,1135
T706,alex,rag2026-97,25,5199,870,887
T706,alex,rag2026-98,19,3750,646,647
T706,alex,rag2026-99,25,4681,830,855
T706,alex,rag2026-100,26,4674,750,764
T706,alex,rag2026-101,29,5330,934,950
T706,alex,rag2026-102,28,5276,968,1034
T706,alex,rag2026-103,27,4640,811,835
T706,alex,rag2026-104,30,5363,996,1043
T706,alex,rag2026-105,29,4679,803,804
T706,alex,rag2026-106,20,3920,731,737
T706,alex,rag2026-107,23,4499,830,855
T706,alex,rag2026-108,31,5699,934,966
T706,alex,rag2026-109,22,4393,749,760
T706,alex,rag2026-110,23,4586,861,883
T706,alex,rag2026-111,30,5574,1009,1063
T706,alex,rag2026-112,23,4803,818,826
T706,alex,rag2026-114,18,3916,665,675
T706,alex,rag2026-115,18,3166,675,702
T706,alex,rag2026-116,26,5374,929,965
T706,alex,rag2026-117,20,4191,716,720
T706,alex,rag2026-118,19,3939,656,666
T175,alton,rag2026-0,26,5206,843,851
T175,alton,rag2026-1,28,5310,968,984
T175,alton,rag2026-10,20,4199,788,810
T175,alton,rag2026-100,15,3954,658,658
T175,alton,rag2026-101,21,4551,845,890
T175,alton,rag2026-102,18,4324,831,886
T175,alton,rag2026-103,14,3399,544,548
T175,alton,rag2026-104,16,4225,750,777
T175,alton,rag2026-105,14,2882,471,472
T175,alton,rag2026-106,19,4216,796,799
T175,alton,rag2026-107,9,1645,302,317
T175,alton,rag2026-108,23,4532,750,794
T175,alton,rag2026-109,18,4372,719,730
T175,alton,rag2026-11,22,4993,877,903
T175,alton,rag2026-110,19,4980,928,980
T175,alton,rag2026-111,27,4401,828,886
T175,alton,rag2026-112,18,3715,699,737
T175,alton,rag2026-113,10,3127,546,556
T175,alton,rag2026-114,12,2859,475,474
T175,alton,rag2026-115,18,3727,771,787
T175,alton,rag2026-116,25,5702,1031,1083
T175,alton,rag2026-117,20,3792,674,681
T175,alton,rag2026-118,32,4821,832,859
T175,alton,rag2026-12,28,5361,1012,1055
T175,alton,rag2026-13,15,3276,559,567
T175,alton,rag2026-14,17,3849,628,637
T175,alton,rag2026-15,16,4478,783,791
T175,alton,rag2026-16,12,3167,519,529
T175,alton,rag2026-17,15,3235,562,567
T175,alton,rag2026-18,17,3947,711,726
T175,alton,rag2026-19,19,4629,865,904
T175,alton,rag2026-2,30,5978,972,976
T175,alton,rag2026-20,10,1772,282,289
T175,alton,rag2026-21,15,3628,659,671
T175,alton,rag2026-22,15,3276,535,538
T175,alton,rag2026-23,16,4685,795,803
T175,alton,rag2026-24,14,3872,736,762
T175,alton,rag2026-25,14,2433,465,466
T175,alton,rag2026-26,29,7392,1224,1241
T175,alton,rag2026-27,18,4564,937,959
T175,alton,rag2026-28,28,5652,997,1023
T175,alton,rag2026-29,26,6320,1095,1143
T175,alton,rag2026-3,16,3899,706,735
T175,alton,rag2026-30,17,4082,711,720
T175,alton,rag2026-31,16,3274,649,686
T175,alton,rag2026-32,20,4860,843,856
T175,alton,rag2026-33,21,4519,736,741
T175,alton,rag2026-34,18,3761,633,641
T175,alton,rag2026-35,17,3913,616,626
T175,alton,rag2026-36,12,2836,529,550
T175,alton,rag2026-37,21,4409,792,809
T175,alton,rag2026-38,22,3876,638,643
T175,alton,rag2026-39,16,3797,646,652
T175,alton,rag2026-4,17,4276,737,747
T175,alton,rag2026-40,18,4546,766,771
T175,alton,rag2026-41,13,2722,475,486
T175,alton,rag2026-42,25,4314,755,778
T175,alton,rag2026-43,17,3884,664,661
T175,alton,rag2026-44,18,4384,769,773
T175,alton,rag2026-45,20,3767,642,642
T175,alton,rag2026-46,14,3957,696,703
T175,alton,rag2026-47,15,3961,641,642
T175,alton,rag2026-48,17,4180,715,724
T175,alton,rag2026-49,24,4777,772,787
T175,alton,rag2026-5,18,3850,688,714
T175,alton,rag2026-50,13,3494,634,641
T175,alton,rag2026-51,23,4354,746,763
T175,alton,rag2026-52,27,4242,851,871
T175,alton,rag2026-53,13,2431,480,514
T175,alton,rag2026-54,17,3986,688,709
T175,alton,rag2026-55,20,4534,732,733
T175,alton,rag2026-56,21,4296,778,811
T175,alton,rag2026-57,19,4288,737,761
T175,alton,rag2026-58,21,3690,736,738
T175,alton,rag2026-59,10,1898,319,324
T175,alton,rag2026-6,26,4852,906,973
T175,alton,rag2026-60,26,6216,1213,1286
T175,alton,rag2026-61,19,4563,824,852
T175,alton,rag2026-62,14,3003,527,533
T175,alton,rag2026-63,21,4342,777,780
T175,alton,rag2026-64,27,4656,748,761
T175,alton,rag2026-65,15,3944,639,648
T175,alton,rag2026-66,26,5328,924,935
T175,alton,rag2026-67,16,3719,670,694
T175,alton,rag2026-68,13,3612,591,598
T175,alton,rag2026-69,23,6350,1047,1074
T175,alton,rag2026-7,19,4319,715,724
T175,alton,rag2026-70,14,2811,521,530
T175,alton,rag2026-71,14,3105,532,544
T175,alton,rag2026-72,16,4900,867,883
T175,alton,rag2026-73,17,4226,714,725
T175,alton,rag2026-74,13,3057,553,569
T175,alton,rag2026-75,12,2966,495,497
T175,alton,rag2026-76,10,2633,491,510
T175,alton,rag2026-77,25,5102,849,876
T175,alton,rag2026-78,13,3195,542,559
T175,alton,rag2026-79,12,2064,347,350
T175,alton,rag2026-8,19,4661,806,825
T175,alton,rag2026-80,15,3274,617,615
T175,alton,rag2026-81,24,4084,773,793
T175,alton,rag2026-82,15,3937,654,651
T175,alton,rag2026-83,14,3798,649,666
T175,alton,rag2026-84,17,3887,656,640
T175,alton,rag2026-85,18,3911,660,672
T175,alton,rag2026-86,16,3567,647,664
T175,alton,rag2026-87,22,4279,738,748
T175,alton,rag2026-88,19,4895,911,945
T175,alton,rag2026-89,14,4220,714,734
T175,alton,rag2026-9,10,2750,482,497
T175,alton,rag2026-90,18,3945,715,741
T175,alton,rag2026-91,10,2037,415,420
T175,alton,rag2026-92,14,2807,470,461
T175,alton,rag2026-93,15,3398,593,598
T175,alton,rag2026-94,20,4142,645,650
T175,alton,rag2026-95,35,6027,1031,1049
T175,alton,rag2026-96,10,3475,577,583
T175,alton,rag2026-97,17,3922,649,654
T175,alton,rag2026-98,12,2840,487,488
T175,alton,rag2026-99,25,4610,845,866
T047,alvin,rag2026-0,20,2812,480,485
T047,alvin,rag2026-1,32,4873,851,859
T047,alvin,rag2026-10,35,4975,909,934
T047,alvin,rag2026-100,23,4705,775,787
T047,alvin,rag2026-101,22,2718,495,508
T047,alvin,rag2026-102,23,3202,560,572
T047,alvin,rag2026-103,24,3436,579,581
T047,alvin,rag2026-104,26,4332,769,787
T047,alvin,rag2026-105,33,5128,903,907
T047,alvin,rag2026-106,23,2945,532,531
T047,alvin,rag2026-107,20,2492,499,508
T047,alvin,rag2026-108,45,6729,1209,1243
T047,alvin,rag2026-109,37,6630,1124,1137
T047,alvin,rag2026-11,35,4896,866,892
T047,alvin,rag2026-110,40,5619,1204,1258
T047,alvin,rag2026-111,33,4272,795,874
T047,alvin,rag2026-112,24,2928,525,530
T047,alvin,rag2026-113,19,2578,478,483
T047,alvin,rag2026-114,31,4368,769,783
T047,alvin,rag2026-115,34,4429,880,905
T047,alvin,rag2026-116,15,2154,436,471
T047,alvin,rag2026-117,45,6658,1066,1078
T047,alvin,rag2026-118,29,4877,822,834
T047,alvin,rag2026-12,53,6631,1254,1311
T047,alvin,rag2026-13,20,3095,563,575
T047,alvin,rag2026-14,25,4001,678,695
T047,alvin,rag2026-15,14,2473,444,457
T047,alvin,rag2026-16,25,3512,567,587
T047,alvin,rag2026-17,17,2217,409,413
T047,alvin,rag2026-18,11,1750,285,291
T047,alvin,rag2026-19,15,2189,406,429
T047,alvin,rag2026-2,17,2188,387,391
T047,alvin,rag2026-20,32,5313,884,889
T047,alvin,rag2026-21,23,2222,432,443
T047,alvin,rag2026-22,22,2928,498,504
T047,alvin,rag2026-23,33,6146,1020,1033
T047,alvin,rag2026-24,24,2926,647,671
T047,alvin,rag2026-25,23,3524,699,741
T047,alvin,rag2026-26,35,6087,1065,1088
T047,alvin,rag2026-27,24,3790,775,795
T047,alvin,rag2026-28,24,3557,684,697
T047,alvin,rag2026-29,24,3846,685,706
T047,alvin,rag2026-3,36,5262,1044,1127
T047,alvin,rag2026-30,32,4925,799,813
T047,alvin,rag2026-31,24,3270,582,589
T047,alvin,rag2026-32,34,4879,897,939
T047,alvin,rag2026-33,26,3912,731,735
T047,alvin,rag2026-34,18,2378,421,429
T047,alvin,rag2026-35,28,4247,727,745
T047,alvin,rag2026-36,22,2813,542,550
T047,alvin,rag2026-37,41,5447,1021,1047
T047,alvin,rag2026-38,33,4247,773,800
T047,alvin,rag2026-39,13,1927,321,325
T047,alvin,rag2026-4,23,3018,545,577
T047,alvin,rag2026-40,17,3174,483,485
T047,alvin,rag2026-41,8,1204,197,201
T047,alvin,rag2026-42,34,4683,829,866
T047,alvin,rag2026-43,24,4091,697,705
T047,alvin,rag2026-44,35,5643,1066,1095
T047,alvin,rag2026-45,15,2233,402,407
T047,alvin,rag2026-46,23,3703,637,644
T047,alvin,rag2026-47,20,3519,576,578
T047,alvin,rag2026-48,40,6281,1143,1169
T047,alvin,rag2026-49,29,3638,624,640
T047,alvin,rag2026-5,23,3130,602,633
T047,alvin,rag2026-50,33,4521,834,851
T047,alvin,rag2026-51,28,3949,693,706
T047,alvin,rag2026-52,26,3632,741,777
T047,alvin,rag2026-53,24,2948,545,558
T047,alvin,rag2026-54,15,2432,428,451
T047,alvin,rag2026-55,24,3817,684,706
T047,alvin,rag2026-56,29,3634,673,704
T047,alvin,rag2026-57,43,5222,923,948
T047,alvin,rag2026-58,17,1956,404,409
T047,alvin,rag2026-59,21,3708,598,608
T047,alvin,rag2026-6,47,6534,1144,1194
T047,alvin,rag2026-60,15,2085,390,408
T047,alvin,rag2026-61,45,5202,924,950
T047,alvin,rag2026-62,16,2487,444,452
T047,alvin,rag2026-63,37,4650,809,811
T047,alvin,rag2026-64,31,4322,710,723
T047,alvin,rag2026-65,35,6359,1085,1104
T047,alvin,rag2026-66,30,4300,837,850
T047,alvin,rag2026-67,20,2768,503,528
T047,alvin,rag2026-68,19,3205,556,558
T047,alvin,rag2026-69,11,1546,250,252
T047,alvin,rag2026-7,24,4403,744,765
T047,alvin,rag2026-70,21,3060,559,567
T047,alvin,rag2026-71,32,4843,851,860
T047,alvin,rag2026-72,42,7290,1334,1357
T047,alvin,rag2026-73,19,2959,531,546
T047,alvin,rag2026-74,16,1571,326,340
T047,alvin,rag2026-75,34,4767,843,883
T047,alvin,rag2026-76,22,2550,506,529
T047,alvin,rag2026-77,18,2555,414,419
T047,alvin,rag2026-78,26,5037,829,839
T047,alvin,rag2026-79,12,2041,343,346
T047,alvin,rag2026-8,28,3989,724,749
T047,alvin,rag2026-80,19,2867,567,576
T047,alvin,rag2026-81,40,6195,1172,1195
T047,alvin,rag2026-82,7,1030,169,170
T047,alvin,rag2026-83,22,2735,554,574
T047,alvin,rag2026-84,11,1695,278,279
T047,alvin,rag2026-85,21,2724,491,509
T047,alvin,rag2026-86,30,4147,736,747
T047,alvin,rag2026-87,36,5102,920,930
T047,alvin,rag2026-88,24,3067,568,574
T047,alvin,rag2026-89,26,4119,701,722
T047,alvin,rag2026-9,34,4514,822,839
T047,alvin,rag2026-90,37,5278,906,916
T047,alvin,rag2026-91,10,1716,339,348
T047,alvin,rag2026-92,12,1562,284,291
T047,alvin,rag2026-93,28,2998,559,575
T047,alvin,rag2026-94,42,6711,1225,1260
T047,alvin,rag2026-95,22,3770,647,663
T047,alvin,rag2026-96,20,2505,445,463
T047,alvin,rag2026-97,23,2564,489,496
T047,alvin,rag2026-98,35,4621,799,801
T047,alvin,rag2026-99,25,4141,759,787
T712,andre,rag2026-0,11,2613,400,404
T712,andre,rag2026-1,6,1875,348,350
T712,andre,rag2026-2,10,2028,326,328
T712,andre,rag2026-3,9,1778,329,347
T712,andre,rag2026-4,7,1456,254,261
T712,andre,rag2026-5,6,1328,237,240
T712,andre,rag2026-6,9,1970,316,320
T712,andre,rag2026-7,10,1893,316,317
T712,andre,rag2026-8,7,2311,402,408
T712,andre,rag2026-9,6,1426,245,248
T712,andre,rag2026-10,6,1487,273,271
T712,andre,rag2026-11,7,1970,322,324
T712,andre,rag2026-12,8,1785,305,312
T712,andre,rag2026-13,6,1785,328,337
T712,andre,rag2026-14,7,1533,265,269
T712,andre,rag2026-15,7,1526,249,250
T712,andre,rag2026-16,8,1625,274,277
T712,andre,rag2026-17,10,1756,297,301
T712,andre,rag2026-18,6,1836,326,333
T712,andre,rag2026-19,7,1803,308,310
T712,andre,rag2026-20,6,1088,182,183
T712,andre,rag2026-21,7,1424,271,289
T712,andre,rag2026-22,8,1529,243,244
T712,andre,rag2026-23,8,2616,437,438
T712,andre,rag2026-24,8,2212,422,426
T712,andre,rag2026-25,6,1284,261,260
T712,andre,rag2026-26,6,1638,270,271
T712,andre,rag2026-27,6,1889,365,380
T712,andre,rag2026-28,9,2745,487,487
T712,andre,rag2026-29,7,2090,377,378
T712,andre,rag2026-30,7,1516,249,251
T712,andre,rag2026-31,8,1531,262,264
T712,andre,rag2026-32,8,1751,319,325
T712,andre,rag2026-33,8,1566,265,270
T712,andre,rag2026-34,6,1429,255,261
T712,andre,rag2026-35,7,1744,282,288
T712,andre,rag2026-36,7,1590,306,309
T712,andre,rag2026-37,7,1209,200,200
T712,andre,rag2026-38,9,1845,288,288
T712,andre,rag2026-39,9,1947,294,298
T712,andre,rag2026-40,8,1376,233,236
T712,andre,rag2026-41,7,1376,247,248
T712,andre,rag2026-42,7,1642,261,263
T712,andre,rag2026-43,5,1331,239,238
T712,andre,rag2026-44,7,1674,316,320
T712,andre,rag2026-45,9,2113,363,366
T712,andre,rag2026-46,9,1797,289,290
T712,andre,rag2026-47,10,2301,369,368
T712,andre,rag2026-48,7,1653,267,266
T712,andre,rag2026-49,8,1447,261,272
T712,andre,rag2026-50,7,1720,315,321
T712,andre,rag2026-51,13,2730,457,465
T712,andre,rag2026-52,8,1379,241,240
T712,andre,rag2026-53,8,2424,442,446
T712,andre,rag2026-54,6,1384,225,228
T712,andre,rag2026-55,7,1532,248,248
T712,andre,rag2026-56,8,2434,431,435
T712,andre,rag2026-57,7,1913,335,341
T712,andre,rag2026-58,10,2068,395,395
T712,andre,rag2026-59,8,1415,226,228
T712,andre,rag2026-60,8,1572,312,338
T712,andre,rag2026-61,7,2150,375,382
T712,andre,rag2026-62,7,2308,397,396
T712,andre,rag2026-63,8,2216,399,399
T712,andre,rag2026-64,10,2253,356,360
T712,andre,rag2026-65,6,1833,309,313
T712,andre,rag2026-66,6,1424,245,247
T712,andre,rag2026-67,7,2069,366,375
T712,andre,rag2026-68,7,1797,295,299
T712,andre,rag2026-69,7,1392,219,222
T712,andre,rag2026-70,7,1618,286,288
T712,andre,rag2026-71,8,1889,332,329
T712,andre,rag2026-72,10,1617,297,302
T712,andre,rag2026-73,8,2168,353,355
T712,andre,rag2026-74,5,1934,334,338
T712,andre,rag2026-75,7,1483,248,249
T712,andre,rag2026-76,7,1529,294,297
T712,andre,rag2026-77,9,1896,300,301
T712,andre,rag2026-78,5,1297,207,208
T712,andre,rag2026-79,8,1471,249,250
T712,andre,rag2026-80,6,1402,274,275
T712,andre,rag2026-81,9,1457,274,282
T712,andre,rag2026-82,7,1718,287,288
T712,andre,rag2026-83,6,1521,268,266
T712,andre,rag2026-84,8,2268,405,396
T712,andre,rag2026-85,8,1595,270,276
T712,andre,rag2026-86,8,2005,345,350
T712,andre,rag2026-87,7,2417,402,399
T712,andre,rag2026-88,5,1229,200,201
T712,andre,rag2026-89,11,2550,415,419
T712,andre,rag2026-90,11,1955,315,320
T712,andre,rag2026-91,8,1216,208,211
T712,andre,rag2026-92,6,1166,196,194
T712,andre,rag2026-93,9,1815,315,316
T712,andre,rag2026-94,9,1825,294,300
T712,andre,rag2026-95,8,1826,307,309
T712,andre,rag2026-96,11,2516,416,421
T712,andre,rag2026-97,6,1725,290,296
T712,andre,rag2026-98,10,2060,374,374
T712,andre,rag2026-99,7,1725,307,318
T712,andre,rag2026-100,10,2050,321,324
T712,andre,rag2026-101,9,1868,313,313
T712,andre,rag2026-102,6,2316,393,400
T712,andre,rag2026-103,8,1869,308,309
T712,andre,rag2026-104,10,2294,388,392
T712,andre,rag2026-105,7,2084,361,364
T712,andre,rag2026-106,8,2536,467,467
T712,andre,rag2026-107,5,1492,266,272
T712,andre,rag2026-108,5,1594,255,257
T712,andre,rag2026-109,9,1571,257,265
T712,andre,rag2026-110,7,1617,287,290
T712,andre,rag2026-111,9,2061,363,388
T712,andre,rag2026-112,11,2619,452,463
T712,andre,rag2026-113,7,1044,179,184
T712,andre,rag2026-114,7,1401,231,233
T712,andre,rag2026-115,6,1675,311,317
T712,andre,rag2026-116,9,2790,488,502
T712,andre,rag2026-117,7,1419,227,229
T712,andre,rag2026-118,8,1473,224,226
T086,anika,rag2026-0,31,5555,963,976
T086,anika,rag2026-1,46,7022,1240,1262
T086,anika,rag2026-2,38,6832,1285,1341
T086,anika,rag2026-3,51,6347,1297,1352
T086,anika,rag2026-4,36,6728,1258,1275
T086,anika,rag2026-5,47,6379,1225,1279
T086,anika,rag2026-6,47,7117,1320,1385
T086,anika,rag2026-7,41,7217,1315,1337
T086,anika,rag2026-8,39,6663,1281,1333
T086,anika,rag2026-9,39,6429,1283,1368
T086,anika,rag2026-10,36,6545,1330,1433
T086,anika,rag2026-11,35,6955,1319,1392
T086,anika,rag2026-12,34,6841,1416,1528
T086,anika,rag2026-13,39,6938,1294,1312
T086,anika,rag2026-14,40,7123,1285,1307
T086,anika,rag2026-15,39,7196,1292,1303
T086,anika,rag2026-16,40,6900,1381,1422
T086,anika,rag2026-17,32,6056,1135,1145
T086,anika,rag2026-18,42,6344,1337,1395
T086,anika,rag2026-19,35,6986,1306,1379
T086,anika,rag2026-20,32,5594,984,989
T086,anika,rag2026-21,41,6446,1256,1304
T086,anika,rag2026-22,31,5575,969,970
T086,anika,rag2026-23,42,6799,1242,1253
T086,anika,rag2026-24,41,6917,1331,1356
T086,anika,rag2026-25,36,6240,1178,1204
T086,anika,rag2026-26,36,6868,1239,1253
T086,anika,rag2026-27,34,6422,1448,1477
T086,anika,rag2026-28,42,7221,1368,1399
T086,anika,rag2026-29,35,6539,1281,1339
T086,anika,rag2026-30,41,6779,1320,1363
T086,anika,rag2026-31,43,7122,1371,1368
T086,anika,rag2026-32,44,6678,1234,1291
T086,anika,rag2026-33,40,6030,1129,1138
T086,anika,rag2026-34,40,6761,1272,1278
T086,anika,rag2026-35,33,5905,1180,1254
T086,anika,rag2026-36,31,6077,1199,1236
T086,anika,rag2026-37,37,6595,1311,1361
T086,anika,rag2026-38,39,7716,1408,1434
T086,anika,rag2026-39,37,6883,1236,1267
T086,anika,rag2026-40,37,7113,1300,1320
T086,anika,rag2026-41,46,6554,1273,1295
T086,anika,rag2026-42,30,7041,1390,1456
T086,anika,rag2026-43,40,7373,1292,1295
T086,anika,rag2026-44,41,7240,1341,1353
T086,anika,rag2026-45,43,7167,1304,1321
T086,anika,rag2026-46,37,6047,1142,1145
T086,anika,rag2026-47,35,7243,1263,1270
T086,anika,rag2026-48,37,7072,1314,1342
T086,anika,rag2026-49,40,6780,1327,1442
T086,anika,rag2026-50,38,7043,1319,1331
T086,anika,rag2026-51,41,5832,1099,1122
T086,anika,rag2026-52,49,6100,1255,1304
T086,anika,rag2026-53,33,5327,1055,1104
T086,anika,rag2026-54,37,6693,1280,1318
T086,anika,rag2026-55,26,5478,934,944
T086,anika,rag2026-56,40,6745,1276,1330
T086,anika,rag2026-57,43,7056,1289,1302
T086,anika,rag2026-58,48,5821,1250,1249
T086,anika,rag2026-59,40,6765,1287,1302
T086,anika,rag2026-60,40,6811,1417,1524
T086,anika,rag2026-61,42,6662,1339,1446
T086,anika,rag2026-62,41,4778,1054,1078
T086,anika,rag2026-63,45,6060,1305,1319
T086,anika,rag2026-64,41,7187,1279,1315
T086,anika,rag2026-65,43,7544,1368,1391
T086,anika,rag2026-66,44,7039,1305,1335
T086,anika,rag2026-67,34,6687,1253,1285
T086,anika,rag2026-68,38,7488,1386,1412
T086,anika,rag2026-69,46,7560,1335,1377
T086,anika,rag2026-70,48,6769,1373,1393
T086,anika,rag2026-71,43,6774,1263,1280
T086,anika,rag2026-72,42,6554,1493,1593
T086,anika,rag2026-73,36,7057,1375,1428
T086,anika,rag2026-74,31,5135,955,979
T086,anika,rag2026-75,39,6882,1270,1277
T086,anika,rag2026-76,41,6265,1200,1229
T086,anika,rag2026-77,40,7555,1379,1422
T086,anika,rag2026-78,39,6612,1194,1193
T086,anika,rag2026-79,37,6562,1258,1329
T086,anika,rag2026-80,45,6859,1298,1308
T086,anika,rag2026-81,43,6466,1283,1325
T086,anika,rag2026-82,34,5981,1199,1228
T086,anika,rag2026-83,40,6978,1302,1330
T086,anika,rag2026-84,39,6810,1374,1379
T086,anika,rag2026-85,39,7273,1328,1379
T086,anika,rag2026-86,41,7179,1363,1387
T086,anika,rag2026-87,39,7100,1311,1308
T086,anika,rag2026-88,39,6581,1191,1218
T086,anika,rag2026-89,30,5818,1030,1040
T086,anika,rag2026-90,37,6846,1341,1417
T086,anika,rag2026-91,46,5413,1281,1299
T086,anika,rag2026-92,44,6821,1276,1285
T086,anika,rag2026-93,38,6408,1236,1262
T086,anika,rag2026-94,33,6608,1269,1319
T086,anika,rag2026-95,45,7210,1387,1440
T086,anika,rag2026-96,36,6982,1313,1367
T086,anika,rag2026-97,35,6886,1282,1326
T086,anika,rag2026-98,41,6458,1239,1250
T086,anika,rag2026-99,32,6880,1278,1303
T086,anika,rag2026-100,42,7107,1221,1234
T086,anika,rag2026-101,44,6860,1330,1353
T086,anika,rag2026-102,36,6765,1358,1435
T086,anika,rag2026-103,39,6999,1310,1323
T086,anika,rag2026-104,34,6875,1325,1385
T086,anika,rag2026-105,32,6830,1276,1279
T086,anika,rag2026-106,35,6387,1319,1323
T086,anika,rag2026-107,33,6373,1244,1298
T086,anika,rag2026-108,39,7244,1293,1324
T086,anika,rag2026-109,37,7213,1384,1402
T086,anika,rag2026-110,39,6745,1397,1454
T086,anika,rag2026-111,36,6891,1299,1372
T086,anika,rag2026-112,35,7324,1446,1477
T086,anika,rag2026-113,38,6349,1179,1191
T086,anika,rag2026-114,38,6848,1237,1245
T086,anika,rag2026-115,43,6682,1487,1551
T086,anika,rag2026-116,38,7017,1319,1362
T086,anika,rag2026-117,35,6387,1191,1219
T086,anika,rag2026-118,42,7086,1315,1365
T907,annie,rag2026-0,3,678,105,106
T907,annie,rag2026-1,3,610,118,118
T907,annie,rag2026-2,3,365,75,81
T907,annie,rag2026-3,3,402,71,74
T907,annie,rag2026-4,3,205,37,40
T907,annie,rag2026-5,3,328,66,67
T907,annie,rag2026-6,3,396,71,76
T907,annie,rag2026-7,3,373,57,59
T907,annie,rag2026-8,3,321,52,54
T907,annie,rag2026-9,2,359,60,60
T907,annie,rag2026-10,3,567,104,104
T907,annie,rag2026-11,3,317,58,61
T907,annie,rag2026-12,3,391,79,85
T907,annie,rag2026-13,3,521,90,94
T907,annie,rag2026-14,3,419,87,91
T907,annie,rag2026-15,3,453,105,113
T907,annie,rag2026-16,3,631,113,117
T907,annie,rag2026-17,3,352,59,59
T907,annie,rag2026-18,3,324,56,56
T907,annie,rag2026-19,3,419,85,89
T907,annie,rag2026-20,3,590,93,92
T907,annie,rag2026-21,3,245,61,63
T907,annie,rag2026-22,3,593,111,111
T907,annie,rag2026-23,3,510,89,88
T907,annie,rag2026-24,3,191,56,65
T907,annie,rag2026-25,3,228,46,49
T907,annie,rag2026-26,3,421,77,79
T907,annie,rag2026-27,3,390,94,98
T907,annie,rag2026-28,3,423,66,66
T907,annie,rag2026-29,3,447,73,77
T907,annie,rag2026-30,3,360,54,56
T907,annie,rag2026-31,3,659,121,123
T907,annie,rag2026-32,3,293,58,58
T907,annie,rag2026-33,3,403,84,85
T907,annie,rag2026-34,3,444,91,96
T907,annie,rag2026-35,3,416,70,75
T907,annie,rag2026-36,3,422,76,78
T907,annie,rag2026-37,3,294,58,58
T907,annie,rag2026-38,3,598,107,109
T907,annie,rag2026-39,3,260,53,55
T907,annie,rag2026-40,3,468,79,80
T907,annie,rag2026-41,1,199,34,35
T907,annie,rag2026-42,3,590,105,106
T907,annie,rag2026-43,3,598,101,102
T907,annie,rag2026-44,3,434,82,83
T907,annie,rag2026-45,3,586,98,100
T907,annie,rag2026-46,3,418,70,73
T907,annie,rag2026-47,3,402,72,72
T907,annie,rag2026-48,3,385,74,78
T907,annie,rag2026-49,3,512,96,98
T907,annie,rag2026-50,3,259,55,63
T907,annie,rag2026-51,3,426,81,82
T907,annie,rag2026-52,3,567,115,121
T907,annie,rag2026-53,2,151,32,31
T907,annie,rag2026-54,3,527,83,86
T907,annie,rag2026-55,3,531,89,91
T907,annie,rag2026-56,3,496,94,96
T907,annie,rag2026-57,3,395,71,71
T907,annie,rag2026-58,3,226,49,49
T907,annie,rag2026-59,3,398,68,70
T907,annie,rag2026-60,3,428,87,91
T907,annie,rag2026-61,2,224,43,43
T907,annie,rag2026-62,3,361,65,68
T907,annie,rag2026-63,3,385,73,74
T907,annie,rag2026-64,3,278,55,57
T907,annie,rag2026-65,3,417,68,69
T907,annie,rag2026-66,3,501,105,106
T907,annie,rag2026-67,3,240,56,65
T907,annie,rag2026-68,3,532,82,82
T907,annie,rag2026-69,3,415,60,61
T907,annie,rag2026-70,3,420,83,87
T907,annie,rag2026-71,3,447,80,81
T907,annie,rag2026-72,3,258,53,55
T907,annie,rag2026-73,3,384,66,67
T907,annie,rag2026-74,3,418,65,65
T907,annie,rag2026-75,3,544,84,84
T907,annie,rag2026-76,1,94,18,18
T907,annie,rag2026-77,3,447,72,72
T907,annie,rag2026-78,3,376,64,66
T907,annie,rag2026-79,3,435,79,81
T907,annie,rag2026-80,2,377,73,75
T907,annie,rag2026-81,3,591,112,114
T907,annie,rag2026-82,3,381,68,68
T907,annie,rag2026-83,3,430,77,78
T907,annie,rag2026-84,3,524,95,94
T907,annie,rag2026-85,3,262,51,53
T907,annie,rag2026-86,3,364,59,60
T907,annie,rag2026-87,3,423,74,73
T907,annie,rag2026-88,3,383,74,75
T907,annie,rag2026-89,3,513,83,83
T907,annie,rag2026-90,3,433,82,86
T907,annie,rag2026-91,3,546,102,102
T907,annie,rag2026-92,3,402,65,65
T907,annie,rag2026-93,3,534,98,98
T907,annie,rag2026-94,3,454,72,72
T907,annie,rag2026-95,3,285,47,47
T907,annie,rag2026-96,3,282,59,63
T907,annie,rag2026-97,3,359,61,64
T907,annie,rag2026-98,3,447,87,87
T907,annie,rag2026-99,3,530,102,107
T907,annie,rag2026-100,3,559,99,99
T907,annie,rag2026-101,3,265,50,52
T907,annie,rag2026-102,3,444,87,84
T907,annie,rag2026-103,3,484,83,83
T907,annie,rag2026-104,3,392,82,86
T907,annie,rag2026-105,3,513,95,96
T907,annie,rag2026-106,3,424,80,81
T907,annie,rag2026-107,3,405,77,82
T907,annie,rag2026-108,3,364,63,64
T907,annie,rag2026-109,3,283,53,53
T907,annie,rag2026-110,3,345,80,88
T907,annie,rag2026-111,3,439,90,96
T907,annie,rag2026-112,3,446,78,78
T907,annie,rag2026-113,3,356,70,71
T907,annie,rag2026-114,3,253,47,48
T907,annie,rag2026-115,2,133,29,29
T907,annie,rag2026-116,3,431,71,72
T907,annie,rag2026-117,3,283,51,51
T907,annie,rag2026-118,3,383,73,75
T448,april,rag2026-0,47,6014,1042,1064
T448,april,rag2026-1,44,5682,1045,1058
T448,april,rag2026-2,55,7433,1229,1231
T448,april,rag2026-3,50,6332,1166,1209
T448,april,rag2026-4,50,6392,1124,1141
T448,april,rag2026-5,49,6573,1268,1296
T448,april,rag2026-6,49,6343,1085,1144
T448,april,rag2026-7,51,7993,1360,1384
T448,april,rag2026-8,49,7701,1346,1365
T448,april,rag2026-9,45,5457,1017,1072
T448,april,rag2026-10,51,6709,1239,1276
T448,april,rag2026-11,55,7112,1204,1223
T448,april,rag2026-12,48,5631,1154,1201
T448,april,rag2026-13,56,6882,1338,1370
T448,april,rag2026-14,51,6622,1123,1148
T448,april,rag2026-15,55,7845,1341,1381
T448,april,rag2026-16,59,7480,1485,1528
T448,april,rag2026-17,46,6650,1180,1203
T448,april,rag2026-18,53,6977,1266,1291
T448,april,rag2026-19,45,6022,1130,1197
T448,april,rag2026-20,49,5812,1015,1032
T448,april,rag2026-21,52,5996,1114,1150
T448,april,rag2026-22,46,5811,963,976
T448,april,rag2026-23,47,6126,1063,1061
T448,april,rag2026-24,51,6657,1241,1284
T448,april,rag2026-25,46,5309,984,1001
T448,april,rag2026-26,56,6988,1208,1254
T448,april,rag2026-27,53,6920,1615,1651
T448,april,rag2026-28,54,7116,1322,1332
T448,april,rag2026-29,53,7192,1237,1267
T448,april,rag2026-30,56,7391,1367,1386
T448,april,rag2026-31,37,4213,864,870
T448,april,rag2026-32,48,6264,1050,1083
T448,april,rag2026-33,62,7386,1285,1300
T448,april,rag2026-34,57,7177,1349,1401
T448,april,rag2026-35,43,5575,1005,1028
T448,april,rag2026-36,47,6445,1144,1145
T448,april,rag2026-37,45,6737,1202,1229
T448,april,rag2026-38,57,7229,1338,1369
T448,april,rag2026-39,54,6884,1114,1131
T448,april,rag2026-40,65,7783,1343,1369
T448,april,rag2026-41,49,5650,1039,1048
T448,april,rag2026-42,49,5939,1165,1219
T448,april,rag2026-43,52,6901,1155,1154
T448,april,rag2026-44,49,6842,1281,1300
T448,april,rag2026-45,59,7520,1325,1349
T448,april,rag2026-46,40,6240,1161,1174
T448,april,rag2026-47,52,7749,1289,1299
T448,april,rag2026-48,46,6183,1081,1083
T448,april,rag2026-49,53,7065,1256,1293
T448,april,rag2026-50,52,6586,1188,1210
T448,april,rag2026-51,49,5606,1029,1037
T448,april,rag2026-52,39,5037,1016,1066
T448,april,rag2026-53,53,6790,1373,1417
T448,april,rag2026-54,42,5722,1020,1026
T448,april,rag2026-55,50,6211,1031,1036
T448,april,rag2026-56,51,7343,1316,1363
T448,april,rag2026-57,45,6423,1132,1141
T448,april,rag2026-58,43,6080,1316,1312
T448,april,rag2026-59,47,6173,1143,1160
T448,april,rag2026-60,58,7468,1375,1436
T448,april,rag2026-61,54,7050,1191,1205
T448,april,rag2026-62,49,6201,1147,1162
T448,april,rag2026-63,56,7063,1216,1211
T448,april,rag2026-64,61,7698,1323,1351
T448,april,rag2026-65,47,6712,1170,1185
T448,april,rag2026-66,48,7404,1291,1315
T448,april,rag2026-67,57,7379,1342,1387
T448,april,rag2026-68,57,7609,1378,1393
T448,april,rag2026-69,49,7157,1159,1169
T448,april,rag2026-70,52,7116,1310,1306
T448,april,rag2026-71,53,7581,1262,1251
T448,april,rag2026-72,57,7752,1377,1396
T448,april,rag2026-73,53,7357,1302,1318
T448,april,rag2026-74,48,6325,1101,1112
T448,april,rag2026-75,44,5958,1100,1100
T448,april,rag2026-76,46,5952,1147,1181
T448,april,rag2026-77,54,7350,1361,1383
T448,april,rag2026-78,46,6224,1181,1203
T448,april,rag2026-79,49,5948,1010,1026
T448,april,rag2026-80,43,4975,940,943
T448,april,rag2026-81,59,6655,1251,1308
T448,april,rag2026-82,51,6419,1205,1219
T448,april,rag2026-83,61,7281,1284,1305
T448,april,rag2026-84,50,6365,1093,1066
T448,april,rag2026-85,55,7394,1318,1361
T448,april,rag2026-86,35,4530,826,853
T448,april,rag2026-87,50,7741,1346,1354
T448,april,rag2026-88,57,8078,1415,1434
T448,april,rag2026-89,56,6555,1129,1148
T448,april,rag2026-90,50,7057,1338,1380
T448,april,rag2026-91,45,5650,1129,1150
T448,april,rag2026-92,46,6698,1151,1121
T448,april,rag2026-93,58,6983,1292,1309
T448,april,rag2026-94,56,7653,1251,1293
T448,april,rag2026-95,46,7733,1304,1311
T448,april,rag2026-96,51,6643,1168,1201
T448,april,rag2026-97,50,5708,955,985
T448,april,rag2026-98,45,5703,1076,1081
T448,april,rag2026-99,55,7011,1344,1365
T448,april,rag2026-100,57,7358,1308,1320
T448,april,rag2026-101,55,7659,1384,1424
T448,april,rag2026-102,51,6862,1277,1356
T448,april,rag2026-103,53,7691,1381,1412
T448,april,rag2026-104,50,7103,1308,1331
T448,april,rag2026-105,52,6141,1085,1105
T448,april,rag2026-106,73,7618,1365,1384
T448,april,rag2026-107,39,4523,832,880
T448,april,rag2026-108,61,7953,1353,1424
T448,april,rag2026-109,53,7878,1429,1453
T448,april,rag2026-110,42,5667,1140,1162
T448,april,rag2026-111,51,7278,1364,1422
T448,april,rag2026-112,59,7862,1369,1392
T448,april,rag2026-113,59,7389,1302,1308
T448,april,rag2026-114,48,5464,901,904
T448,april,rag2026-115,42,5586,1217,1246
T448,april,rag2026-116,55,6700,1171,1198
T448,april,rag2026-117,42,6836,1257,1277
T448,april,rag2026-118,59,7174,1281,1335
T569,ari,rag2026-0,37,5423,998,1036
T569,ari,rag2026-1,22,2923,594,612
T569,ari,rag2026-2,22,3859,702,711
T569,ari,rag2026-3,12,1889,373,385
T569,ari,rag2026-4,24,3747,698,713
T569,ari,rag2026-5,21,3116,646,688
T569,ari,rag2026-6,28,3263,761,870
T569,ari,rag2026-7,19,3841,720,736
T569,ari,rag2026-8,24,4250,785,809
T569,ari,rag2026-9,14,1979,445,487
T569,ari,rag2026-10,16,3072,620,654
T569,ari,rag2026-11,15,2521,478,502
T569,ari,rag2026-12,38,5167,1174,1333
T569,ari,rag2026-13,19,3009,546,565
T569,ari,rag2026-14,23,3832,680,695
T569,ari,rag2026-15,17,3141,580,609
T569,ari,rag2026-16,20,3843,723,747
T569,ari,rag2026-17,21,3372,609,616
T569,ari,rag2026-18,14,1917,361,369
T569,ari,rag2026-19,22,3595,774,827
T569,ari,rag2026-20,25,2980,570,581
T569,ari,rag2026-21,13,1951,371,382
T569,ari,rag2026-22,14,2086,398,410
T569,ari,rag2026-23,9,1568,314,325
T569,ari,rag2026-24,14,2001,421,440
T569,ari,rag2026-25,11,1571,298,308
T569,ari,rag2026-26,20,3371,616,634
T569,ari,rag2026-27,16,2139,508,517
T569,ari,rag2026-28,23,3062,574,583
T569,ari,rag2026-29,14,2065,418,439
T569,ari,rag2026-30,34,4335,808,839
T569,ari,rag2026-31,14,1950,390,394
T569,ari,rag2026-32,22,3217,601,629
T569,ari,rag2026-33,20,3147,567,573
T569,ari,rag2026-34,20,2692,545,575
T569,ari,rag2026-35,22,3500,677,715
T569,ari,rag2026-36,18,2317,452,461
T569,ari,rag2026-37,20,3221,624,647
T569,ari,rag2026-38,19,3004,536,553
T569,ari,rag2026-39,21,3447,554,564
T569,ari,rag2026-40,36,5242,933,944
T569,ari,rag2026-41,20,2959,551,567
T569,ari,rag2026-42,10,1646,314,324
T569,ari,rag2026-43,13,1745,320,323
T569,ari,rag2026-44,14,1713,337,344
T569,ari,rag2026-45,14,1991,369,380
T569,ari,rag2026-46,16,2173,384,392
T569,ari,rag2026-47,15,3707,661,661
T569,ari,rag2026-48,8,1331,264,274
T569,ari,rag2026-49,16,2191,438,451
T569,ari,rag2026-50,11,1529,299,322
T569,ari,rag2026-51,15,1953,388,411
T569,ari,rag2026-52,18,2054,403,417
T569,ari,rag2026-53,13,1088,226,231
T569,ari,rag2026-54,15,2456,491,523
T569,ari,rag2026-55,12,2447,442,461
T569,ari,rag2026-56,26,4365,843,896
T569,ari,rag2026-57,18,2653,481,495
T569,ari,rag2026-58,22,2611,540,538
T569,ari,rag2026-59,16,2075,349,355
T569,ari,rag2026-60,18,1926,455,501
T569,ari,rag2026-61,29,3885,790,848
T569,ari,rag2026-62,17,2202,424,428
T569,ari,rag2026-63,20,2836,663,665
T569,ari,rag2026-64,15,1732,331,343
T569,ari,rag2026-65,21,4052,735,751
T569,ari,rag2026-66,23,3219,634,666
T569,ari,rag2026-67,15,2148,422,444
T569,ari,rag2026-68,18,2567,484,500
T569,ari,rag2026-69,14,2186,417,440
T569,ari,rag2026-70,16,1913,483,536
T569,ari,rag2026-71,24,3078,534,541
T569,ari,rag2026-72,26,3640,843,871
T569,ari,rag2026-73,24,3277,627,647
T569,ari,rag2026-74,17,3476,737,769
T569,ari,rag2026-75,18,2841,543,576
T569,ari,rag2026-76,12,1993,406,424
T569,ari,rag2026-77,13,1930,398,437
T569,ari,rag2026-78,23,2379,507,537
T569,ari,rag2026-79,19,3592,702,728
T569,ari,rag2026-80,15,2663,504,505
T569,ari,rag2026-81,12,1862,383,396
T569,ari,rag2026-82,8,1089,222,245
T569,ari,rag2026-83,13,2272,420,424
T569,ari,rag2026-84,18,3040,630,620
T569,ari,rag2026-85,24,4199,758,774
T569,ari,rag2026-86,12,1325,258,270
T569,ari,rag2026-87,25,4588,874,888
T569,ari,rag2026-88,18,2904,552,560
T569,ari,rag2026-89,17,2295,425,428
T569,ari,rag2026-90,19,2635,525,578
T569,ari,rag2026-91,9,1456,362,377
T569,ari,rag2026-92,14,1534,289,285
T569,ari,rag2026-93,21,2549,516,539
T569,ari,rag2026-94,20,3175,580,605
T569,ari,rag2026-95,18,2992,561,593
T569,ari,rag2026-96,16,2393,441,457
T569,ari,rag2026-97,13,2312,460,487
T569,ari,rag2026-98,22,3028,545,551
T569,ari,rag2026-99,29,5129,1000,1065
T569,ari,rag2026-100,17,2821,489,490
T569,ari,rag2026-101,16,2077,400,421
T569,ari,rag2026-102,13,2166,414,440
T569,ari,rag2026-103,12,1668,365,398
T569,ari,rag2026-104,26,3156,598,610
T569,ari,rag2026-105,21,3824,683,693
T569,ari,rag2026-106,12,1591,336,341
T569,ari,rag2026-107,8,876,195,206
T569,ari,rag2026-108,13,1968,363,382
T569,ari,rag2026-109,22,4026,796,820
T569,ari,rag2026-110,13,1614,367,395
T569,ari,rag2026-111,17,2363,497,538
T569,ari,rag2026-112,15,2724,522,539
T569,ari,rag2026-113,11,1644,292,297
T569,ari,rag2026-114,18,1928,361,369
T569,ari,rag2026-115,43,5417,1496,1678
T569,ari,rag2026-116,29,4182,803,842
T569,ari,rag2026-117,23,3234,622,630
T569,ari,rag2026-118,20,2094,428,443
T569,ariel,rag2026-0,25,7094,1145,1150
T569,ariel,rag2026-1,19,4716,863,882
T569,ariel,rag2026-2,19,6173,984,989
T569,ariel,rag2026-3,25,6275,1225,1298
T569,ariel,rag2026-4,21,4616,825,832
T569,ariel,rag2026-5,15,5641,1063,1091
T569,ariel,rag2026-6,18,7154,1363,1478
T569,ariel,rag2026-7,23,6915,1177,1188
T569,ariel,rag2026-8,23,5995,1036,1066
T569,ariel,rag2026-9,22,5975,1091,1148
T569,ariel,rag2026-10,21,6192,1127,1168
T569,ariel,rag2026-11,23,6963,1200,1258
T569,ariel,rag2026-12,24,6560,1290,1372
T569,ariel,rag2026-13,19,5781,994,1011
T569,ariel,rag2026-14,21,6435,1110,1131
T569,ariel,rag2026-15,24,7151,1213,1231
T569,ariel,rag2026-16,22,6497,1155,1166
T569,ariel,rag2026-17,19,6096,1058,1079
T569,ariel,rag2026-18,23,6746,1266,1312
T569,ariel,rag2026-19,23,6782,1195,1248
T569,ariel,rag2026-20,21,5006,912,918
T569,ariel,rag2026-21,20,5612,1032,1057
T569,ariel,rag2026-22,26,7429,1134,1144
T569,ariel,rag2026-23,18,6532,1116,1144
T569,ariel,rag2026-24,17,5532,1006,1035
T569,ariel,rag2026-25,16,4537,809,820
T569,ariel,rag2026-26,19,7649,1235,1255
T569,ariel,rag2026-27,20,5778,1190,1231
T569,ariel,rag2026-28,27,6136,1186,1209
T569,ariel,rag2026-29,21,7096,1303,1355
T569,ariel,rag2026-30,17,6102,1095,1108
T569,ariel,rag2026-31,18,5509,961,965
T569,ariel,rag2026-32,20,6593,1153,1205
T569,ariel,rag2026-33,25,6636,1146,1149
T569,ariel,rag2026-34,18,5255,943,969
T569,ariel,rag2026-35,16,6015,1009,1020
T569,ariel,rag2026-36,19,6627,1498,1646
T569,ariel,rag2026-37,20,6825,1212,1264
T569,ariel,rag2026-38,31,7835,1351,1403
T569,ariel,rag2026-39,17,5407,913,919
T569,ariel,rag2026-40,27,7102,1183,1196
T569,ariel,rag2026-41,13,3995,772,789
T569,ariel,rag2026-42,22,6496,1184,1223
T569,ariel,rag2026-43,21,6260,1042,1061
T569,ariel,rag2026-44,31,6280,1140,1144
T569,ariel,rag2026-45,19,6641,1162,1185
T569,ariel,rag2026-46,24,6219,1112,1124
T569,ariel,rag2026-47,15,5365,891,899
T569,ariel,rag2026-48,17,5554,936,947
T569,ariel,rag2026-49,23,7057,1228,1265
T569,ariel,rag2026-50,19,5562,980,1002
T569,ariel,rag2026-51,17,6428,1112,1122
T569,ariel,rag2026-52,28,6871,1385,1445
T569,ariel,rag2026-53,17,5233,1145,1246
T569,ariel,rag2026-54,16,5283,885,898
T569,ariel,rag2026-55,18,6229,1020,1035
T569,ariel,rag2026-56,23,6553,1138,1171
T569,ariel,rag2026-57,22,7039,1243,1274
T569,ariel,rag2026-58,25,4410,884,881
T569,ariel,rag2026-59,20,5791,1026,1061
T569,ariel,rag2026-60,43,7045,1291,1381
T569,ariel,rag2026-61,20,5988,1100,1145
T569,ariel,rag2026-62,46,6493,1281,1271
T569,ariel,rag2026-63,29,5082,1163,1163
T569,ariel,rag2026-64,24,6922,1111,1115
T569,ariel,rag2026-65,27,7206,1237,1263
T569,ariel,rag2026-66,22,6707,1201,1229
T569,ariel,rag2026-67,19,4926,876,917
T569,ariel,rag2026-68,21,5939,1011,1028
T569,ariel,rag2026-69,20,6201,1079,1135
T569,ariel,rag2026-70,21,6804,1241,1240
T569,ariel,rag2026-71,23,6734,1142,1149
T569,ariel,rag2026-72,22,5669,1388,1320
T569,ariel,rag2026-73,22,6364,1087,1098
T569,ariel,rag2026-74,28,7156,1280,1305
T569,ariel,rag2026-75,19,6024,977,985
T569,ariel,rag2026-76,22,6039,1049,1080
T569,ariel,rag2026-77,21,6226,1065,1092
T569,ariel,rag2026-78,24,6304,1083,1101
T569,ariel,rag2026-79,20,5093,869,882
T569,ariel,rag2026-80,22,5318,952,951
T569,ariel,rag2026-81,25,5828,1077,1114
T569,ariel,rag2026-82,26,7120,1224,1255
T569,ariel,rag2026-83,28,7737,1289,1282
T569,ariel,rag2026-84,21,4581,844,827
T569,ariel,rag2026-85,17,5481,908,918
T569,ariel,rag2026-86,24,6751,1204,1254
T569,ariel,rag2026-87,20,6911,1206,1199
T569,ariel,rag2026-88,22,6396,1139,1165
T569,ariel,rag2026-89,20,6806,1133,1142
T569,ariel,rag2026-90,24,6527,1181,1245
T569,ariel,rag2026-91,31,5121,1180,1190
T569,ariel,rag2026-92,30,5867,1030,1031
T569,ariel,rag2026-93,21,6152,1127,1160
T569,ariel,rag2026-94,21,5078,880,906
T569,ariel,rag2026-95,21,5720,996,1012
T569,ariel,rag2026-96,23,6372,1154,1211
T569,ariel,rag2026-97,24,7422,1281,1349
T569,ariel,rag2026-98,22,4463,854,857
T569,ariel,rag2026-99,24,7486,1317,1340
T569,ariel,rag2026-100,23,6356,1098,1115
T569,ariel,rag2026-101,19,5918,1097,1121
T569,ariel,rag2026-102,30,7033,1296,1392
T569,ariel,rag2026-103,19,6362,1046,1053
T569,ariel,rag2026-104,17,5087,893,906
T569,ariel,rag2026-105,22,6270,1126,1124
T569,ariel,rag2026-106,23,6543,1173,1188
T569,ariel,rag2026-107,20,5217,946,965
T569,ariel,rag2026-108,19,5667,959,998
T569,ariel,rag2026-109,23,7481,1262,1287
T569,ariel,rag2026-110,22,6732,1371,1445
T569,ariel,rag2026-111,25,5778,1182,1290
T569,ariel,rag2026-112,17,5500,980,991
T569,ariel,rag2026-113,30,6825,1199,1226
T569,ariel,rag2026-114,20,6006,1007,1011
T569,ariel,rag2026-115,28,6029,1316,1383
T569,ariel,rag2026-116,22,7416,1291,1354
T569,ariel,rag2026-117,20,5266,950,961
T569,ariel,rag2026-118,25,6946,1315,1379
T410,arlen,rag2026-0,19,5075,816,824
T410,arlen,rag2026-1,19,4682,824,837
T410,arlen,rag2026-2,21,5893,980,997
T410,arlen,rag2026-3,22,5033,893,933
T410,arlen,rag2026-4,20,4551,781,787
T410,arlen,rag2026-5,23,4955,879,898
T410,arlen,rag2026-6,30,7454,1259,1306
T410,arlen,rag2026-7,22,5445,906,908
T410,arlen,rag2026-8,17,4762,800,814
T410,arlen,rag2026-9,21,5013,922,957
T410,arlen,rag2026-10,20,4910,883,917
T410,arlen,rag2026-11,23,6300,1031,1058
T410,arlen,rag2026-12,30,6846,1332,1398
T410,arlen,rag2026-13,24,6009,989,1002
T410,arlen,rag2026-14,21,5023,818,832
T410,arlen,rag2026-15,21,5271,890,912
T410,arlen,rag2026-16,24,5638,924,943
T410,arlen,rag2026-17,18,4650,789,807
T410,arlen,rag2026-18,20,4804,890,898
T410,arlen,rag2026-19,19,5243,954,997
T410,arlen,rag2026-20,20,4047,734,739
T410,arlen,rag2026-21,16,4089,760,790
T410,arlen,rag2026-22,22,5302,837,839
T410,arlen,rag2026-23,16,4774,773,771
T410,arlen,rag2026-24,19,4659,836,870
T410,arlen,rag2026-25,14,3199,532,527
T410,arlen,rag2026-26,28,7628,1210,1219
T410,arlen,rag2026-27,19,5493,1097,1135
T410,arlen,rag2026-28,33,6612,1231,1242
T410,arlen,rag2026-29,24,6003,1045,1085
T410,arlen,rag2026-30,32,6595,1153,1166
T410,arlen,rag2026-31,22,4756,819,822
T410,arlen,rag2026-32,23,4998,869,903
T410,arlen,rag2026-33,26,5296,891,896
T410,arlen,rag2026-34,17,4324,734,753
T410,arlen,rag2026-35,19,5646,991,1029
T410,arlen,rag2026-36,22,6031,1043,1050
T410,arlen,rag2026-37,18,5366,930,958
T410,arlen,rag2026-38,31,6770,1136,1150
T410,arlen,rag2026-39,19,5358,858,870
T410,arlen,rag2026-40,22,5120,838,848
T410,arlen,rag2026-41,17,3929,694,698
T410,arlen,rag2026-42,18,5518,974,1006
T410,arlen,rag2026-43,19,5259,844,848
T410,arlen,rag2026-44,25,5891,1046,1051
T410,arlen,rag2026-45,19,5293,913,923
T410,arlen,rag2026-46,16,4122,694,702
T410,arlen,rag2026-47,17,4744,769,770
T410,arlen,rag2026-48,16,4424,755,776
T410,arlen,rag2026-49,29,6384,1078,1101
T410,arlen,rag2026-50,20,4765,810,820
T410,arlen,rag2026-51,25,5545,963,974
T410,arlen,rag2026-52,26,5431,1010,1033
T410,arlen,rag2026-53,26,5328,986,1003
T410,arlen,rag2026-54,18,5121,872,887
T410,arlen,rag2026-55,20,5200,851,854
T410,arlen,rag2026-56,20,5379,966,993
T410,arlen,rag2026-57,23,5142,871,893
T410,arlen,rag2026-58,15,2795,566,565
T410,arlen,rag2026-59,15,4038,699,714
T410,arlen,rag2026-60,36,6210,1071,1116
T410,arlen,rag2026-61,19,4725,794,796
T410,arlen,rag2026-62,31,5953,1098,1128
T410,arlen,rag2026-63,27,4685,881,878
T410,arlen,rag2026-64,19,5359,861,874
T410,arlen,rag2026-65,21,5688,949,956
T410,arlen,rag2026-66,25,5731,960,973
T410,arlen,rag2026-67,17,4439,783,808
T410,arlen,rag2026-68,20,5547,907,917
T410,arlen,rag2026-69,25,7470,1170,1190
T410,arlen,rag2026-70,19,4781,845,852
T410,arlen,rag2026-71,24,5420,903,900
T410,arlen,rag2026-72,30,5466,1060,1063
T410,arlen,rag2026-73,16,4044,705,716
T410,arlen,rag2026-74,25,5947,1023,1041
T410,arlen,rag2026-75,21,4902,816,827
T410,arlen,rag2026-76,18,4416,794,806
T410,arlen,rag2026-77,35,8099,1378,1402
T410,arlen,rag2026-78,26,5904,1040,1068
T410,arlen,rag2026-79,15,4343,733,737
T410,arlen,rag2026-80,17,4071,737,742
T410,arlen,rag2026-81,18,4320,762,799
T410,arlen,rag2026-82,16,4132,663,668
T410,arlen,rag2026-83,21,5837,988,1002
T410,arlen,rag2026-84,20,3916,670,656
T410,arlen,rag2026-85,19,5164,875,886
T410,arlen,rag2026-86,31,6579,1155,1172
T410,arlen,rag2026-87,28,6975,1181,1183
T410,arlen,rag2026-88,22,5033,885,908
T410,arlen,rag2026-89,19,5211,896,925
T410,arlen,rag2026-90,21,5183,909,944
T410,arlen,rag2026-91,25,3738,839,843
T410,arlen,rag2026-92,22,4962,849,841
T410,arlen,rag2026-93,20,4600,837,855
T410,arlen,rag2026-94,19,4812,794,813
T410,arlen,rag2026-95,19,5783,983,999
T410,arlen,rag2026-96,19,4721,820,840
T410,arlen,rag2026-97,20,5388,896,916
T410,arlen,rag2026-98,23,3916,709,728
T410,arlen,rag2026-99,21,4941,881,898
T410,arlen,rag2026-100,20,5434,912,914
T410,arlen,rag2026-101,17,4510,768,779
T410,arlen,rag2026-102,24,6657,1188,1250
T410,arlen,rag2026-103,18,4633,773,789
T410,arlen,rag2026-104,20,4629,803,817
T410,arlen,rag2026-105,20,4684,793,795
T410,arlen,rag2026-106,22,4294,763,771
T410,arlen,rag2026-107,14,3053,531,545
T410,arlen,rag2026-108,21,5358,882,910
T410,arlen,rag2026-109,22,5876,951,967
T410,arlen,rag2026-110,18,4413,824,856
T410,arlen,rag2026-111,20,4185,775,818
T410,arlen,rag2026-112,20,5040,880,886
T410,arlen,rag2026-113,25,5286,921,923
T410,arlen,rag2026-114,19,4863,837,844
T410,arlen,rag2026-115,20,4213,845,864
T410,arlen,rag2026-116,19,5414,928,947
T410,arlen,rag2026-117,18,3784,642,650
T410,arlen,rag2026-118,28,6336,1128,1168
T047,arlo,rag2026-0,28,4168,705,713
T047,arlo,rag2026-1,35,5275,934,946
T047,arlo,rag2026-10,43,5925,1088,1120
T047,arlo,rag2026-100,38,7092,1168,1182
T047,arlo,rag2026-101,29,3405,632,655
T047,arlo,rag2026-102,33,4342,801,826
T047,arlo,rag2026-103,41,5540,954,970
T047,arlo,rag2026-104,30,4963,878,901
T047,arlo,rag2026-105,34,4882,882,886
T047,arlo,rag2026-106,35,4500,812,817
T047,arlo,rag2026-107,32,4360,857,883
T047,arlo,rag2026-108,44,6292,1140,1168
T047,arlo,rag2026-109,43,7109,1237,1251
T047,arlo,rag2026-11,35,4896,866,892
T047,arlo,rag2026-110,45,6388,1318,1370
T047,arlo,rag2026-111,37,4612,872,960
T047,arlo,rag2026-112,44,6006,1046,1055
T047,arlo,rag2026-113,26,3638,670,672
T047,arlo,rag2026-114,36,4842,863,881
T047,arlo,rag2026-115,38,5026,1014,1056
T047,arlo,rag2026-116,32,4317,885,957
T047,arlo,rag2026-117,45,6658,1066,1078
T047,arlo,rag2026-118,33,5490,923,939
T047,arlo,rag2026-12,43,5605,1105,1165
T047,arlo,rag2026-13,36,4693,839,855
T047,arlo,rag2026-14,31,4738,795,812
T047,arlo,rag2026-15,14,2473,444,457
T047,arlo,rag2026-16,37,5678,928,957
T047,arlo,rag2026-17,17,2360,436,442
T047,arlo,rag2026-18,19,3235,525,530
T047,arlo,rag2026-19,15,2189,406,429
T047,arlo,rag2026-2,29,4171,739,753
T047,arlo,rag2026-20,35,6325,1055,1066
T047,arlo,rag2026-21,27,2667,525,536
T047,arlo,rag2026-22,27,3645,627,636
T047,arlo,rag2026-23,40,6693,1088,1103
T047,arlo,rag2026-24,34,4049,924,969
T047,arlo,rag2026-25,27,3906,790,837
T047,arlo,rag2026-26,38,6600,1152,1182
T047,arlo,rag2026-27,29,4700,985,1003
T047,arlo,rag2026-28,35,5269,1010,1028
T047,arlo,rag2026-29,49,6668,1215,1266
T047,arlo,rag2026-3,40,5293,1043,1120
T047,arlo,rag2026-30,39,5850,952,968
T047,arlo,rag2026-31,46,6068,1102,1123
T047,arlo,rag2026-32,40,5637,1043,1097
T047,arlo,rag2026-33,34,4938,923,932
T047,arlo,rag2026-34,27,3805,665,676
T047,arlo,rag2026-35,29,4738,821,839
T047,arlo,rag2026-36,22,2813,542,550
T047,arlo,rag2026-37,41,5447,1021,1047
T047,arlo,rag2026-38,38,4994,916,950
T047,arlo,rag2026-39,13,1927,321,325
T047,arlo,rag2026-4,27,3926,701,735
T047,arlo,rag2026-40,23,4387,675,677
T047,arlo,rag2026-41,8,1204,197,201
T047,arlo,rag2026-42,41,6040,1055,1099
T047,arlo,rag2026-43,29,5194,891,900
T047,arlo,rag2026-44,41,6251,1178,1210
T047,arlo,rag2026-45,22,3120,581,592
T047,arlo,rag2026-46,35,5486,916,924
T047,arlo,rag2026-47,32,5395,901,908
T047,arlo,rag2026-48,44,6643,1189,1215
T047,arlo,rag2026-49,42,5033,912,946
T047,arlo,rag2026-5,26,3558,686,736
T047,arlo,rag2026-50,38,5484,1013,1027
T047,arlo,rag2026-51,43,6373,1109,1122
T047,arlo,rag2026-52,31,4404,899,946
T047,arlo,rag2026-53,26,3237,604,616
T047,arlo,rag2026-54,24,3050,548,567
T047,arlo,rag2026-55,40,6246,1095,1121
T047,arlo,rag2026-56,36,4596,861,898
T047,arlo,rag2026-57,43,5222,923,948
T047,arlo,rag2026-58,25,3034,617,622
T047,arlo,rag2026-59,24,4058,646,658
T047,arlo,rag2026-6,38,5498,948,984
T047,arlo,rag2026-60,36,4524,899,957
T047,arlo,rag2026-61,42,5008,891,911
T047,arlo,rag2026-62,20,3288,580,592
T047,arlo,rag2026-63,42,4971,854,858
T047,arlo,rag2026-64,50,7189,1177,1196
T047,arlo,rag2026-65,40,7070,1207,1225
T047,arlo,rag2026-66,36,5146,995,1021
T047,arlo,rag2026-67,21,2684,488,513
T047,arlo,rag2026-68,29,4917,858,867
T047,arlo,rag2026-69,19,2886,517,528
T047,arlo,rag2026-7,25,4704,805,822
T047,arlo,rag2026-70,29,4894,886,898
T047,arlo,rag2026-71,32,4843,851,860
T047,arlo,rag2026-72,42,7187,1329,1355
T047,arlo,rag2026-73,37,5605,982,1000
T047,arlo,rag2026-74,26,2491,512,536
T047,arlo,rag2026-75,43,6312,1105,1153
T047,arlo,rag2026-76,28,3172,628,662
T047,arlo,rag2026-77,25,3173,527,540
T047,arlo,rag2026-78,27,4837,796,802
T047,arlo,rag2026-79,12,2041,343,346
T047,arlo,rag2026-8,36,5147,941,973
T047,arlo,rag2026-80,21,3448,671,682
T047,arlo,rag2026-81,41,6116,1156,1179
T047,arlo,rag2026-82,7,1030,169,170
T047,arlo,rag2026-83,48,6052,1149,1185
T047,arlo,rag2026-84,11,1695,278,279
T047,arlo,rag2026-85,26,3940,729,753
T047,arlo,rag2026-86,30,4147,736,747
T047,arlo,rag2026-87,35,4629,849,860
T047,arlo,rag2026-88,29,3586,654,661
T047,arlo,rag2026-89,41,7138,1196,1225
T047,arlo,rag2026-9,34,4514,822,839
T047,arlo,rag2026-90,42,6138,1047,1068
T047,arlo,rag2026-91,10,1716,339,348
T047,arlo,rag2026-92,12,1562,284,291
T047,arlo,rag2026-93,33,3615,687,704
T047,arlo,rag2026-94,42,6711,1225,1260
T047,arlo,rag2026-95,41,7083,1218,1252
T047,arlo,rag2026-96,27,3440,600,626
T047,arlo,rag2026-97,47,6209,1166,1203
T047,arlo,rag2026-98,39,5218,900,903
T047,arlo,rag2026-99,32,5063,927,966
T768,aron,rag2026-0,15,2300,373,375
T768,aron,rag2026-1,14,1794,339,342
T768,aron,rag2026-2,13,2248,380,390
T768,aron,rag2026-3,15,1941,362,374
T768,aron,rag2026-4,15,1752,317,325
T768,aron,rag2026-5,14,2122,372,380
T768,aron,rag2026-6,15,2206,377,389
T768,aron,rag2026-7,15,2265,378,383
T768,aron,rag2026-8,15,2054,360,363
T768,aron,rag2026-9,15,2338,428,434
T768,aron,rag2026-10,11,1666,333,340
T768,aron,rag2026-11,15,2215,365,378
T768,aron,rag2026-12,15,2144,418,428
T768,aron,rag2026-13,15,2147,374,377
T768,aron,rag2026-14,15,2215,381,388
T768,aron,rag2026-15,11,1549,255,256
T768,aron,rag2026-16,15,2163,359,364
T768,aron,rag2026-17,13,1824,327,332
T768,aron,rag2026-18,15,2026,346,351
T768,aron,rag2026-19,15,2030,384,399
T768,aron,rag2026-20,15,2027,365,365
T768,aron,rag2026-21,15,2004,367,373
T768,aron,rag2026-22,15,2174,376,376
T768,aron,rag2026-23,15,2347,388,391
T768,aron,rag2026-24,15,2177,411,418
T768,aron,rag2026-25,15,2119,389,398
T768,aron,rag2026-26,15,2377,413,419
T768,aron,rag2026-27,15,2186,440,448
T768,aron,rag2026-28,15,2416,438,441
T768,aron,rag2026-29,15,2332,410,421
T768,aron,rag2026-30,15,2159,382,387
T768,aron,rag2026-31,15,2047,348,350
T768,aron,rag2026-32,15,2165,363,362
T768,aron,rag2026-33,15,2067,342,342
T768,aron,rag2026-34,15,2251,383,388
T768,aron,rag2026-35,15,2297,388,391
T768,aron,rag2026-36,15,2585,442,441
T768,aron,rag2026-37,15,2216,400,402
T768,aron,rag2026-38,15,2082,352,357
T768,aron,rag2026-39,14,2018,353,355
T768,aron,rag2026-40,15,2062,349,356
T768,aron,rag2026-41,15,1929,323,328
T768,aron,rag2026-42,15,2376,391,392
T768,aron,rag2026-43,15,2166,381,380
T768,aron,rag2026-44,12,1614,292,294
T768,aron,rag2026-45,15,2253,377,376
T768,aron,rag2026-46,15,2086,379,383
T768,aron,rag2026-47,15,2365,407,406
T768,aron,rag2026-48,15,2444,428,430
T768,aron,rag2026-49,15,2168,363,366
T768,aron,rag2026-50,15,2264,414,432
T768,aron,rag2026-51,15,2006,341,343
T768,aron,rag2026-52,15,1737,331,341
T768,aron,rag2026-53,15,2247,414,420
T768,aron,rag2026-54,15,2350,422,429
T768,aron,rag2026-55,15,2186,362,363
T768,aron,rag2026-56,15,2249,389,397
T768,aron,rag2026-57,15,2165,360,362
T768,aron,rag2026-58,15,1601,322,322
T768,aron,rag2026-59,15,2170,372,374
T768,aron,rag2026-60,15,1811,316,324
T768,aron,rag2026-61,15,2037,361,361
T768,aron,rag2026-62,14,1953,359,360
T768,aron,rag2026-63,15,1727,296,295
T768,aron,rag2026-64,15,2403,388,393
T768,aron,rag2026-65,15,2193,385,390
T768,aron,rag2026-66,15,2107,351,353
T768,aron,rag2026-67,15,2315,421,425
T768,aron,rag2026-68,15,2191,356,360
T768,aron,rag2026-69,15,2251,347,346
T768,aron,rag2026-70,15,2078,361,361
T768,aron,rag2026-71,15,2253,386,386
T768,aron,rag2026-72,15,2205,380,386
T768,aron,rag2026-73,15,2287,382,385
T768,aron,rag2026-74,14,2045,399,407
T768,aron,rag2026-75,15,2306,410,411
T768,aron,rag2026-76,15,2539,483,494
T768,aron,rag2026-77,15,2213,338,339
T768,aron,rag2026-78,15,2302,402,406
T768,aron,rag2026-79,15,2390,411,421
T768,aron,rag2026-80,15,1449,285,283
T768,aron,rag2026-81,15,2097,389,408
T768,aron,rag2026-82,13,1980,354,354
T768,aron,rag2026-83,15,1974,350,348
T768,aron,rag2026-84,15,1812,294,294
T768,aron,rag2026-85,15,2471,429,433
T768,aron,rag2026-86,15,2237,413,419
T768,aron,rag2026-87,15,2356,402,407
T768,aron,rag2026-88,15,2319,405,415
T768,aron,rag2026-89,15,2502,421,427
T768,aron,rag2026-90,15,2180,372,374
T768,aron,rag2026-91,15,2157,370,371
T768,aron,rag2026-92,15,2195,387,380
T768,aron,rag2026-93,15,2195,397,397
T768,aron,rag2026-94,15,2351,379,378
T768,aron,rag2026-95,13,2071,365,369
T768,aron,rag2026-96,15,2554,449,453
T768,aron,rag2026-97,15,2375,409,420
T768,aron,rag2026-98,15,2020,367,365
T768,aron,rag2026-99,15,2151,359,363
T768,aron,rag2026-100,15,2184,355,364
T768,aron,rag2026-101,15,2168,367,373
T768,aron,rag2026-102,15,2288,426,437
T768,aron,rag2026-103,15,2071,351,358
T768,aron,rag2026-104,15,2219,401,417
T768,aron,rag2026-105,15,2371,410,415
T768,aron,rag2026-106,15,2116,394,395
T768,aron,rag2026-107,11,1583,298,306
T768,aron,rag2026-108,15,2063,329,336
T768,aron,rag2026-109,15,2486,435,443
T768,aron,rag2026-110,15,2397,438,449
T768,aron,rag2026-111,15,2187,408,423
T768,aron,rag2026-112,15,2362,431,436
T768,aron,rag2026-113,15,1840,330,335
T768,aron,rag2026-114,15,2021,351,352
T768,aron,rag2026-115,15,1901,394,397
T768,aron,rag2026-116,15,2168,377,384
T768,aron,rag2026-117,15,2081,353,360
T768,aron,rag2026-118,15,2335,386,395
T175,brad,rag2026-0,22,4258,732,744
T175,brad,rag2026-1,20,3708,727,735
T175,brad,rag2026-10,19,3691,731,752
T175,brad,rag2026-100,18,4032,743,751
T175,brad,rag2026-101,21,4082,771,803
T175,brad,rag2026-102,17,3743,736,755
T175,brad,rag2026-103,19,4026,733,748
T175,brad,rag2026-104,21,4177,801,806
T175,brad,rag2026-105,18,3838,719,729
T175,brad,rag2026-106,23,3833,734,744
T175,brad,rag2026-107,17,3669,746,774
T175,brad,rag2026-108,16,3878,721,740
T175,brad,rag2026-109,17,4058,744,758
T175,brad,rag2026-11,21,4185,773,794
T175,brad,rag2026-110,16,4049,785,793
T175,brad,rag2026-111,19,3753,751,804
T175,brad,rag2026-112,23,4291,807,818
T175,brad,rag2026-113,18,3737,765,782
T175,brad,rag2026-114,21,3883,702,712
T175,brad,rag2026-115,15,3757,829,851
T175,brad,rag2026-116,18,3811,718,728
T175,brad,rag2026-117,21,3832,730,741
T175,brad,rag2026-118,19,3931,710,722
T175,brad,rag2026-12,17,3954,768,792
T175,brad,rag2026-13,19,3712,702,723
T175,brad,rag2026-14,17,4214,774,790
T175,brad,rag2026-15,21,4094,771,793
T175,brad,rag2026-16,18,3937,694,706
T175,brad,rag2026-17,19,4082,813,840
T175,brad,rag2026-18,24,3855,721,737
T175,brad,rag2026-19,15,3786,726,745
T175,brad,rag2026-2,19,3870,719,724
T175,brad,rag2026-20,19,3601,748,775
T175,brad,rag2026-21,21,3359,700,724
T175,brad,rag2026-22,20,3843,721,721
T175,brad,rag2026-23,18,3981,771,795
T175,brad,rag2026-24,20,3949,797,823
T175,brad,rag2026-25,18,3738,734,753
T175,brad,rag2026-26,18,4073,727,740
T175,brad,rag2026-27,18,4462,903,921
T175,brad,rag2026-28,21,4218,775,785
T175,brad,rag2026-29,15,3790,728,751
T175,brad,rag2026-3,21,3604,738,766
T175,brad,rag2026-30,23,3987,754,774
T175,brad,rag2026-31,22,3837,750,757
T175,brad,rag2026-32,17,3765,731,743
T175,brad,rag2026-33,25,3978,744,760
T175,brad,rag2026-34,18,3793,701,706
T175,brad,rag2026-35,18,3964,745,775
T175,brad,rag2026-36,18,4112,745,753
T175,brad,rag2026-37,15,3664,738,752
T175,brad,rag2026-38,21,4191,730,734
T175,brad,rag2026-39,17,3868,739,758
T175,brad,rag2026-4,19,3338,703,733
T175,brad,rag2026-40,17,3916,738,755
T175,brad,rag2026-41,19,3431,717,739
T175,brad,rag2026-42,19,4015,746,761
T175,brad,rag2026-43,16,4121,754,758
T175,brad,rag2026-44,19,3975,797,805
T175,brad,rag2026-45,20,3908,716,724
T175,brad,rag2026-46,21,3763,750,771
T175,brad,rag2026-47,20,3827,693,697
T175,brad,rag2026-48,19,4036,707,714
T175,brad,rag2026-49,21,4089,741,764
T175,brad,rag2026-5,22,3995,773,796
T175,brad,rag2026-50,18,3933,774,787
T175,brad,rag2026-51,22,3602,714,736
T175,brad,rag2026-52,21,3876,750,762
T175,brad,rag2026-53,22,3843,767,787
T175,brad,rag2026-54,16,3863,717,727
T175,brad,rag2026-55,18,4383,780,787
T175,brad,rag2026-56,16,3882,765,779
T175,brad,rag2026-57,20,3998,748,758
T175,brad,rag2026-58,22,3302,705,712
T175,brad,rag2026-59,19,3848,725,743
T175,brad,rag2026-6,17,4268,788,827
T175,brad,rag2026-60,25,3862,794,816
T175,brad,rag2026-61,19,3950,746,761
T175,brad,rag2026-62,20,3778,760,768
T175,brad,rag2026-63,20,3790,732,736
T175,brad,rag2026-64,21,4243,729,735
T175,brad,rag2026-65,15,4110,741,752
T175,brad,rag2026-66,17,4082,727,742
T175,brad,rag2026-67,20,3888,778,809
T175,brad,rag2026-68,21,4262,750,759
T175,brad,rag2026-69,21,4388,721,724
T175,brad,rag2026-7,19,3989,701,715
T175,brad,rag2026-70,21,4067,801,823
T175,brad,rag2026-71,21,4161,738,738
T175,brad,rag2026-72,21,4090,780,791
T175,brad,rag2026-73,18,3886,710,716
T175,brad,rag2026-74,17,3663,756,768
T175,brad,rag2026-75,19,4227,732,739
T175,brad,rag2026-76,21,3944,792,825
T175,brad,rag2026-77,20,3968,717,733
T175,brad,rag2026-78,18,3804,752,772
T175,brad,rag2026-79,16,3765,715,743
T175,brad,rag2026-8,17,3899,743,752
T175,brad,rag2026-80,19,3765,772,787
T175,brad,rag2026-81,19,3727,732,745
T175,brad,rag2026-82,19,3769,750,773
T175,brad,rag2026-83,19,3802,722,725
T175,brad,rag2026-84,23,4138,754,755
T175,brad,rag2026-85,19,3929,725,738
T175,brad,rag2026-86,23,3835,750,757
T175,brad,rag2026-87,18,4255,781,792
T175,brad,rag2026-88,19,4103,781,806
T175,brad,rag2026-89,17,3953,734,767
T175,brad,rag2026-9,19,3716,709,733
T175,brad,rag2026-90,19,3793,715,741
T175,brad,rag2026-91,21,3947,759,769
T175,brad,rag2026-92,20,3849,730,724
T175,brad,rag2026-93,23,4021,747,752
T175,brad,rag2026-94,19,4167,761,774
T175,brad,rag2026-95,18,4106,726,738
T175,brad,rag2026-96,21,4087,745,759
T175,brad,rag2026-97,19,4074,768,784
T175,brad,rag2026-98,21,4012,746,750
T175,brad,rag2026-99,17,3981,743,758
T656,brian,rag2026-0,6,1053,162,165
T656,brian,rag2026-1,6,767,138,140
T656,brian,rag2026-2,8,1221,210,211
T656,brian,rag2026-3,15,2595,468,481
T656,brian,rag2026-4,4,500,96,100
T656,brian,rag2026-5,15,2415,427,435
T656,brian,rag2026-6,9,984,157,158
T656,brian,rag2026-7,6,706,113,111
T656,brian,rag2026-8,6,665,116,116
T656,brian,rag2026-9,8,1383,237,240
T656,brian,rag2026-10,7,1308,229,229
T656,brian,rag2026-11,5,711,117,116
T656,brian,rag2026-12,7,954,162,167
T656,brian,rag2026-13,3,421,76,80
T656,brian,rag2026-14,7,836,145,146
T656,brian,rag2026-15,6,892,145,144
T656,brian,rag2026-16,14,1905,329,336
T656,brian,rag2026-17,5,702,121,123
T656,brian,rag2026-18,7,977,172,176
T656,brian,rag2026-19,15,1725,298,300
T656,brian,rag2026-20,6,835,154,157
T656,brian,rag2026-21,7,967,174,182
T656,brian,rag2026-22,15,2319,420,428
T656,brian,rag2026-23,7,869,148,149
T656,brian,rag2026-24,15,2060,435,438
T656,brian,rag2026-25,15,1725,303,303
T656,brian,rag2026-26,15,1580,291,303
T656,brian,rag2026-27,7,883,190,196
T656,brian,rag2026-28,7,979,167,167
T656,brian,rag2026-29,7,851,143,145
T656,brian,rag2026-30,7,1230,217,217
T656,brian,rag2026-31,5,923,159,159
T656,brian,rag2026-32,6,833,135,136
T656,brian,rag2026-33,6,909,150,153
T656,brian,rag2026-34,8,1195,201,204
T656,brian,rag2026-35,15,2073,362,379
T656,brian,rag2026-36,8,784,147,151
T656,brian,rag2026-37,7,1117,196,200
T656,brian,rag2026-38,6,850,145,146
T656,brian,rag2026-39,7,1030,187,191
T656,brian,rag2026-40,5,678,117,118
T656,brian,rag2026-41,6,640,111,111
T656,brian,rag2026-42,6,859,141,142
T656,brian,rag2026-43,5,552,99,100
T656,brian,rag2026-44,5,630,113,115
T656,brian,rag2026-45,15,2427,383,384
T656,brian,rag2026-46,15,2889,516,523
T656,brian,rag2026-47,7,1055,178,178
T656,brian,rag2026-48,5,611,96,96
T656,brian,rag2026-49,8,1257,219,221
T656,brian,rag2026-50,7,884,156,158
T656,brian,rag2026-51,9,665,113,114
T656,brian,rag2026-52,5,661,119,122
T656,brian,rag2026-53,7,979,176,177
T656,brian,rag2026-54,15,1470,225,224
T656,brian,rag2026-55,4,550,86,88
T656,brian,rag2026-56,14,2019,329,325
T656,brian,rag2026-57,6,767,141,141
T656,brian,rag2026-58,5,505,93,94
T656,brian,rag2026-59,4,586,100,101
T656,brian,rag2026-60,7,995,182,185
T656,brian,rag2026-61,8,1038,181,187
T656,brian,rag2026-62,9,1483,266,266
T656,brian,rag2026-63,5,527,92,93
T656,brian,rag2026-64,15,1921,326,329
T656,brian,rag2026-65,5,592,100,100
T656,brian,rag2026-66,15,1775,287,293
T656,brian,rag2026-67,5,845,153,156
T656,brian,rag2026-68,8,839,138,138
T656,brian,rag2026-69,7,1428,222,221
T656,brian,rag2026-70,5,676,123,125
T656,brian,rag2026-71,3,318,51,52
T656,brian,rag2026-72,4,545,86,88
T656,brian,rag2026-73,6,767,129,131
T656,brian,rag2026-74,4,503,93,93
T656,brian,rag2026-75,6,745,125,125
T656,brian,rag2026-76,15,1795,336,344
T656,brian,rag2026-77,5,569,89,90
T656,brian,rag2026-78,7,594,101,101
T656,brian,rag2026-79,8,926,158,161
T656,brian,rag2026-80,10,1511,311,308
T656,brian,rag2026-81,6,575,114,116
T656,brian,rag2026-82,4,400,66,67
T656,brian,rag2026-83,15,1602,299,306
T656,brian,rag2026-84,3,354,52,52
T656,brian,rag2026-85,10,1822,320,327
T656,brian,rag2026-86,7,940,182,183
T656,brian,rag2026-87,10,1767,316,330
T656,brian,rag2026-88,7,831,150,150
T656,brian,rag2026-89,5,890,156,167
T656,brian,rag2026-90,7,783,129,131
T656,brian,rag2026-91,4,558,91,91
T656,brian,rag2026-92,5,552,87,87
T656,brian,rag2026-93,9,1042,196,201
T656,brian,rag2026-94,4,562,94,94
T656,brian,rag2026-95,6,742,122,122
T656,brian,rag2026-96,15,1525,289,293
T656,brian,rag2026-97,6,755,136,136
T656,brian,rag2026-98,15,2217,407,407
T656,brian,rag2026-99,5,646,122,122
T656,brian,rag2026-100,8,973,153,159
T656,brian,rag2026-101,7,936,166,166
T656,brian,rag2026-102,15,2291,390,398
T656,brian,rag2026-103,8,1028,176,180
T656,brian,rag2026-104,9,869,148,150
T656,brian,rag2026-105,4,571,105,107
T656,brian,rag2026-106,7,952,170,169
T656,brian,rag2026-107,15,1777,325,336
T656,brian,rag2026-108,7,594,90,91
T656,brian,rag2026-109,8,977,162,163
T656,brian,rag2026-110,9,1295,262,266
T656,brian,rag2026-111,15,1345,256,264
T656,brian,rag2026-112,15,2332,397,404
T656,brian,rag2026-113,9,894,174,177
T656,brian,rag2026-114,14,2450,403,404
T656,brian,rag2026-115,7,1130,199,206
T656,brian,rag2026-116,5,669,119,121
T656,brian,rag2026-117,7,788,144,147
T656,brian,rag2026-118,5,635,102,103
T907,carlo,rag2026-0,3,574,83,85
T907,carlo,rag2026-1,3,445,81,83
T907,carlo,rag2026-2,3,545,89,89
T907,carlo,rag2026-3,3,650,123,136
T907,carlo,rag2026-4,3,503,99,104
T907,carlo,rag2026-5,3,398,94,100
T907,carlo,rag2026-6,3,438,80,82
T907,carlo,rag2026-9,3,593,112,119
T907,carlo,rag2026-11,3,875,136,135
T907,carlo,rag2026-12,3,515,103,111
T907,carlo,rag2026-13,3,535,94,95
T907,carlo,rag2026-14,3,666,112,114
T907,carlo,rag2026-19,3,491,84,84
T907,carlo,rag2026-22,3,626,125,125
T907,carlo,rag2026-25,3,733,127,126
T907,carlo,rag2026-27,3,762,262,300
T907,carlo,rag2026-28,3,369,61,61
T907,carlo,rag2026-29,3,527,126,136
T907,carlo,rag2026-30,3,388,66,66
T907,carlo,rag2026-31,3,472,88,89
T907,carlo,rag2026-32,3,819,131,131
T907,carlo,rag2026-33,3,640,101,103
T907,carlo,rag2026-34,3,658,116,116
T907,carlo,rag2026-36,3,566,134,144
T907,carlo,rag2026-37,3,387,86,90
T907,carlo,rag2026-38,3,462,73,73
T907,carlo,rag2026-39,3,517,91,93
T907,carlo,rag2026-40,3,689,112,114
T907,carlo,rag2026-41,3,565,113,120
T907,carlo,rag2026-42,3,686,117,122
T907,carlo,rag2026-43,3,565,101,101
T907,carlo,rag2026-44,3,538,93,92
T907,carlo,rag2026-45,3,302,65,67
T907,carlo,rag2026-46,3,468,78,78
T907,carlo,rag2026-47,3,846,136,137
T907,carlo,rag2026-48,3,764,120,122
T907,carlo,rag2026-49,3,288,63,64
T907,carlo,rag2026-50,3,695,123,123
T907,carlo,rag2026-53,3,584,113,114
T907,carlo,rag2026-54,3,432,84,88
T907,carlo,rag2026-56,3,564,84,86
T907,carlo,rag2026-57,3,739,119,118
T907,carlo,rag2026-59,3,637,105,106
T907,carlo,rag2026-60,3,600,113,126
T907,carlo,rag2026-61,3,538,101,103
T907,carlo,rag2026-64,3,716,116,116
T907,carlo,rag2026-65,3,608,104,105
T907,carlo,rag2026-66,3,511,82,83
T907,carlo,rag2026-68,3,574,88,87
T907,carlo,rag2026-70,3,390,68,69
T907,carlo,rag2026-71,3,390,60,60
T907,carlo,rag2026-72,3,521,110,111
T907,carlo,rag2026-74,3,516,95,97
T907,carlo,rag2026-75,3,405,108,113
T907,carlo,rag2026-77,3,383,54,55
T907,carlo,rag2026-78,3,541,86,87
T907,carlo,rag2026-79,3,578,86,87
T907,carlo,rag2026-80,3,479,117,119
T907,carlo,rag2026-81,3,571,100,103
T907,carlo,rag2026-82,3,807,142,148
T907,carlo,rag2026-83,3,557,125,122
T907,carlo,rag2026-84,3,566,92,89
T907,carlo,rag2026-86,3,249,50,50
T907,carlo,rag2026-87,3,653,122,125
T907,carlo,rag2026-88,3,502,99,99
T907,carlo,rag2026-89,3,638,110,118
T907,carlo,rag2026-90,3,613,117,124
T907,carlo,rag2026-91,3,431,73,73
T907,carlo,rag2026-92,3,1098,191,201
T907,carlo,rag2026-93,3,366,81,85
T907,carlo,rag2026-98,3,578,103,103
T907,carlo,rag2026-100,3,385,78,87
T907,carlo,rag2026-101,3,548,91,91
T907,carlo,rag2026-102,3,550,95,95
T907,carlo,rag2026-103,3,640,116,119
T907,carlo,rag2026-104,3,673,114,116
T907,carlo,rag2026-105,3,598,112,115
T907,carlo,rag2026-108,3,751,116,116
T907,carlo,rag2026-109,3,795,141,141
T907,carlo,rag2026-110,3,474,89,94
T907,carlo,rag2026-112,3,576,112,114
T907,carlo,rag2026-113,3,522,95,97
T907,carlo,rag2026-115,3,370,133,143
T907,carlo,rag2026-116,3,773,119,120
T907,carlo,rag2026-117,3,477,90,92
T907,carlo,rag2026-118,3,743,124,127
T569,carmen,rag2026-0,23,7900,1338,1362
T569,carmen,rag2026-1,27,6797,1257,1293
T569,carmen,rag2026-2,24,7176,1194,1214
T569,carmen,rag2026-3,32,7116,1339,1424
T569,carmen,rag2026-4,25,6936,1201,1213
T569,carmen,rag2026-5,26,7066,1392,1441
T569,carmen,rag2026-6,28,7377,1419,1542
T569,carmen,rag2026-7,27,7860,1331,1345
T569,carmen,rag2026-8,22,6651,1174,1194
T569,carmen,rag2026-9,18,6202,1149,1177
T569,carmen,rag2026-10,30,6763,1237,1300
T569,carmen,rag2026-11,22,7100,1132,1158
T569,carmen,rag2026-12,34,6596,1318,1403
T569,carmen,rag2026-13,28,7053,1234,1257
T569,carmen,rag2026-14,24,7169,1213,1242
T569,carmen,rag2026-15,21,7426,1279,1295
T569,carmen,rag2026-16,20,7625,1449,1508
T569,carmen,rag2026-17,26,7819,1386,1425
T569,carmen,rag2026-18,19,7091,1291,1325
T569,carmen,rag2026-19,24,7362,1308,1372
T569,carmen,rag2026-20,35,7227,1256,1271
T569,carmen,rag2026-21,25,6168,1135,1174
T569,carmen,rag2026-22,27,7402,1247,1261
T569,carmen,rag2026-23,21,6955,1147,1163
T569,carmen,rag2026-24,24,6914,1284,1328
T569,carmen,rag2026-25,19,6525,1146,1174
T569,carmen,rag2026-26,20,7740,1295,1344
T569,carmen,rag2026-27,24,6904,1436,1508
T569,carmen,rag2026-28,33,7667,1443,1493
T569,carmen,rag2026-29,24,7067,1299,1354
T569,carmen,rag2026-30,34,7201,1321,1343
T569,carmen,rag2026-31,24,7616,1343,1350
T569,carmen,rag2026-32,32,7250,1279,1339
T569,carmen,rag2026-33,19,7194,1307,1330
T569,carmen,rag2026-34,27,7522,1352,1385
T569,carmen,rag2026-35,18,6415,1120,1149
T569,carmen,rag2026-36,19,7364,1454,1560
T569,carmen,rag2026-37,17,6809,1188,1203
T569,carmen,rag2026-38,20,6673,1172,1195
T569,carmen,rag2026-39,28,7388,1213,1222
T569,carmen,rag2026-40,20,6585,1108,1129
T569,carmen,rag2026-41,28,6833,1294,1316
T569,carmen,rag2026-42,29,7342,1363,1396
T569,carmen,rag2026-43,31,7510,1251,1259
T569,carmen,rag2026-44,29,6943,1254,1266
T569,carmen,rag2026-45,25,7426,1304,1342
T569,carmen,rag2026-46,24,6902,1232,1238
T569,carmen,rag2026-47,20,7242,1165,1172
T569,carmen,rag2026-48,29,7475,1263,1278
T569,carmen,rag2026-49,29,7923,1367,1408
T569,carmen,rag2026-50,17,5427,995,1031
T569,carmen,rag2026-51,22,6521,1142,1151
T569,carmen,rag2026-52,22,5288,1027,1054
T569,carmen,rag2026-53,23,5699,1252,1371
T569,carmen,rag2026-54,21,7395,1272,1313
T569,carmen,rag2026-55,25,7419,1248,1253
T569,carmen,rag2026-56,26,7505,1326,1379
T569,carmen,rag2026-57,24,7556,1339,1391
T569,carmen,rag2026-58,24,5783,1178,1181
T569,carmen,rag2026-59,26,7064,1294,1319
T569,carmen,rag2026-60,25,6413,1139,1193
T569,carmen,rag2026-61,27,7361,1363,1421
T569,carmen,rag2026-62,52,6768,1203,1216
T569,carmen,rag2026-63,31,6529,1513,1496
T569,carmen,rag2026-64,25,7082,1249,1280
T569,carmen,rag2026-65,24,7441,1256,1278
T569,carmen,rag2026-66,26,7732,1385,1427
T569,carmen,rag2026-67,21,6902,1197,1235
T569,carmen,rag2026-68,29,7715,1349,1383
T569,carmen,rag2026-69,19,6643,1065,1089
T569,carmen,rag2026-70,21,7380,1340,1345
T569,carmen,rag2026-71,25,7787,1333,1340
T569,carmen,rag2026-72,32,6654,1455,1479
T569,carmen,rag2026-73,29,7460,1290,1316
T569,carmen,rag2026-74,24,7053,1282,1310
T569,carmen,rag2026-75,16,7118,1229,1263
T569,carmen,rag2026-76,18,6311,1107,1136
T569,carmen,rag2026-77,27,6589,1114,1147
T569,carmen,rag2026-78,25,7276,1352,1380
T569,carmen,rag2026-79,18,6805,1186,1220
T569,carmen,rag2026-80,17,5439,951,951
T569,carmen,rag2026-81,21,6415,1211,1236
T569,carmen,rag2026-82,23,7373,1288,1301
T569,carmen,rag2026-83,21,7410,1288,1295
T569,carmen,rag2026-84,24,6873,1344,1308
T569,carmen,rag2026-85,22,7136,1219,1253
T569,carmen,rag2026-86,28,7438,1312,1356
T569,carmen,rag2026-87,21,7146,1257,1273
T569,carmen,rag2026-88,21,6690,1187,1237
T569,carmen,rag2026-89,19,6355,1044,1058
T569,carmen,rag2026-90,27,7364,1426,1521
T569,carmen,rag2026-91,25,5004,1200,1188
T569,carmen,rag2026-92,20,6735,1202,1190
T569,carmen,rag2026-93,25,6172,1156,1188
T569,carmen,rag2026-94,23,7352,1275,1323
T569,carmen,rag2026-95,25,7084,1250,1291
T569,carmen,rag2026-96,22,6824,1203,1248
T569,carmen,rag2026-97,19,6721,1194,1248
T569,carmen,rag2026-98,28,6107,1200,1214
T569,carmen,rag2026-99,22,7797,1401,1417
T569,carmen,rag2026-100,28,7264,1265,1278
T569,carmen,rag2026-101,17,5822,1108,1146
T569,carmen,rag2026-102,17,7212,1315,1403
T569,carmen,rag2026-103,23,6949,1261,1313
T569,carmen,rag2026-104,27,7459,1369,1396
T569,carmen,rag2026-105,28,7106,1248,1255
T569,carmen,rag2026-106,22,7294,1333,1350
T569,carmen,rag2026-107,23,6381,1188,1218
T569,carmen,rag2026-108,20,6587,1175,1234
T569,carmen,rag2026-109,27,7658,1345,1399
T569,carmen,rag2026-110,29,6640,1327,1403
T569,carmen,rag2026-111,20,5913,1150,1233
T569,carmen,rag2026-112,18,7189,1293,1336
T569,carmen,rag2026-113,28,7225,1314,1325
T569,carmen,rag2026-114,26,7063,1213,1228
T569,carmen,rag2026-115,34,7025,1617,1626
T569,carmen,rag2026-116,20,7251,1217,1263
T569,carmen,rag2026-117,30,7037,1270,1292
T569,carmen,rag2026-118,20,7144,1345,1387
T768,chris,rag2026-0,15,2458,397,402
T768,chris,rag2026-1,14,2056,383,388
T768,chris,rag2026-2,13,2067,358,358
T768,chris,rag2026-3,15,1983,359,373
T768,chris,rag2026-4,15,1955,366,373
T768,chris,rag2026-5,13,1848,321,332
T768,chris,rag2026-6,15,2181,370,383
T768,chris,rag2026-7,14,2203,367,371
T768,chris,rag2026-8,15,2177,376,380
T768,chris,rag2026-9,15,2310,407,414
T768,chris,rag2026-10,15,2178,438,446
T768,chris,rag2026-11,15,2370,390,393
T768,chris,rag2026-12,16,2752,518,539
T768,chris,rag2026-13,15,2217,380,385
T768,chris,rag2026-14,15,2267,377,387
T768,chris,rag2026-15,15,2462,415,415
T768,chris,rag2026-16,15,2217,354,358
T768,chris,rag2026-17,15,2222,397,403
T768,chris,rag2026-18,15,2275,395,398
T768,chris,rag2026-19,15,2509,458,470
T768,chris,rag2026-20,15,2103,362,365
T768,chris,rag2026-21,15,1969,352,358
T768,chris,rag2026-22,15,2594,446,448
T768,chris,rag2026-23,15,2490,407,412
T768,chris,rag2026-24,15,2317,451,460
T768,chris,rag2026-25,15,1913,353,362
T768,chris,rag2026-26,15,2477,441,445
T768,chris,rag2026-27,15,2410,467,475
T768,chris,rag2026-28,13,1888,353,357
T768,chris,rag2026-29,15,2381,412,423
T768,chris,rag2026-30,15,2441,444,446
T768,chris,rag2026-31,15,2214,387,390
T768,chris,rag2026-32,12,1859,329,335
T768,chris,rag2026-33,15,2036,359,361
T768,chris,rag2026-34,15,2330,411,420
T768,chris,rag2026-35,15,2712,458,461
T768,chris,rag2026-36,15,2367,408,410
T768,chris,rag2026-37,15,2323,425,427
T768,chris,rag2026-38,15,2237,368,370
T768,chris,rag2026-39,15,2445,427,432
T768,chris,rag2026-40,15,2223,381,389
T768,chris,rag2026-41,15,2036,377,381
T768,chris,rag2026-42,14,2283,385,386
T768,chris,rag2026-43,14,2441,411,412
T768,chris,rag2026-44,15,2188,382,385
T768,chris,rag2026-45,15,2098,363,363
T768,chris,rag2026-46,15,2112,380,382
T768,chris,rag2026-47,15,2612,449,449
T768,chris,rag2026-48,14,2215,357,355
T768,chris,rag2026-49,15,2461,404,408
T768,chris,rag2026-50,15,2277,417,435
T768,chris,rag2026-51,15,2174,369,371
T768,chris,rag2026-52,15,1869,334,339
T768,chris,rag2026-53,15,2346,425,434
T768,chris,rag2026-54,15,2123,359,363
T768,chris,rag2026-55,15,2327,383,385
T768,chris,rag2026-56,15,2534,455,459
T768,chris,rag2026-57,15,2185,374,377
T768,chris,rag2026-58,15,1838,358,357
T768,chris,rag2026-59,15,2123,381,399
T768,chris,rag2026-60,14,2263,393,404
T768,chris,rag2026-61,15,2025,351,351
T768,chris,rag2026-62,12,1654,308,315
T768,chris,rag2026-63,15,1808,327,326
T768,chris,rag2026-64,15,2288,380,382
T768,chris,rag2026-65,15,2388,426,427
T768,chris,rag2026-66,15,1943,335,342
T768,chris,rag2026-67,15,2241,387,397
T768,chris,rag2026-68,15,2023,319,321
T768,chris,rag2026-69,15,2357,383,385
T768,chris,rag2026-70,15,2055,365,367
T768,chris,rag2026-71,15,2270,375,373
T768,chris,rag2026-72,15,2327,411,420
T768,chris,rag2026-73,15,2190,379,383
T768,chris,rag2026-74,15,2176,416,430
T768,chris,rag2026-75,15,2576,434,444
T768,chris,rag2026-76,15,2191,417,425
T768,chris,rag2026-77,15,1834,277,282
T768,chris,rag2026-78,15,2285,393,391
T768,chris,rag2026-79,15,2486,418,425
T768,chris,rag2026-80,15,1652,314,314
T768,chris,rag2026-81,12,1798,362,378
T768,chris,rag2026-82,15,2140,377,377
T768,chris,rag2026-83,12,2014,347,346
T768,chris,rag2026-84,15,1966,341,335
T768,chris,rag2026-85,15,2021,350,353
T768,chris,rag2026-86,14,1859,347,353
T768,chris,rag2026-87,15,2405,419,425
T768,chris,rag2026-88,15,2268,387,397
T768,chris,rag2026-89,15,2566,431,438
T768,chris,rag2026-90,15,2367,414,416
T768,chris,rag2026-91,14,1821,303,305
T768,chris,rag2026-92,15,2213,385,378
T768,chris,rag2026-93,15,2046,373,375
T768,chris,rag2026-94,15,2414,394,394
T768,chris,rag2026-95,13,2280,409,417
T768,chris,rag2026-96,13,2039,352,356
T768,chris,rag2026-97,15,2109,361,364
T768,chris,rag2026-98,15,2080,378,376
T768,chris,rag2026-99,15,2240,389,394
T768,chris,rag2026-100,15,2176,363,370
T768,chris,rag2026-101,15,2032,348,350
T768,chris,rag2026-102,15,2347,409,411
T768,chris,rag2026-103,15,1985,356,365
T768,chris,rag2026-104,12,1691,288,295
T768,chris,rag2026-105,15,2171,406,406
T768,chris,rag2026-106,15,2071,388,390
T768,chris,rag2026-107,15,2018,367,374
T768,chris,rag2026-108,15,2306,374,386
T768,chris,rag2026-109,15,2456,425,436
T768,chris,rag2026-110,15,2317,423,435
T768,chris,rag2026-111,15,2426,454,472
T768,chris,rag2026-112,15,2235,420,422
T768,chris,rag2026-113,15,2105,389,396
T768,chris,rag2026-114,15,2272,402,403
T768,chris,rag2026-115,15,2010,394,400
T768,chris,rag2026-116,15,1968,339,343
T768,chris,rag2026-117,15,2294,395,399
T768,chris,rag2026-118,15,2310,378,385
T768,conor,rag2026-0,15,2361,375,379
T768,conor,rag2026-1,15,2059,381,384
T768,conor,rag2026-2,15,2501,439,440
T768,conor,rag2026-3,15,1873,356,367
T768,conor,rag2026-4,15,2199,402,411
T768,conor,rag2026-5,15,2164,403,414
T768,conor,rag2026-6,15,2219,392,411
T768,conor,rag2026-7,15,2158,367,369
T768,conor,rag2026-8,15,1946,348,354
T768,conor,rag2026-9,15,2342,418,423
T768,conor,rag2026-10,15,2156,400,403
T768,conor,rag2026-11,15,2066,370,379
T768,conor,rag2026-12,15,2593,507,526
T768,conor,rag2026-13,15,2532,468,477
T768,conor,rag2026-14,15,2296,369,374
T768,conor,rag2026-15,15,2377,396,400
T768,conor,rag2026-16,15,2450,412,417
T768,conor,rag2026-17,12,1925,328,334
T768,conor,rag2026-18,15,2019,356,359
T768,conor,rag2026-19,15,2329,405,416
T768,conor,rag2026-20,15,2248,392,392
T768,conor,rag2026-21,15,1901,345,359
T768,conor,rag2026-22,15,1987,333,334
T768,conor,rag2026-23,15,2394,410,411
T768,conor,rag2026-24,15,2332,444,453
T768,conor,rag2026-25,15,2102,375,384
T768,conor,rag2026-26,15,2324,391,393
T768,conor,rag2026-27,15,2410,477,490
T768,conor,rag2026-28,13,1649,308,310
T768,conor,rag2026-29,15,2485,420,420
T768,conor,rag2026-30,15,2666,474,475
T768,conor,rag2026-31,15,2250,389,392
T768,conor,rag2026-32,15,2266,401,413
T768,conor,rag2026-33,15,2329,389,391
T768,conor,rag2026-34,15,2590,438,447
T768,conor,rag2026-35,15,2557,435,443
T768,conor,rag2026-36,14,2158,381,386
T768,conor,rag2026-37,15,2271,400,401
T768,conor,rag2026-38,14,2213,367,371
T768,conor,rag2026-39,15,2335,404,405
T768,conor,rag2026-40,14,2231,389,394
T768,conor,rag2026-41,15,1994,353,353
T768,conor,rag2026-42,15,2422,386,389
T768,conor,rag2026-43,13,2177,382,385
T768,conor,rag2026-44,15,2067,378,381
T768,conor,rag2026-45,15,2125,370,371
T768,conor,rag2026-46,15,2075,352,354
T768,conor,rag2026-47,15,2360,395,398
T768,conor,rag2026-48,15,2473,411,409
T768,conor,rag2026-49,15,2332,385,388
T768,conor,rag2026-50,15,2335,431,447
T768,conor,rag2026-51,14,1831,330,333
T768,conor,rag2026-52,15,2097,378,381
T768,conor,rag2026-53,15,2218,392,398
T768,conor,rag2026-54,13,1963,336,340
T768,conor,rag2026-55,14,2431,412,414
T768,conor,rag2026-56,15,2297,383,383
T768,conor,rag2026-57,15,2201,367,373
T768,conor,rag2026-58,15,1996,395,394
T768,conor,rag2026-59,14,2177,375,381
T768,conor,rag2026-60,15,2121,392,414
T768,conor,rag2026-61,15,2114,374,378
T768,conor,rag2026-62,15,2200,396,397
T768,conor,rag2026-63,15,1942,357,356
T768,conor,rag2026-64,15,2297,388,391
T768,conor,rag2026-65,15,2479,449,460
T768,conor,rag2026-66,15,2288,389,391
T768,conor,rag2026-67,14,2070,371,379
T768,conor,rag2026-68,15,2178,350,352
T768,conor,rag2026-69,15,2407,406,416
T768,conor,rag2026-70,14,2267,412,414
T768,conor,rag2026-71,15,1950,347,344
T768,conor,rag2026-72,15,2387,444,445
T768,conor,rag2026-73,15,2248,387,389
T768,conor,rag2026-74,15,2213,404,409
T768,conor,rag2026-75,15,2226,386,388
T768,conor,rag2026-76,15,2391,471,493
T768,conor,rag2026-77,15,2253,355,358
T768,conor,rag2026-78,15,2312,420,419
T768,conor,rag2026-79,13,2010,338,348
T768,conor,rag2026-80,15,2239,422,425
T768,conor,rag2026-81,11,1557,289,297
T768,conor,rag2026-82,15,2204,383,386
T768,conor,rag2026-83,15,2267,384,384
T768,conor,rag2026-84,15,2060,367,358
T768,conor,rag2026-85,15,2133,367,374
T768,conor,rag2026-86,15,2096,369,371
T768,conor,rag2026-87,15,2400,409,411
T768,conor,rag2026-88,15,2285,399,404
T768,conor,rag2026-89,14,2481,422,427
T768,conor,rag2026-90,15,2169,374,377
T768,conor,rag2026-91,14,1828,307,307
T768,conor,rag2026-92,15,2014,353,349
T768,conor,rag2026-93,15,2109,377,380
T768,conor,rag2026-94,15,2163,352,353
T768,conor,rag2026-95,15,2479,435,441
T768,conor,rag2026-96,15,2438,418,422
T768,conor,rag2026-97,15,2394,428,440
T768,conor,rag2026-98,15,2085,358,358
T768,conor,rag2026-99,15,2504,415,422
T768,conor,rag2026-100,13,2160,354,362
T768,conor,rag2026-101,15,2042,358,362
T768,conor,rag2026-102,15,2349,451,482
T768,conor,rag2026-103,15,2171,364,369
T768,conor,rag2026-104,15,2002,353,364
T768,conor,rag2026-105,15,1893,339,341
T768,conor,rag2026-106,15,1906,355,356
T768,conor,rag2026-107,15,2017,384,396
T768,conor,rag2026-108,15,2181,365,381
T768,conor,rag2026-109,15,2168,363,371
T768,conor,rag2026-110,14,2400,450,463
T768,conor,rag2026-111,15,2293,436,460
T768,conor,rag2026-112,15,2471,446,448
T768,conor,rag2026-113,15,1890,342,345
T768,conor,rag2026-114,15,1894,314,314
T768,conor,rag2026-115,15,2072,436,441
T768,conor,rag2026-116,15,2414,424,427
T768,conor,rag2026-117,15,2242,384,387
T768,conor,rag2026-118,15,2462,405,408
T047,damon,rag2026-0,3,497,85,85
T047,damon,rag2026-1,31,3858,668,667
T047,damon,rag2026-10,23,3252,587,589
T047,damon,rag2026-100,19,2550,407,423
T047,damon,rag2026-101,17,2436,446,443
T047,damon,rag2026-102,17,2245,400,409
T047,damon,rag2026-103,11,1655,294,295
T047,damon,rag2026-104,29,3881,639,643
T047,damon,rag2026-105,14,2261,411,412
T047,damon,rag2026-106,16,2103,355,357
T047,damon,rag2026-107,13,1608,324,363
T047,damon,rag2026-108,33,4157,720,718
T047,damon,rag2026-109,12,1635,274,275
T047,damon,rag2026-11,15,2285,366,369
T047,damon,rag2026-110,26,3578,618,613
T047,damon,rag2026-111,41,4951,962,1027
T047,damon,rag2026-112,14,1846,346,346
T047,damon,rag2026-113,13,1769,334,334
T047,damon,rag2026-114,22,3252,584,588
T047,damon,rag2026-115,14,1733,331,332
T047,damon,rag2026-116,12,1817,316,323
T047,damon,rag2026-117,45,5334,929,929
T047,damon,rag2026-118,24,3560,588,597
T047,damon,rag2026-12,57,6951,1310,1367
T047,damon,rag2026-13,20,2857,484,485
T047,damon,rag2026-14,23,2863,475,481
T047,damon,rag2026-15,13,2068,350,358
T047,damon,rag2026-16,11,1385,260,278
T047,damon,rag2026-17,6,779,126,126
T047,damon,rag2026-18,1,157,30,30
T047,damon,rag2026-19,28,3518,603,606
T047,damon,rag2026-2,11,1486,280,281
T047,damon,rag2026-20,9,1048,175,177
T047,damon,rag2026-21,18,2432,447,446
T047,damon,rag2026-22,19,2502,419,420
T047,damon,rag2026-23,24,3578,579,584
T047,damon,rag2026-24,18,2521,490,495
T047,damon,rag2026-25,22,3547,675,682
T047,damon,rag2026-26,22,2623,435,437
T047,damon,rag2026-27,16,2745,484,490
T047,damon,rag2026-28,7,785,154,153
T047,damon,rag2026-29,15,1961,344,350
T047,damon,rag2026-3,32,4441,872,928
T047,damon,rag2026-30,15,2091,347,348
T047,damon,rag2026-31,9,1513,273,273
T047,damon,rag2026-32,14,1806,312,321
T047,damon,rag2026-33,7,639,137,137
T047,damon,rag2026-34,21,2729,461,462
T047,damon,rag2026-35,14,2337,416,419
T047,damon,rag2026-36,5,588,107,107
T047,damon,rag2026-37,21,2913,499,504
T047,damon,rag2026-38,18,2341,393,398
T047,damon,rag2026-39,11,1569,261,259
T047,damon,rag2026-4,21,2430,407,411
T047,damon,rag2026-40,6,737,108,108
T047,damon,rag2026-41,4,544,95,95
T047,damon,rag2026-42,18,2848,477,485
T047,damon,rag2026-43,14,1927,316,317
T047,damon,rag2026-44,26,3131,581,591
T047,damon,rag2026-45,14,1774,335,335
T047,damon,rag2026-46,24,2863,479,481
T047,damon,rag2026-47,12,1571,250,249
T047,damon,rag2026-48,30,3970,713,714
T047,damon,rag2026-49,17,2343,418,418
T047,damon,rag2026-5,15,1888,354,364
T047,damon,rag2026-50,15,1961,367,380
T047,damon,rag2026-51,24,3305,551,555
T047,damon,rag2026-52,15,1963,362,371
T047,damon,rag2026-53,23,3248,555,554
T047,damon,rag2026-54,11,1622,275,275
T047,damon,rag2026-55,11,1534,268,267
T047,damon,rag2026-56,25,3577,624,622
T047,damon,rag2026-57,37,4713,834,834
T047,damon,rag2026-58,20,2014,376,377
T047,damon,rag2026-59,16,2078,356,359
T047,damon,rag2026-6,58,7015,1275,1324
T047,damon,rag2026-61,50,6872,1270,1318
T047,damon,rag2026-62,2,370,63,64
T047,damon,rag2026-63,40,4398,752,748
T047,damon,rag2026-64,21,2799,469,473
T047,damon,rag2026-65,9,1110,197,198
T047,damon,rag2026-66,14,1764,307,308
T047,damon,rag2026-67,23,3169,597,601
T047,damon,rag2026-68,17,2739,481,487
T047,damon,rag2026-69,13,1696,273,272
T047,damon,rag2026-7,9,1249,211,211
T047,damon,rag2026-70,16,2184,402,399
T047,damon,rag2026-71,24,3615,601,605
T047,damon,rag2026-72,9,1029,216,219
T047,damon,rag2026-73,8,939,153,153
T047,damon,rag2026-74,10,1122,208,210
T047,damon,rag2026-75,15,2117,369,374
T047,damon,rag2026-76,20,2989,572,581
T047,damon,rag2026-77,12,1695,279,284
T047,damon,rag2026-78,22,3139,550,552
T047,damon,rag2026-79,14,1954,345,347
T047,damon,rag2026-8,18,2421,438,436
T047,damon,rag2026-80,13,1862,357,355
T047,damon,rag2026-81,40,5438,1001,1030
T047,damon,rag2026-82,7,898,176,175
T047,damon,rag2026-83,21,2788,484,481
T047,damon,rag2026-84,7,822,137,130
T047,damon,rag2026-85,16,2131,372,380
T047,damon,rag2026-86,13,1663,307,312
T047,damon,rag2026-87,26,3344,567,556
T047,damon,rag2026-88,26,3435,574,572
T047,damon,rag2026-89,27,4011,696,711
T047,damon,rag2026-9,27,3469,623,619
T047,damon,rag2026-90,23,2731,462,466
T047,damon,rag2026-91,4,481,82,85
T047,damon,rag2026-92,5,669,125,121
T047,damon,rag2026-93,23,2909,530,533
T047,damon,rag2026-94,23,3167,541,547
T047,damon,rag2026-95,21,3102,544,558
T047,damon,rag2026-96,13,1850,316,316
T047,damon,rag2026-97,10,1381,245,245
T047,damon,rag2026-98,30,3972,690,690
T047,damon,rag2026-99,13,1862,328,329
T569,darcy,rag2026-0,20,5151,855,863
T569,darcy,rag2026-1,16,4187,775,788
T569,darcy,rag2026-2,15,4277,726,736
T569,darcy,rag2026-3,19,4630,850,880
T569,darcy,rag2026-4,16,3856,706,710
T569,darcy,rag2026-5,15,3595,679,694
T569,darcy,rag2026-6,24,6545,1238,1319
T569,darcy,rag2026-7,22,5109,891,900
T569,darcy,rag2026-8,18,4229,722,733
T569,darcy,rag2026-9,17,4709,849,864
T569,darcy,rag2026-10,16,4705,829,857
T569,darcy,rag2026-11,17,4495,742,760
T569,darcy,rag2026-12,27,6389,1179,1240
T569,darcy,rag2026-13,17,4470,811,825
T569,darcy,rag2026-14,21,5184,864,871
T569,darcy,rag2026-15,16,3940,678,686
T569,darcy,rag2026-16,20,4494,763,771
T569,darcy,rag2026-17,15,4091,696,700
T569,darcy,rag2026-18,16,3900,740,755
T569,darcy,rag2026-19,15,4297,767,802
T569,darcy,rag2026-20,12,2739,493,497
T569,darcy,rag2026-21,15,3849,699,710
T569,darcy,rag2026-22,19,4281,683,681
T569,darcy,rag2026-23,17,4450,746,753
T569,darcy,rag2026-24,21,4848,874,895
T569,darcy,rag2026-25,7,1877,309,307
T569,darcy,rag2026-26,18,5897,961,961
T569,darcy,rag2026-27,16,4549,961,990
T569,darcy,rag2026-28,43,6281,1144,1140
T569,darcy,rag2026-29,15,4059,699,716
T569,darcy,rag2026-30,31,6520,1148,1150
T569,darcy,rag2026-31,15,3744,642,641
T569,darcy,rag2026-32,16,4009,691,705
T569,darcy,rag2026-33,21,4939,848,857
T569,darcy,rag2026-34,16,3768,699,736
T569,darcy,rag2026-35,14,4150,708,720
T569,darcy,rag2026-36,35,7155,1294,1331
T569,darcy,rag2026-37,20,4434,807,830
T569,darcy,rag2026-38,22,5557,948,958
T569,darcy,rag2026-39,17,4096,676,681
T569,darcy,rag2026-40,14,3407,555,556
T569,darcy,rag2026-41,13,2835,517,519
T569,darcy,rag2026-42,23,6328,1135,1159
T569,darcy,rag2026-43,22,5557,934,943
T569,darcy,rag2026-44,15,3627,646,648
T569,darcy,rag2026-45,15,4402,752,761
T569,darcy,rag2026-46,18,4356,779,781
T569,darcy,rag2026-47,17,4135,677,680
T569,darcy,rag2026-48,13,3554,617,627
T569,darcy,rag2026-49,36,7311,1237,1253
T569,darcy,rag2026-50,11,2575,456,463
T569,darcy,rag2026-51,16,3237,546,545
T569,darcy,rag2026-52,20,4762,985,1033
T569,darcy,rag2026-53,26,5633,1083,1117
T569,darcy,rag2026-54,14,3285,543,544
T569,darcy,rag2026-55,17,4405,731,734
T569,darcy,rag2026-56,21,5331,962,1015
T569,darcy,rag2026-57,15,4210,747,767
T569,darcy,rag2026-58,13,2311,477,476
T569,darcy,rag2026-59,15,3838,632,640
T569,darcy,rag2026-60,51,7045,1282,1335
T569,darcy,rag2026-61,14,3297,612,648
T569,darcy,rag2026-62,93,5937,1293,1298
T569,darcy,rag2026-63,41,5898,1140,1150
T569,darcy,rag2026-64,16,4300,713,716
T569,darcy,rag2026-65,32,7454,1256,1263
T569,darcy,rag2026-66,16,4415,747,759
T569,darcy,rag2026-67,11,2787,492,503
T569,darcy,rag2026-68,13,3181,562,567
T569,darcy,rag2026-69,41,7136,1163,1183
T569,darcy,rag2026-70,18,5004,890,887
T569,darcy,rag2026-71,15,3928,665,672
T569,darcy,rag2026-72,35,7092,1431,1419
T569,darcy,rag2026-73,17,4373,770,778
T569,darcy,rag2026-74,25,6568,1144,1148
T569,darcy,rag2026-75,18,4326,735,738
T569,darcy,rag2026-76,16,3784,679,691
T569,darcy,rag2026-77,46,6690,1115,1126
T569,darcy,rag2026-78,18,4120,713,709
T569,darcy,rag2026-79,17,4168,720,734
T569,darcy,rag2026-80,19,4599,793,790
T569,darcy,rag2026-81,14,3320,597,607
T569,darcy,rag2026-82,10,2805,455,458
T569,darcy,rag2026-83,19,4574,797,799
T569,darcy,rag2026-84,11,2144,364,359
T569,darcy,rag2026-85,20,5142,874,882
T569,darcy,rag2026-86,37,6193,1071,1095
T569,darcy,rag2026-87,27,6727,1114,1105
T569,darcy,rag2026-88,14,3465,616,622
T569,darcy,rag2026-89,15,3489,594,596
T569,darcy,rag2026-90,16,3589,619,630
T569,darcy,rag2026-91,10,4041,918,916
T569,darcy,rag2026-92,34,5134,912,914
T569,darcy,rag2026-93,15,3336,649,672
T569,darcy,rag2026-94,13,2623,434,438
T569,darcy,rag2026-95,20,5621,976,988
T569,darcy,rag2026-96,14,4464,764,782
T569,darcy,rag2026-97,19,4782,789,799
T569,darcy,rag2026-98,16,2661,485,485
T569,darcy,rag2026-99,18,4232,752,779
T569,darcy,rag2026-100,15,3568,587,588
T569,darcy,rag2026-101,21,4946,845,850
T569,darcy,rag2026-102,33,6801,1170,1224
T569,darcy,rag2026-103,15,3837,639,657
T569,darcy,rag2026-104,18,4050,716,733
T569,darcy,rag2026-105,19,3889,712,711
T569,darcy,rag2026-106,16,3529,624,638
T569,darcy,rag2026-107,6,1224,229,236
T569,darcy,rag2026-108,13,3327,546,565
T569,darcy,rag2026-109,20,5017,850,863
T569,darcy,rag2026-110,15,3805,707,734
T569,darcy,rag2026-111,20,4826,904,952
T569,darcy,rag2026-112,12,3012,542,546
T569,darcy,rag2026-113,19,4583,816,821
T569,darcy,rag2026-114,11,2989,505,506
T569,darcy,rag2026-115,45,5588,1142,1179
T569,darcy,rag2026-116,24,5942,996,1011
T569,darcy,rag2026-117,10,2149,379,383
T569,darcy,rag2026-118,17,4406,770,781
T445,daria,rag2026-0,10,2746,477,483
T445,daria,rag2026-1,10,2263,460,466
T445,daria,rag2026-2,11,2615,473,487
T445,daria,rag2026-3,10,2588,492,509
T445,daria,rag2026-4,10,1971,362,363
T445,daria,rag2026-5,10,2523,448,454
T445,daria,rag2026-6,10,1898,389,415
T445,daria,rag2026-7,11,2453,416,420
T445,daria,rag2026-8,10,2506,451,457
T445,daria,rag2026-9,10,2395,443,464
T445,daria,rag2026-10,10,2306,461,478
T445,daria,rag2026-11,6,3838,671,685
T445,daria,rag2026-12,8,2420,454,477
T445,daria,rag2026-13,10,2240,397,408
T445,daria,rag2026-14,10,2819,489,494
T445,daria,rag2026-15,10,2599,423,425
T445,daria,rag2026-16,11,2470,427,435
T445,daria,rag2026-17,10,2142,388,388
T445,daria,rag2026-18,10,2162,396,401
T445,daria,rag2026-19,10,2283,421,433
T445,daria,rag2026-20,11,2410,423,428
T445,daria,rag2026-21,7,4051,771,792
T445,daria,rag2026-22,3,3327,574,574
T445,daria,rag2026-23,9,2121,372,376
T445,daria,rag2026-24,10,2562,518,530
T445,daria,rag2026-25,9,2171,413,410
T445,daria,rag2026-26,9,2686,454,458
T445,daria,rag2026-27,1,3985,953,967
T445,daria,rag2026-28,8,3627,665,666
T445,daria,rag2026-29,10,2647,524,546
T445,daria,rag2026-30,10,2779,458,460
T445,daria,rag2026-31,10,1985,346,347
T445,daria,rag2026-32,8,4841,810,818
T445,daria,rag2026-33,10,2521,429,433
T445,daria,rag2026-34,11,2671,443,452
T445,daria,rag2026-35,11,2837,528,545
T445,daria,rag2026-36,10,2718,454,457
T445,daria,rag2026-37,10,2672,489,500
T445,daria,rag2026-38,10,2567,462,474
T445,daria,rag2026-39,10,2680,418,421
T445,daria,rag2026-40,11,2243,374,378
T445,daria,rag2026-41,10,2177,364,366
T445,daria,rag2026-42,9,2255,418,434
T445,daria,rag2026-43,10,2325,403,408
T445,daria,rag2026-44,10,2529,478,482
T445,daria,rag2026-45,10,2506,419,424
T445,daria,rag2026-46,8,3418,565,569
T445,daria,rag2026-47,10,2100,360,362
T445,daria,rag2026-48,10,2297,398,397
T445,daria,rag2026-49,11,2751,473,483
T445,daria,rag2026-50,10,3780,687,689
T445,daria,rag2026-51,19,4848,974,986
T445,daria,rag2026-52,10,2944,589,609
T445,daria,rag2026-53,10,2614,480,483
T445,daria,rag2026-54,11,2498,454,462
T445,daria,rag2026-55,11,2421,418,423
T445,daria,rag2026-56,10,2615,509,522
T445,daria,rag2026-57,10,2542,464,477
T445,daria,rag2026-58,10,1986,422,421
T445,daria,rag2026-59,11,2692,481,506
T445,daria,rag2026-60,11,2275,475,510
T445,daria,rag2026-61,11,2526,485,499
T445,daria,rag2026-62,10,2319,432,433
T445,daria,rag2026-63,10,2360,420,421
T445,daria,rag2026-64,10,3052,487,496
T445,daria,rag2026-65,10,2970,531,542
T445,daria,rag2026-66,10,2259,391,393
T445,daria,rag2026-67,10,2591,454,465
T445,daria,rag2026-68,11,2669,446,449
T445,daria,rag2026-69,10,3363,547,568
T445,daria,rag2026-70,10,1937,364,367
T445,daria,rag2026-71,9,1942,370,370
T445,daria,rag2026-72,11,2405,460,465
T445,daria,rag2026-73,11,2842,487,499
T445,daria,rag2026-74,10,2620,493,497
T445,daria,rag2026-75,11,2373,436,445
T445,daria,rag2026-76,10,2298,451,457
T445,daria,rag2026-77,10,1945,355,355
T445,daria,rag2026-78,10,2512,458,469
T445,daria,rag2026-79,8,4076,741,763
T445,daria,rag2026-80,10,2700,483,482
T445,daria,rag2026-81,10,2349,444,454
T445,daria,rag2026-82,10,2858,505,510
T445,daria,rag2026-83,11,2557,456,457
T445,daria,rag2026-84,10,2630,483,475
T445,daria,rag2026-85,10,2406,401,407
T445,daria,rag2026-86,11,2436,458,474
T445,daria,rag2026-87,11,3669,638,629
T445,daria,rag2026-88,10,2356,413,422
T445,daria,rag2026-89,11,2598,456,475
T445,daria,rag2026-90,11,2375,461,484
T445,daria,rag2026-91,11,2603,513,517
T445,daria,rag2026-92,11,2416,423,417
T445,daria,rag2026-93,11,2618,479,485
T445,daria,rag2026-94,10,2296,385,392
T445,daria,rag2026-95,10,2300,426,433
T445,daria,rag2026-96,11,2929,495,503
T445,daria,rag2026-97,10,2778,476,475
T445,daria,rag2026-98,11,2178,402,401
T445,daria,rag2026-99,10,2837,518,527
T445,daria,rag2026-100,6,3583,603,608
T445,daria,rag2026-101,10,2258,415,431
T445,daria,rag2026-102,10,2350,448,472
T445,daria,rag2026-103,6,3701,671,691
T445,daria,rag2026-104,10,2197,407,415
T445,daria,rag2026-105,11,2591,449,456
T445,daria,rag2026-106,11,2409,462,469
T445,daria,rag2026-107,10,2701,511,515
T445,daria,rag2026-108,10,2880,454,457
T445,daria,rag2026-109,10,2537,440,446
T445,daria,rag2026-110,11,2860,599,625
T445,daria,rag2026-111,19,4421,952,998
T445,daria,rag2026-112,9,2244,434,441
T445,daria,rag2026-113,10,2061,390,393
T445,daria,rag2026-114,10,2349,416,424
T445,daria,rag2026-115,9,2671,507,518
T445,daria,rag2026-116,10,2720,505,514
T445,daria,rag2026-117,11,2327,425,433
T445,daria,rag2026-118,11,2284,411,426
T768,deena,rag2026-0,15,2344,374,378
T768,deena,rag2026-1,15,2103,376,380
T768,deena,rag2026-2,14,2260,372,373
T768,deena,rag2026-3,15,1843,352,364
T768,deena,rag2026-4,15,2439,443,451
T768,deena,rag2026-5,15,2238,401,412
T768,deena,rag2026-6,15,2149,368,372
T768,deena,rag2026-7,15,2410,421,426
T768,deena,rag2026-8,15,1870,331,337
T768,deena,rag2026-9,15,2346,404,405
T768,deena,rag2026-10,15,2331,447,452
T768,deena,rag2026-11,15,2289,377,381
T768,deena,rag2026-12,15,2329,461,499
T768,deena,rag2026-13,15,2241,396,398
T768,deena,rag2026-14,15,2385,401,401
T768,deena,rag2026-15,15,2360,386,393
T768,deena,rag2026-16,15,2475,423,426
T768,deena,rag2026-17,15,2069,362,364
T768,deena,rag2026-18,15,2211,387,390
T768,deena,rag2026-19,15,2292,428,440
T768,deena,rag2026-20,15,1972,331,335
T768,deena,rag2026-21,15,2161,396,404
T768,deena,rag2026-22,15,2420,417,418
T768,deena,rag2026-23,12,1825,307,310
T768,deena,rag2026-24,15,2133,384,391
T768,deena,rag2026-25,15,1907,349,354
T768,deena,rag2026-26,15,2455,431,440
T768,deena,rag2026-27,15,2470,489,500
T768,deena,rag2026-28,13,1920,353,356
T768,deena,rag2026-29,15,2482,420,425
T768,deena,rag2026-30,15,2513,430,438
T768,deena,rag2026-31,15,2244,398,402
T768,deena,rag2026-32,15,2265,403,422
T768,deena,rag2026-33,15,2373,411,413
T768,deena,rag2026-34,15,2134,363,367
T768,deena,rag2026-35,15,2564,445,453
T768,deena,rag2026-36,15,2410,414,418
T768,deena,rag2026-37,15,2397,425,425
T768,deena,rag2026-38,15,2273,374,377
T768,deena,rag2026-39,15,2202,372,377
T768,deena,rag2026-40,15,2250,385,392
T768,deena,rag2026-41,15,2119,382,389
T768,deena,rag2026-42,15,2497,414,419
T768,deena,rag2026-43,14,2276,399,399
T768,deena,rag2026-44,15,2433,453,462
T768,deena,rag2026-45,15,2267,386,388
T768,deena,rag2026-46,15,2206,384,387
T768,deena,rag2026-47,15,2322,405,405
T768,deena,rag2026-48,15,2465,403,403
T768,deena,rag2026-49,15,2132,381,384
T768,deena,rag2026-50,15,2065,376,391
T768,deena,rag2026-51,15,2182,379,377
T768,deena,rag2026-52,15,2005,368,372
T768,deena,rag2026-53,15,2179,384,385
T768,deena,rag2026-54,15,2288,388,392
T768,deena,rag2026-55,15,2455,417,417
T768,deena,rag2026-56,14,2219,406,418
T768,deena,rag2026-57,15,2135,386,386
T768,deena,rag2026-58,15,2050,419,417
T768,deena,rag2026-59,15,2263,387,389
T768,deena,rag2026-60,15,2354,439,461
T768,deena,rag2026-61,15,1977,364,366
T768,deena,rag2026-62,12,1609,293,294
T768,deena,rag2026-63,15,2000,359,358
T768,deena,rag2026-64,15,2260,379,381
T768,deena,rag2026-65,15,2323,395,398
T768,deena,rag2026-66,15,2056,357,365
T768,deena,rag2026-67,15,2322,415,429
T768,deena,rag2026-68,15,2186,357,360
T768,deena,rag2026-69,15,2548,412,417
T768,deena,rag2026-70,15,2212,406,407
T768,deena,rag2026-71,15,2312,390,385
T768,deena,rag2026-72,15,2345,450,454
T768,deena,rag2026-73,15,2189,371,372
T768,deena,rag2026-74,15,1968,363,365
T768,deena,rag2026-75,15,2581,440,449
T768,deena,rag2026-76,15,2399,477,501
T768,deena,rag2026-77,15,2250,349,356
T768,deena,rag2026-78,13,1967,355,353
T768,deena,rag2026-79,15,2390,389,393
T768,deena,rag2026-80,15,1820,364,361
T768,deena,rag2026-81,15,2217,436,453
T768,deena,rag2026-82,15,2315,407,411
T768,deena,rag2026-83,15,2300,420,426
T768,deena,rag2026-84,15,2159,387,379
T768,deena,rag2026-85,15,2042,346,347
T768,deena,rag2026-86,14,2199,388,393
T768,deena,rag2026-87,15,2416,417,418
T768,deena,rag2026-88,15,2221,392,396
T768,deena,rag2026-89,14,2521,429,433
T768,deena,rag2026-90,15,2099,362,365
T768,deena,rag2026-91,14,1900,331,335
T768,deena,rag2026-92,15,2157,368,363
T768,deena,rag2026-93,15,2110,387,389
T768,deena,rag2026-94,15,2408,392,392
T768,deena,rag2026-95,13,1963,338,349
T768,deena,rag2026-96,15,2257,385,388
T768,deena,rag2026-97,15,2338,404,412
T768,deena,rag2026-98,15,1973,355,353
T768,deena,rag2026-99,15,2248,391,402
T768,deena,rag2026-100,15,2195,368,374
T768,deena,rag2026-101,15,2157,367,375
T768,deena,rag2026-102,15,2324,409,424
T768,deena,rag2026-103,15,2316,414,423
T768,deena,rag2026-104,15,2150,367,374
T768,deena,rag2026-105,15,2212,370,373
T768,deena,rag2026-106,15,2008,373,376
T768,deena,rag2026-107,15,1936,354,362
T768,deena,rag2026-108,15,2417,381,386
T768,deena,rag2026-109,13,2026,343,345
T768,deena,rag2026-110,15,2300,435,440
T768,deena,rag2026-111,15,2209,418,440
T768,deena,rag2026-112,15,2235,413,417
T768,deena,rag2026-113,14,1840,352,357
T768,deena,rag2026-114,15,2007,343,345
T768,deena,rag2026-115,15,2186,490,496
T768,deena,rag2026-116,15,2299,390,404
T768,deena,rag2026-117,15,2036,360,363
T768,deena,rag2026-118,15,2244,374,383
T736,eden,rag2026-0,42,8062,1366,1396
T736,eden,rag2026-1,45,7354,1355,1389
T736,eden,rag2026-2,48,7949,1398,1445
T736,eden,rag2026-3,43,7305,1424,1507
T736,eden,rag2026-4,45,7335,1331,1346
T736,eden,rag2026-5,48,7478,1391,1420
T736,eden,rag2026-6,44,8052,1519,1655
T736,eden,rag2026-7,43,8171,1360,1371
T736,eden,rag2026-8,41,7404,1349,1392
T736,eden,rag2026-9,44,7650,1432,1501
T736,eden,rag2026-10,51,7660,1464,1568
T736,eden,rag2026-11,48,8205,1397,1429
T736,eden,rag2026-12,39,7240,1476,1567
T736,eden,rag2026-13,48,7413,1280,1297
T736,eden,rag2026-14,39,7775,1318,1341
T736,eden,rag2026-15,44,8049,1344,1377
T736,eden,rag2026-16,49,7881,1395,1425
T736,eden,rag2026-17,41,7997,1364,1381
T736,eden,rag2026-18,42,7178,1330,1351
T736,eden,rag2026-19,45,7712,1427,1500
T736,eden,rag2026-20,44,7093,1245,1258
T736,eden,rag2026-21,40,7234,1348,1403
T736,eden,rag2026-22,47,8204,1293,1299
T736,eden,rag2026-23,43,7778,1318,1342
T736,eden,rag2026-24,40,7858,1459,1524
T736,eden,rag2026-25,39,7512,1326,1337
T736,eden,rag2026-26,43,8082,1416,1464
T736,eden,rag2026-27,46,8304,1750,1820
T736,eden,rag2026-28,47,8575,1468,1500
T736,eden,rag2026-29,45,7454,1384,1451
T736,eden,rag2026-30,46,8058,1418,1427
T736,eden,rag2026-31,47,7885,1372,1374
T736,eden,rag2026-32,42,7671,1377,1440
T736,eden,rag2026-33,45,7543,1320,1343
T736,eden,rag2026-34,44,7704,1400,1442
T736,eden,rag2026-35,44,7934,1412,1455
T736,eden,rag2026-36,47,7968,1558,1608
T736,eden,rag2026-37,45,7555,1386,1451
T736,eden,rag2026-38,49,8359,1472,1519
T736,eden,rag2026-39,44,8194,1361,1372
T736,eden,rag2026-40,47,8311,1396,1411
T736,eden,rag2026-41,45,6930,1276,1285
T736,eden,rag2026-42,44,7723,1426,1472
T736,eden,rag2026-43,42,8253,1378,1395
T736,eden,rag2026-44,49,7574,1335,1352
T736,eden,rag2026-45,40,7783,1342,1360
T736,eden,rag2026-46,49,7505,1347,1362
T736,eden,rag2026-47,46,8317,1328,1344
T736,eden,rag2026-48,48,7967,1385,1412
T736,eden,rag2026-49,42,7929,1449,1501
T736,eden,rag2026-50,47,7631,1397,1432
T736,eden,rag2026-51,46,7723,1348,1368
T736,eden,rag2026-52,48,6996,1419,1493
T736,eden,rag2026-53,43,7902,1440,1466
T736,eden,rag2026-54,41,8060,1402,1439
T736,eden,rag2026-55,48,8309,1360,1390
T736,eden,rag2026-56,45,7715,1437,1532
T736,eden,rag2026-57,44,7905,1407,1474
T736,eden,rag2026-58,36,6508,1400,1400
T736,eden,rag2026-59,48,7849,1362,1397
T736,eden,rag2026-60,42,7712,1433,1512
T736,eden,rag2026-61,48,7544,1484,1593
T736,eden,rag2026-62,39,7449,1313,1313
T736,eden,rag2026-63,45,6815,1822,1761
T736,eden,rag2026-64,46,7767,1336,1390
T736,eden,rag2026-65,44,7835,1321,1332
T736,eden,rag2026-66,41,7716,1420,1467
T736,eden,rag2026-67,42,7763,1401,1437
T736,eden,rag2026-68,45,8078,1395,1421
T736,eden,rag2026-69,49,8290,1492,1541
T736,eden,rag2026-70,46,7525,1346,1336
T736,eden,rag2026-71,46,7890,1330,1349
T736,eden,rag2026-72,44,8147,1714,1745
T736,eden,rag2026-73,45,7771,1400,1439
T736,eden,rag2026-74,48,7528,1403,1455
T736,eden,rag2026-75,46,8129,1390,1411
T736,eden,rag2026-76,44,7519,1360,1407
T736,eden,rag2026-77,48,8363,1485,1533
T736,eden,rag2026-78,47,7665,1382,1426
T736,eden,rag2026-79,43,7819,1365,1403
T736,eden,rag2026-80,48,7719,1421,1415
T736,eden,rag2026-81,44,6830,1290,1312
T736,eden,rag2026-82,40,7474,1347,1376
T736,eden,rag2026-83,43,8059,1364,1386
T736,eden,rag2026-84,48,7583,1448,1405
T736,eden,rag2026-85,49,8138,1386,1411
T736,eden,rag2026-86,45,8087,1427,1452
T736,eden,rag2026-87,48,8462,1445,1464
T736,eden,rag2026-88,43,8024,1467,1511
T736,eden,rag2026-89,45,8108,1384,1417
T736,eden,rag2026-90,46,7445,1415,1488
T736,eden,rag2026-91,40,6310,1509,1534
T736,eden,rag2026-92,43,7509,1354,1347
T736,eden,rag2026-93,43,7125,1336,1380
T736,eden,rag2026-94,48,7808,1347,1394
T736,eden,rag2026-95,44,7841,1412,1436
T736,eden,rag2026-96,48,7671,1392,1451
T736,eden,rag2026-97,43,7920,1375,1428
T736,eden,rag2026-98,36,6888,1300,1305
T736,eden,rag2026-99,43,7609,1415,1475
T736,eden,rag2026-100,43,8236,1319,1334
T736,eden,rag2026-101,52,7811,1353,1379
T736,eden,rag2026-102,45,7726,1488,1624
T736,eden,rag2026-103,40,7677,1367,1399
T736,eden,rag2026-104,44,7695,1397,1433
T736,eden,rag2026-105,45,7505,1357,1366
T736,eden,rag2026-106,42,7642,1401,1436
T736,eden,rag2026-107,39,7439,1422,1494
T736,eden,rag2026-108,47,7894,1372,1420
T736,eden,rag2026-109,45,8175,1446,1483
T736,eden,rag2026-110,47,7652,1569,1661
T736,eden,rag2026-111,43,7286,1442,1555
T736,eden,rag2026-112,53,8354,1538,1574
T736,eden,rag2026-113,41,7532,1355,1374
T736,eden,rag2026-114,45,7907,1365,1395
T736,eden,rag2026-115,48,7163,1711,1772
T736,eden,rag2026-116,49,8189,1410,1465
T736,eden,rag2026-117,42,7527,1355,1371
T736,eden,rag2026-118,48,7734,1376,1424
T569,edith,rag2026-0,23,6808,1131,1136
T569,edith,rag2026-1,18,5143,939,962
T569,edith,rag2026-2,31,7657,1299,1313
T569,edith,rag2026-3,23,5434,1076,1152
T569,edith,rag2026-4,15,4586,832,837
T569,edith,rag2026-5,17,6158,1215,1266
T569,edith,rag2026-6,33,7398,1415,1536
T569,edith,rag2026-7,16,6061,1063,1077
T569,edith,rag2026-8,24,6791,1199,1232
T569,edith,rag2026-9,24,6739,1286,1357
T569,edith,rag2026-10,29,7223,1319,1408
T569,edith,rag2026-11,20,7487,1262,1324
T569,edith,rag2026-12,20,6056,1163,1211
T569,edith,rag2026-13,21,6403,1109,1126
T569,edith,rag2026-14,20,6532,1127,1147
T569,edith,rag2026-15,17,6207,1032,1049
T569,edith,rag2026-16,23,6602,1144,1163
T569,edith,rag2026-17,18,5612,979,998
T569,edith,rag2026-18,19,5643,1044,1074
T569,edith,rag2026-19,24,7026,1255,1323
T569,edith,rag2026-20,23,5472,989,995
T569,edith,rag2026-21,17,5004,920,943
T569,edith,rag2026-22,24,6870,1088,1091
T569,edith,rag2026-23,20,5574,954,970
T569,edith,rag2026-24,14,4836,875,917
T569,edith,rag2026-25,15,4154,726,737
T569,edith,rag2026-26,21,7683,1228,1236
T569,edith,rag2026-27,19,5344,1085,1121
T569,edith,rag2026-28,39,7832,1522,1570
T569,edith,rag2026-29,21,6596,1157,1190
T569,edith,rag2026-30,18,5640,988,1001
T569,edith,rag2026-31,22,5932,1060,1063
T569,edith,rag2026-32,21,7021,1231,1288
T569,edith,rag2026-33,20,5876,1012,1024
T569,edith,rag2026-34,21,6066,1089,1119
T569,edith,rag2026-35,16,5842,999,1009
T569,edith,rag2026-36,19,7293,1588,1724
T569,edith,rag2026-37,25,6599,1206,1239
T569,edith,rag2026-38,30,7924,1311,1331
T569,edith,rag2026-39,17,6609,1097,1099
T569,edith,rag2026-40,19,6457,1082,1093
T569,edith,rag2026-41,21,5585,1069,1098
T569,edith,rag2026-42,18,5672,970,989
T569,edith,rag2026-43,27,6523,1096,1125
T569,edith,rag2026-44,31,6033,1067,1077
T569,edith,rag2026-45,17,5977,1033,1064
T569,edith,rag2026-46,20,5228,938,945
T569,edith,rag2026-47,19,5976,1015,1025
T569,edith,rag2026-48,21,5790,991,1008
T569,edith,rag2026-49,21,7538,1380,1431
T569,edith,rag2026-50,21,5437,952,975
T569,edith,rag2026-51,20,6325,1091,1106
T569,edith,rag2026-52,20,5749,1232,1323
T569,edith,rag2026-53,22,5275,1190,1260
T569,edith,rag2026-54,23,6512,1113,1125
T569,edith,rag2026-55,17,6244,1038,1049
T569,edith,rag2026-56,22,7086,1270,1329
T569,edith,rag2026-57,20,6959,1187,1202
T569,edith,rag2026-58,19,4225,832,832
T569,edith,rag2026-59,21,5776,1054,1100
T569,edith,rag2026-60,34,6605,1169,1235
T569,edith,rag2026-61,27,6636,1175,1234
T569,edith,rag2026-62,31,5692,1151,1154
T569,edith,rag2026-63,37,6132,1321,1301
T569,edith,rag2026-64,24,6352,1049,1057
T569,edith,rag2026-65,23,7684,1320,1351
T569,edith,rag2026-66,25,7164,1278,1311
T569,edith,rag2026-67,28,5805,1007,1033
T569,edith,rag2026-68,19,6077,1028,1032
T569,edith,rag2026-69,23,6786,1167,1199
T569,edith,rag2026-70,19,6625,1285,1295
T569,edith,rag2026-71,18,5955,1019,1026
T569,edith,rag2026-72,21,5502,1206,1184
T569,edith,rag2026-73,22,5515,935,949
T569,edith,rag2026-74,20,7245,1303,1328
T569,edith,rag2026-75,20,6101,1006,1015
T569,edith,rag2026-76,19,4795,849,887
T569,edith,rag2026-77,34,6119,1015,1031
T569,edith,rag2026-78,18,6273,1169,1215
T569,edith,rag2026-79,23,6560,1108,1148
T569,edith,rag2026-80,18,5664,1012,1013
T569,edith,rag2026-81,24,6069,1127,1161
T569,edith,rag2026-82,21,6542,1083,1092
T569,edith,rag2026-83,20,6632,1139,1148
T569,edith,rag2026-84,16,3945,705,686
T569,edith,rag2026-85,17,5609,956,959
T569,edith,rag2026-86,27,7015,1271,1323
T569,edith,rag2026-87,17,6780,1167,1170
T569,edith,rag2026-88,20,5880,1026,1054
T569,edith,rag2026-89,19,6808,1189,1220
T569,edith,rag2026-90,24,6151,1088,1110
T569,edith,rag2026-91,28,4512,1005,1014
T569,edith,rag2026-92,26,4970,822,808
T569,edith,rag2026-93,19,5389,998,1025
T569,edith,rag2026-94,20,5680,931,953
T569,edith,rag2026-95,21,6518,1135,1153
T569,edith,rag2026-96,19,5709,1018,1054
T569,edith,rag2026-97,17,6105,1019,1047
T569,edith,rag2026-98,23,4616,868,865
T569,edith,rag2026-99,25,6693,1185,1204
T569,edith,rag2026-100,22,5223,922,947
T569,edith,rag2026-101,24,6755,1260,1317
T569,edith,rag2026-102,23,7207,1294,1370
T569,edith,rag2026-103,16,5745,1011,1048
T569,edith,rag2026-104,16,6176,1095,1117
T569,edith,rag2026-105,21,6314,1141,1146
T569,edith,rag2026-106,18,6192,1105,1118
T569,edith,rag2026-107,14,4818,903,911
T569,edith,rag2026-108,20,7712,1245,1272
T569,edith,rag2026-109,22,7729,1284,1308
T569,edith,rag2026-110,22,6671,1355,1410
T569,edith,rag2026-111,21,5684,1107,1200
T569,edith,rag2026-112,20,5080,895,914
T569,edith,rag2026-113,30,5872,1073,1081
T569,edith,rag2026-114,22,6707,1134,1139
T569,edith,rag2026-115,27,5413,1271,1346
T569,edith,rag2026-116,24,6898,1150,1183
T569,edith,rag2026-117,25,6284,1132,1145
T569,edith,rag2026-118,22,7263,1363,1418
T768,eva,rag2026-0,12,1896,297,297
T768,eva,rag2026-1,15,1825,355,360
T768,eva,rag2026-2,15,2640,470,470
T768,eva,rag2026-3,15,1882,361,369
T768,eva,rag2026-4,15,2216,411,418
T768,eva,rag2026-5,15,2370,423,433
T768,eva,rag2026-6,15,2098,359,377
T768,eva,rag2026-7,15,2331,398,400
T768,eva,rag2026-8,13,1795,310,312
T768,eva,rag2026-9,15,2102,379,391
T768,eva,rag2026-10,15,2053,419,421
T768,eva,rag2026-11,15,2425,399,405
T768,eva,rag2026-12,16,2621,514,536
T768,eva,rag2026-13,15,2409,409,416
T768,eva,rag2026-14,15,2406,420,424
T768,eva,rag2026-15,13,2214,371,373
T768,eva,rag2026-16,15,2316,383,390
T768,eva,rag2026-17,11,1812,307,311
T768,eva,rag2026-18,15,2149,369,372
T768,eva,rag2026-19,15,2286,421,435
T768,eva,rag2026-20,15,2158,373,373
T768,eva,rag2026-21,15,2085,380,388
T768,eva,rag2026-22,15,2085,346,348
T768,eva,rag2026-23,15,2583,434,440
T768,eva,rag2026-24,15,2246,424,434
T768,eva,rag2026-25,15,2138,384,389
T768,eva,rag2026-26,14,2228,389,398
T768,eva,rag2026-27,15,2182,436,446
T768,eva,rag2026-28,12,1786,324,327
T768,eva,rag2026-29,15,2264,378,385
T768,eva,rag2026-30,15,2394,427,432
T768,eva,rag2026-31,14,1957,342,343
T768,eva,rag2026-32,14,2185,398,411
T768,eva,rag2026-33,15,2105,348,351
T768,eva,rag2026-34,15,2176,380,388
T768,eva,rag2026-35,15,2590,436,444
T768,eva,rag2026-36,15,2407,416,415
T768,eva,rag2026-37,15,2177,414,416
T768,eva,rag2026-38,15,2467,404,408
T768,eva,rag2026-39,14,2304,400,404
T768,eva,rag2026-40,15,2177,367,375
T768,eva,rag2026-41,15,1986,363,369
T768,eva,rag2026-42,15,2466,392,392
T768,eva,rag2026-43,13,2046,351,355
T768,eva,rag2026-44,15,2414,429,434
T768,eva,rag2026-45,15,2257,382,382
T768,eva,rag2026-46,15,2059,364,367
T768,eva,rag2026-47,15,2445,417,417
T768,eva,rag2026-48,15,2689,447,447
T768,eva,rag2026-49,15,2538,416,421
T768,eva,rag2026-50,15,2462,448,464
T768,eva,rag2026-51,15,2180,383,384
T768,eva,rag2026-52,15,2085,361,369
T768,eva,rag2026-53,15,2428,438,441
T768,eva,rag2026-54,15,2213,378,384
T768,eva,rag2026-55,15,1958,327,330
T768,eva,rag2026-56,15,2289,400,404
T768,eva,rag2026-57,15,2189,387,397
T768,eva,rag2026-58,15,1822,379,378
T768,eva,rag2026-59,14,2015,344,348
T768,eva,rag2026-60,15,2045,342,353
T768,eva,rag2026-61,15,2188,372,373
T768,eva,rag2026-62,13,1897,343,345
T768,eva,rag2026-63,15,1779,324,324
T768,eva,rag2026-64,15,2268,370,372
T768,eva,rag2026-65,15,2342,402,406
T768,eva,rag2026-66,15,2386,402,406
T768,eva,rag2026-67,15,2392,420,423
T768,eva,rag2026-68,15,1982,312,311
T768,eva,rag2026-69,15,2361,373,373
T768,eva,rag2026-70,15,2003,364,364
T768,eva,rag2026-71,15,2086,363,364
T768,eva,rag2026-72,15,1989,355,365
T768,eva,rag2026-73,12,1712,293,296
T768,eva,rag2026-74,11,1454,260,261
T768,eva,rag2026-75,15,2387,414,416
T768,eva,rag2026-76,15,2150,394,397
T768,eva,rag2026-77,15,1956,303,303
T768,eva,rag2026-78,15,2338,396,401
T768,eva,rag2026-79,15,2139,349,355
T768,eva,rag2026-80,15,1672,317,317
T768,eva,rag2026-81,13,1739,328,330
T768,eva,rag2026-82,15,2396,389,391
T768,eva,rag2026-83,15,2399,425,421
T768,eva,rag2026-84,15,1931,349,346
T768,eva,rag2026-85,15,2492,437,441
T768,eva,rag2026-86,12,1658,306,309
T768,eva,rag2026-87,15,2600,441,435
T768,eva,rag2026-88,15,2617,455,464
T768,eva,rag2026-89,15,2705,459,465
T768,eva,rag2026-90,15,2231,391,398
T768,eva,rag2026-91,15,2039,341,347
T768,eva,rag2026-92,14,1919,327,322
T768,eva,rag2026-93,15,2121,388,391
T768,eva,rag2026-94,15,2286,366,365
T768,eva,rag2026-95,15,2346,409,418
T768,eva,rag2026-96,15,2383,402,404
T768,eva,rag2026-97,15,2372,400,405
T768,eva,rag2026-98,15,2009,352,352
T768,eva,rag2026-99,15,2206,380,385
T768,eva,rag2026-100,15,2294,366,372
T768,eva,rag2026-101,15,2493,429,430
T768,eva,rag2026-102,15,2359,408,415
T768,eva,rag2026-103,15,2161,383,390
T768,eva,rag2026-104,15,2058,376,392
T768,eva,rag2026-105,15,2176,394,396
T768,eva,rag2026-106,15,1991,377,378
T768,eva,rag2026-107,14,1869,348,349
T768,eva,rag2026-108,15,2159,353,364
T768,eva,rag2026-109,15,2328,392,403
T768,eva,rag2026-110,15,2331,422,423
T768,eva,rag2026-111,15,2174,413,433
T768,eva,rag2026-112,15,1974,367,372
T768,eva,rag2026-113,14,1802,341,347
T768,eva,rag2026-114,15,2016,354,358
T768,eva,rag2026-115,15,1834,408,414
T768,eva,rag2026-116,14,2334,427,439
T768,eva,rag2026-117,15,2163,388,393
T768,eva,rag2026-118,15,2465,401,409
T341,eve,rag2026-0,47,7522,1273,1288
T341,eve,rag2026-1,48,7057,1295,1324
T341,eve,rag2026-2,36,7142,1254,1289
T341,eve,rag2026-3,49,6329,1193,1247
T341,eve,rag2026-4,51,6992,1256,1266
T341,eve,rag2026-5,44,6726,1283,1331
T341,eve,rag2026-6,12,6846,1325,1428
T341,eve,rag2026-7,48,7239,1298,1309
T341,eve,rag2026-8,33,7495,1338,1392
T341,eve,rag2026-9,48,7039,1355,1405
T341,eve,rag2026-10,52,6479,1233,1290
T341,eve,rag2026-11,21,6950,1218,1270
T341,eve,rag2026-12,21,6849,1428,1514
T341,eve,rag2026-13,38,7116,1284,1308
T341,eve,rag2026-14,11,6589,1101,1118
T341,eve,rag2026-15,43,7589,1357,1389
T341,eve,rag2026-16,55,7545,1374,1398
T341,eve,rag2026-17,31,7224,1271,1286
T341,eve,rag2026-18,45,6771,1289,1312
T341,eve,rag2026-19,20,7168,1295,1334
T341,eve,rag2026-20,51,6803,1234,1242
T341,eve,rag2026-21,45,6624,1296,1348
T341,eve,rag2026-22,55,7208,1210,1215
T341,eve,rag2026-23,11,7088,1256,1266
T341,eve,rag2026-24,50,7309,1363,1396
T341,eve,rag2026-25,47,6978,1219,1232
T341,eve,rag2026-26,16,7402,1279,1307
T341,eve,rag2026-27,48,7638,1764,1854
T341,eve,rag2026-28,36,8108,1636,1650
T341,eve,rag2026-29,34,7012,1339,1402
T341,eve,rag2026-30,42,6988,1292,1309
T341,eve,rag2026-31,27,7600,1378,1391
T341,eve,rag2026-32,27,6809,1226,1268
T341,eve,rag2026-33,22,6665,1169,1183
T341,eve,rag2026-34,47,7051,1281,1325
T341,eve,rag2026-35,44,7376,1310,1347
T341,eve,rag2026-36,18,7509,1374,1387
T341,eve,rag2026-37,11,6253,1177,1235
T341,eve,rag2026-38,24,7898,1378,1408
T341,eve,rag2026-39,26,7264,1237,1245
T341,eve,rag2026-40,19,7325,1280,1302
T341,eve,rag2026-41,48,6710,1242,1262
T341,eve,rag2026-42,44,7467,1391,1431
T341,eve,rag2026-43,51,7592,1318,1321
T341,eve,rag2026-44,47,7295,1340,1353
T341,eve,rag2026-45,52,6794,1210,1225
T341,eve,rag2026-46,49,6862,1249,1253
T341,eve,rag2026-47,41,7200,1249,1253
T341,eve,rag2026-48,13,6730,1214,1245
T341,eve,rag2026-49,41,7685,1425,1475
T341,eve,rag2026-50,52,7165,1310,1339
T341,eve,rag2026-51,47,6850,1250,1268
T341,eve,rag2026-52,24,5918,1242,1295
T341,eve,rag2026-53,46,7004,1315,1357
T341,eve,rag2026-54,21,6789,1227,1259
T341,eve,rag2026-55,40,7322,1282,1308
T341,eve,rag2026-56,47,6992,1349,1426
T341,eve,rag2026-57,16,7285,1313,1372
T341,eve,rag2026-58,43,5857,1231,1234
T341,eve,rag2026-59,56,7241,1297,1323
T341,eve,rag2026-60,57,7345,1380,1447
T341,eve,rag2026-61,52,6664,1281,1366
T341,eve,rag2026-62,59,5105,1104,1114
T341,eve,rag2026-63,54,6784,1289,1285
T341,eve,rag2026-64,38,7473,1324,1358
T341,eve,rag2026-65,39,7584,1342,1370
T341,eve,rag2026-66,38,7146,1324,1353
T341,eve,rag2026-67,40,7075,1301,1345
T341,eve,rag2026-68,46,7546,1339,1356
T341,eve,rag2026-69,45,7629,1276,1320
T341,eve,rag2026-70,36,7172,1355,1361
T341,eve,rag2026-71,31,7286,1286,1293
T341,eve,rag2026-72,45,7027,1431,1459
T341,eve,rag2026-73,47,6882,1257,1300
T341,eve,rag2026-74,40,6806,1241,1269
T341,eve,rag2026-75,21,7102,1252,1289
T341,eve,rag2026-76,44,6118,1198,1265
T341,eve,rag2026-77,35,8071,1362,1397
T341,eve,rag2026-78,37,7570,1382,1401
T341,eve,rag2026-79,39,6740,1243,1290
T341,eve,rag2026-80,23,6669,1236,1240
T341,eve,rag2026-81,30,6574,1211,1262
T341,eve,rag2026-82,41,7026,1283,1322
T341,eve,rag2026-83,18,6890,1275,1300
T341,eve,rag2026-84,55,7114,1235,1215
T341,eve,rag2026-85,33,7374,1313,1327
T341,eve,rag2026-86,35,7648,1370,1417
T341,eve,rag2026-87,39,7929,1503,1547
T341,eve,rag2026-88,46,7376,1328,1354
T341,eve,rag2026-89,47,7183,1235,1249
T341,eve,rag2026-90,34,6948,1323,1393
T341,eve,rag2026-91,49,5433,1218,1234
T341,eve,rag2026-92,31,7242,1265,1262
T341,eve,rag2026-93,9,6566,1252,1281
T341,eve,rag2026-94,31,6448,1130,1173
T341,eve,rag2026-95,21,7360,1335,1368
T341,eve,rag2026-96,20,7208,1323,1348
T341,eve,rag2026-97,16,7193,1298,1359
T341,eve,rag2026-98,57,6390,1153,1155
T341,eve,rag2026-99,24,6662,1282,1323
T341,eve,rag2026-100,28,7308,1290,1293
T341,eve,rag2026-101,23,7342,1342,1384
T341,eve,rag2026-102,20,7439,1387,1478
T341,eve,rag2026-103,44,7278,1315,1364
T341,eve,rag2026-104,52,7273,1367,1384
T341,eve,rag2026-105,40,7350,1332,1338
T341,eve,rag2026-106,51,6915,1246,1257
T341,eve,rag2026-107,51,6601,1238,1293
T341,eve,rag2026-108,38,7623,1392,1441
T341,eve,rag2026-109,28,7728,1358,1397
T341,eve,rag2026-110,45,6897,1345,1391
T341,eve,rag2026-111,46,6690,1315,1404
T341,eve,rag2026-112,52,7879,1412,1434
T341,eve,rag2026-113,51,6771,1213,1234
T341,eve,rag2026-114,47,7501,1327,1347
T341,eve,rag2026-115,44,6595,1392,1452
T341,eve,rag2026-116,33,7320,1292,1337
T341,eve,rag2026-117,44,6977,1281,1300
T341,eve,rag2026-118,52,7446,1352,1395
T736,finn,rag2026-0,45,8390,1451,1488
T736,finn,rag2026-1,39,7422,1397,1440
T736,finn,rag2026-2,47,7896,1416,1464
T736,finn,rag2026-3,50,7257,1465,1536
T736,finn,rag2026-4,45,7458,1387,1397
T736,finn,rag2026-5,45,7604,1437,1477
T736,finn,rag2026-6,44,7819,1523,1659
T736,finn,rag2026-7,41,8173,1436,1451
T736,finn,rag2026-8,47,7500,1380,1430
T736,finn,rag2026-9,40,7771,1439,1502
T736,finn,rag2026-10,48,7372,1492,1600
T736,finn,rag2026-11,46,8392,1451,1505
T736,finn,rag2026-12,43,7232,1555,1660
T736,finn,rag2026-13,39,7551,1328,1349
T736,finn,rag2026-14,40,8231,1403,1437
T736,finn,rag2026-15,42,8175,1449,1487
T736,finn,rag2026-16,47,8021,1547,1623
T736,finn,rag2026-17,44,8062,1440,1494
T736,finn,rag2026-18,39,7223,1403,1433
T736,finn,rag2026-19,49,7942,1480,1555
T736,finn,rag2026-20,44,7318,1290,1303
T736,finn,rag2026-21,35,6976,1353,1416
T736,finn,rag2026-22,54,8199,1337,1350
T736,finn,rag2026-23,43,7845,1421,1472
T736,finn,rag2026-24,38,7543,1417,1482
T736,finn,rag2026-25,31,7475,1336,1340
T736,finn,rag2026-26,41,8093,1402,1445
T736,finn,rag2026-27,47,8682,1964,2062
T736,finn,rag2026-28,46,8341,1480,1506
T736,finn,rag2026-29,44,7445,1380,1451
T736,finn,rag2026-30,46,8327,1486,1508
T736,finn,rag2026-31,51,8035,1472,1473
T736,finn,rag2026-32,42,7448,1392,1470
T736,finn,rag2026-33,47,7637,1326,1347
T736,finn,rag2026-34,39,7343,1398,1446
T736,finn,rag2026-35,43,7975,1467,1514
T736,finn,rag2026-36,47,7921,1589,1634
T736,finn,rag2026-37,43,7361,1374,1426
T736,finn,rag2026-38,47,8397,1521,1579
T736,finn,rag2026-39,45,8284,1387,1405
T736,finn,rag2026-40,47,8361,1425,1450
T736,finn,rag2026-41,45,7163,1370,1406
T736,finn,rag2026-42,41,7653,1452,1512
T736,finn,rag2026-43,42,8377,1426,1429
T736,finn,rag2026-44,40,7516,1353,1370
T736,finn,rag2026-45,47,7937,1382,1409
T736,finn,rag2026-46,47,7647,1403,1412
T736,finn,rag2026-47,41,8085,1329,1338
T736,finn,rag2026-48,44,8071,1437,1477
T736,finn,rag2026-49,45,7984,1463,1531
T736,finn,rag2026-50,45,7793,1456,1523
T736,finn,rag2026-51,45,7586,1368,1375
T736,finn,rag2026-52,52,6944,1463,1553
T736,finn,rag2026-53,50,7809,1538,1573
T736,finn,rag2026-54,42,8105,1433,1466
T736,finn,rag2026-55,47,8350,1447,1466
T736,finn,rag2026-56,44,7596,1469,1592
T736,finn,rag2026-57,46,7846,1449,1538
T736,finn,rag2026-58,36,6429,1425,1420
T736,finn,rag2026-59,45,7805,1377,1409
T736,finn,rag2026-60,39,7458,1503,1611
T736,finn,rag2026-61,44,7407,1412,1501
T736,finn,rag2026-62,44,7495,1349,1351
T736,finn,rag2026-63,43,6993,1996,1917
T736,finn,rag2026-64,53,8181,1430,1454
T736,finn,rag2026-65,42,7821,1336,1345
T736,finn,rag2026-66,39,7535,1441,1496
T736,finn,rag2026-67,41,7795,1429,1477
T736,finn,rag2026-68,44,8140,1413,1455
T736,finn,rag2026-69,50,8116,1472,1513
T736,finn,rag2026-70,42,7636,1413,1416
T736,finn,rag2026-71,51,8175,1423,1438
T736,finn,rag2026-72,45,8167,1867,1913
T736,finn,rag2026-73,49,7527,1394,1437
T736,finn,rag2026-74,46,7633,1442,1496
T736,finn,rag2026-75,47,7980,1485,1534
T736,finn,rag2026-76,36,7434,1403,1462
T736,finn,rag2026-77,48,8463,1513,1554
T736,finn,rag2026-78,41,7684,1428,1472
T736,finn,rag2026-79,41,7812,1381,1436
T736,finn,rag2026-80,42,7551,1475,1478
T736,finn,rag2026-81,44,7173,1370,1404
T736,finn,rag2026-82,48,7556,1445,1507
T736,finn,rag2026-83,46,8284,1410,1437
T736,finn,rag2026-84,45,7851,1632,1564
T736,finn,rag2026-85,43,8106,1426,1445
T736,finn,rag2026-86,46,8139,1538,1579
T736,finn,rag2026-87,47,8360,1503,1521
T736,finn,rag2026-88,49,8010,1508,1565
T736,finn,rag2026-89,48,8126,1376,1396
T736,finn,rag2026-90,44,7594,1530,1653
T736,finn,rag2026-91,37,6450,1623,1645
T736,finn,rag2026-92,46,7686,1446,1449
T736,finn,rag2026-93,36,7171,1391,1454
T736,finn,rag2026-94,49,7988,1429,1495
T736,finn,rag2026-95,44,7803,1445,1487
T736,finn,rag2026-96,49,7791,1449,1521
T736,finn,rag2026-97,45,7760,1394,1473
T736,finn,rag2026-98,37,6980,1326,1344
T736,finn,rag2026-99,47,7593,1471,1531
T736,finn,rag2026-100,46,8277,1382,1411
T736,finn,rag2026-101,52,7791,1425,1456
T736,finn,rag2026-102,49,7993,1467,1582
T736,finn,rag2026-103,42,7750,1447,1507
T736,finn,rag2026-104,43,7896,1484,1519
T736,finn,rag2026-105,47,7730,1431,1450
T736,finn,rag2026-106,43,7417,1382,1428
T736,finn,rag2026-107,38,7311,1450,1516
T736,finn,rag2026-108,51,8145,1432,1481
T736,finn,rag2026-109,51,8305,1502,1546
T736,finn,rag2026-110,49,7637,1589,1682
T736,finn,rag2026-111,44,7094,1534,1670
T736,finn,rag2026-112,54,8446,1667,1722
T736,finn,rag2026-113,38,7290,1350,1376
T736,finn,rag2026-114,50,8079,1392,1427
T736,finn,rag2026-115,41,6921,1748,1800
T736,finn,rag2026-116,50,7965,1400,1450
T736,finn,rag2026-117,41,7806,1434,1456
T736,finn,rag2026-118,49,8130,1481,1537
T175,gabe,rag2026-0,21,4513,717,722
T175,gabe,rag2026-1,20,4376,768,781
T175,gabe,rag2026-10,12,2822,510,527
T175,gabe,rag2026-100,21,4064,648,658
T175,gabe,rag2026-101,28,6477,1169,1203
T175,gabe,rag2026-102,21,4581,864,905
T175,gabe,rag2026-103,17,3828,640,663
T175,gabe,rag2026-104,19,4527,797,825
T175,gabe,rag2026-105,17,3748,634,640
T175,gabe,rag2026-106,12,2727,506,507
T175,gabe,rag2026-107,8,1615,304,322
T175,gabe,rag2026-108,24,5288,894,922
T175,gabe,rag2026-109,26,5353,884,899
T175,gabe,rag2026-11,19,4689,804,827
T175,gabe,rag2026-110,15,3959,792,844
T175,gabe,rag2026-111,24,4207,789,849
T175,gabe,rag2026-112,26,5550,1053,1119
T175,gabe,rag2026-113,9,2403,431,437
T175,gabe,rag2026-114,17,4252,697,702
T175,gabe,rag2026-115,26,4512,913,937
T175,gabe,rag2026-116,33,5876,1126,1223
T175,gabe,rag2026-117,18,3301,591,602
T175,gabe,rag2026-118,17,4434,767,788
T175,gabe,rag2026-12,32,5199,965,1005
T175,gabe,rag2026-13,8,1612,294,303
T175,gabe,rag2026-14,19,3591,571,575
T175,gabe,rag2026-15,11,2732,440,445
T175,gabe,rag2026-16,17,3911,639,645
T175,gabe,rag2026-17,11,1551,253,253
T175,gabe,rag2026-18,14,3529,635,648
T175,gabe,rag2026-19,19,4917,918,980
T175,gabe,rag2026-2,20,5318,929,941
T175,gabe,rag2026-20,6,1503,245,245
T175,gabe,rag2026-21,16,3045,580,596
T175,gabe,rag2026-22,13,3024,499,501
T175,gabe,rag2026-23,19,4143,697,694
T175,gabe,rag2026-24,14,3212,627,652
T175,gabe,rag2026-25,8,1043,197,199
T175,gabe,rag2026-26,35,6865,1131,1145
T175,gabe,rag2026-27,18,4292,869,882
T175,gabe,rag2026-28,19,3856,668,679
T175,gabe,rag2026-29,16,4681,828,860
T175,gabe,rag2026-3,16,3365,589,618
T175,gabe,rag2026-30,19,3955,661,667
T175,gabe,rag2026-31,14,2361,416,421
T175,gabe,rag2026-32,15,3628,635,655
T175,gabe,rag2026-33,18,3217,531,533
T175,gabe,rag2026-34,14,3061,509,517
T175,gabe,rag2026-35,17,3448,568,575
T175,gabe,rag2026-36,11,2844,494,494
T175,gabe,rag2026-37,17,4133,713,721
T175,gabe,rag2026-38,23,4320,755,762
T175,gabe,rag2026-39,26,5272,892,909
T175,gabe,rag2026-4,19,4350,740,749
T175,gabe,rag2026-40,14,4016,676,681
T175,gabe,rag2026-41,14,3496,601,612
T175,gabe,rag2026-42,18,4772,787,803
T175,gabe,rag2026-43,13,3410,589,594
T175,gabe,rag2026-44,17,4019,724,731
T175,gabe,rag2026-45,11,2499,462,491
T175,gabe,rag2026-46,17,3057,512,517
T175,gabe,rag2026-47,14,3320,547,553
T175,gabe,rag2026-48,15,3665,620,629
T175,gabe,rag2026-49,22,5200,920,947
T175,gabe,rag2026-5,22,3931,731,758
T175,gabe,rag2026-50,12,2803,516,533
T175,gabe,rag2026-51,13,3449,603,612
T175,gabe,rag2026-52,26,4304,879,904
T175,gabe,rag2026-53,12,2517,469,484
T175,gabe,rag2026-54,14,4145,744,762
T175,gabe,rag2026-55,15,3757,593,594
T175,gabe,rag2026-56,17,4009,750,776
T175,gabe,rag2026-57,15,3835,674,694
T175,gabe,rag2026-58,15,3653,718,718
T175,gabe,rag2026-59,10,2528,422,439
T175,gabe,rag2026-6,22,5028,905,968
T175,gabe,rag2026-60,31,4207,832,878
T175,gabe,rag2026-61,12,3178,573,591
T175,gabe,rag2026-62,13,2694,453,460
T175,gabe,rag2026-63,26,4063,730,733
T175,gabe,rag2026-64,34,6989,1147,1170
T175,gabe,rag2026-65,19,4079,691,706
T175,gabe,rag2026-66,21,4265,727,741
T175,gabe,rag2026-67,20,4415,813,827
T175,gabe,rag2026-68,15,3066,489,494
T175,gabe,rag2026-69,12,3201,536,553
T175,gabe,rag2026-7,14,3433,561,571
T175,gabe,rag2026-70,13,2232,417,423
T175,gabe,rag2026-71,19,3807,640,641
T175,gabe,rag2026-72,22,5413,990,1008
T175,gabe,rag2026-73,11,3087,536,539
T175,gabe,rag2026-74,9,1881,366,372
T175,gabe,rag2026-75,10,3004,476,477
T175,gabe,rag2026-76,12,3409,643,655
T175,gabe,rag2026-77,24,5746,943,979
T175,gabe,rag2026-78,26,4450,771,771
T175,gabe,rag2026-79,16,3245,536,545
T175,gabe,rag2026-8,16,3862,674,689
T175,gabe,rag2026-80,15,3846,731,722
T175,gabe,rag2026-81,25,4102,740,761
T175,gabe,rag2026-82,13,3241,556,568
T175,gabe,rag2026-83,21,4908,853,880
T175,gabe,rag2026-84,14,2996,497,493
T175,gabe,rag2026-85,16,4150,694,703
T175,gabe,rag2026-86,16,3510,637,658
T175,gabe,rag2026-87,29,5463,975,991
T175,gabe,rag2026-88,19,4906,857,868
T175,gabe,rag2026-89,17,3823,648,650
T175,gabe,rag2026-9,20,4383,792,814
T175,gabe,rag2026-90,16,3201,560,578
T175,gabe,rag2026-91,13,2848,585,594
T175,gabe,rag2026-92,14,2821,479,476
T175,gabe,rag2026-93,13,3313,591,599
T175,gabe,rag2026-94,17,4090,682,693
T175,gabe,rag2026-95,24,4079,701,716
T175,gabe,rag2026-96,26,4468,792,820
T175,gabe,rag2026-97,13,3827,643,655
T175,gabe,rag2026-98,18,3678,642,652
T175,gabe,rag2026-99,17,4117,716,732
T768,geoff,rag2026-0,15,2384,376,380
T768,geoff,rag2026-1,15,2011,364,368
T768,geoff,rag2026-2,15,2486,430,431
T768,geoff,rag2026-3,15,1891,353,362
T768,geoff,rag2026-4,15,2138,388,400
T768,geoff,rag2026-5,15,2218,406,417
T768,geoff,rag2026-6,15,1814,309,324
T768,geoff,rag2026-7,15,2262,385,387
T768,geoff,rag2026-8,15,1952,354,361
T768,geoff,rag2026-9,15,2187,405,414
T768,geoff,rag2026-10,15,1947,375,378
T768,geoff,rag2026-11,15,1987,351,357
T768,geoff,rag2026-12,15,2371,450,471
T768,geoff,rag2026-13,15,2359,440,456
T768,geoff,rag2026-14,15,2448,392,395
T768,geoff,rag2026-15,15,2217,361,366
T768,geoff,rag2026-16,15,2344,397,402
T768,geoff,rag2026-17,15,2268,380,384
T768,geoff,rag2026-18,15,2009,365,368
T768,geoff,rag2026-19,15,2098,360,372
T768,geoff,rag2026-20,15,1803,326,327
T768,geoff,rag2026-21,15,1926,347,359
T768,geoff,rag2026-22,15,2034,343,343
T768,geoff,rag2026-23,15,2427,410,413
T768,geoff,rag2026-24,15,2250,422,431
T768,geoff,rag2026-25,15,1960,359,368
T768,geoff,rag2026-26,15,2385,391,398
T768,geoff,rag2026-27,15,2278,446,455
T768,geoff,rag2026-28,13,1691,311,313
T768,geoff,rag2026-29,15,2528,431,432
T768,geoff,rag2026-30,15,2588,457,460
T768,geoff,rag2026-31,15,2434,415,418
T768,geoff,rag2026-32,15,1969,358,371
T768,geoff,rag2026-33,15,2228,377,381
T768,geoff,rag2026-34,15,2558,437,442
T768,geoff,rag2026-35,15,2458,427,436
T768,geoff,rag2026-36,15,2344,415,418
T768,geoff,rag2026-37,15,2419,426,429
T768,geoff,rag2026-38,12,1876,310,314
T768,geoff,rag2026-39,15,2269,395,396
T768,geoff,rag2026-40,15,2460,419,421
T768,geoff,rag2026-41,15,2021,357,360
T768,geoff,rag2026-42,15,2445,393,395
T768,geoff,rag2026-43,15,2317,407,408
T768,geoff,rag2026-44,15,2162,395,403
T768,geoff,rag2026-45,15,2149,378,378
T768,geoff,rag2026-46,12,1822,308,309
T768,geoff,rag2026-47,15,2462,412,413
T768,geoff,rag2026-48,15,2640,442,440
T768,geoff,rag2026-49,15,2233,373,375
T768,geoff,rag2026-50,15,2203,414,428
T768,geoff,rag2026-51,14,1897,327,330
T768,geoff,rag2026-52,15,2241,401,406
T768,geoff,rag2026-53,14,2017,357,370
T768,geoff,rag2026-54,15,2200,379,377
T768,geoff,rag2026-55,10,1603,264,264
T768,geoff,rag2026-56,15,2384,409,409
T768,geoff,rag2026-57,15,2082,352,356
T768,geoff,rag2026-58,15,2013,393,392
T768,geoff,rag2026-59,13,1945,323,330
T768,geoff,rag2026-60,15,1989,376,400
T768,geoff,rag2026-61,15,1920,339,344
T768,geoff,rag2026-62,14,2144,379,379
T768,geoff,rag2026-63,15,1879,349,349
T768,geoff,rag2026-64,15,2107,356,359
T768,geoff,rag2026-65,15,2329,412,423
T768,geoff,rag2026-66,11,1600,277,277
T768,geoff,rag2026-67,13,2055,366,373
T768,geoff,rag2026-68,15,2150,346,345
T768,geoff,rag2026-69,15,2421,416,422
T768,geoff,rag2026-70,15,2142,404,410
T768,geoff,rag2026-71,15,2054,358,359
T768,geoff,rag2026-72,15,2476,445,445
T768,geoff,rag2026-73,15,2244,382,384
T768,geoff,rag2026-74,15,2191,400,404
T768,geoff,rag2026-75,15,2192,367,370
T768,geoff,rag2026-76,15,2439,482,501
T768,geoff,rag2026-77,15,2223,350,356
T768,geoff,rag2026-78,9,1338,244,249
T768,geoff,rag2026-79,15,2221,378,385
T768,geoff,rag2026-80,15,2218,426,431
T768,geoff,rag2026-81,15,2017,380,390
T768,geoff,rag2026-82,15,2187,382,384
T768,geoff,rag2026-83,15,2446,415,414
T768,geoff,rag2026-84,15,2143,372,365
T768,geoff,rag2026-85,15,2209,393,399
T768,geoff,rag2026-86,15,2146,379,380
T768,geoff,rag2026-87,15,2384,407,403
T768,geoff,rag2026-88,15,2371,411,416
T768,geoff,rag2026-89,12,2236,366,367
T768,geoff,rag2026-90,15,2177,380,382
T768,geoff,rag2026-91,15,1950,335,337
T768,geoff,rag2026-92,15,1950,339,334
T768,geoff,rag2026-93,15,2157,383,386
T768,geoff,rag2026-94,15,2165,346,345
T768,geoff,rag2026-95,15,2282,382,386
T768,geoff,rag2026-96,15,2262,380,382
T768,geoff,rag2026-97,15,2336,408,417
T768,geoff,rag2026-98,15,2040,353,353
T768,geoff,rag2026-99,15,2609,445,451
T768,geoff,rag2026-100,13,1878,308,315
T768,geoff,rag2026-101,15,2175,385,389
T768,geoff,rag2026-102,15,2425,452,484
T768,geoff,rag2026-103,15,2120,356,362
T768,geoff,rag2026-104,15,2115,368,379
T768,geoff,rag2026-105,15,1867,345,346
T768,geoff,rag2026-106,15,1905,360,362
T768,geoff,rag2026-107,14,1846,335,342
T768,geoff,rag2026-108,15,2160,363,378
T768,geoff,rag2026-109,15,2492,421,430
T768,geoff,rag2026-110,15,2425,450,456
T768,geoff,rag2026-111,15,2304,435,455
T768,geoff,rag2026-112,15,2230,404,409
T768,geoff,rag2026-113,15,1989,348,352
T768,geoff,rag2026-114,15,1828,314,315
T768,geoff,rag2026-115,15,2157,448,451
T768,geoff,rag2026-116,15,2569,435,443
T768,geoff,rag2026-117,15,2266,379,384
T768,geoff,rag2026-118,15,2356,387,395
T182,gia,rag2026-0,22,2489,475,477
T182,gia,rag2026-1,17,1394,265,263
T182,gia,rag2026-2,18,1822,308,313
T182,gia,rag2026-3,29,2034,345,351
T182,gia,rag2026-4,14,1490,252,257
T182,gia,rag2026-5,15,1586,289,301
T182,gia,rag2026-6,21,2530,450,469
T182,gia,rag2026-7,17,1616,302,309
T182,gia,rag2026-8,19,1761,325,326
T182,gia,rag2026-9,15,1340,257,268
T182,gia,rag2026-10,18,1943,414,436
T182,gia,rag2026-11,20,1803,344,374
T182,gia,rag2026-12,20,3866,742,758
T182,gia,rag2026-13,20,2162,381,388
T182,gia,rag2026-14,13,1206,214,216
T182,gia,rag2026-15,20,2001,357,371
T182,gia,rag2026-16,23,2528,443,454
T182,gia,rag2026-17,16,2080,411,418
T182,gia,rag2026-18,14,1276,217,218
T182,gia,rag2026-19,19,1715,352,370
T182,gia,rag2026-20,13,1143,201,208
T182,gia,rag2026-21,12,1549,307,320
T182,gia,rag2026-22,13,1354,224,225
T182,gia,rag2026-23,21,2801,458,463
T182,gia,rag2026-24,24,2679,525,543
T182,gia,rag2026-25,14,1348,258,265
T182,gia,rag2026-26,31,2819,504,511
T182,gia,rag2026-27,28,3179,682,697
T182,gia,rag2026-28,13,2561,465,470
T182,gia,rag2026-29,13,1708,343,355
T182,gia,rag2026-30,11,1152,191,193
T182,gia,rag2026-31,25,2836,508,520
T182,gia,rag2026-32,22,2001,337,351
T182,gia,rag2026-33,17,2133,357,360
T182,gia,rag2026-34,15,1524,278,284
T182,gia,rag2026-35,16,2176,360,367
T182,gia,rag2026-36,22,1871,345,345
T182,gia,rag2026-37,21,2157,386,394
T182,gia,rag2026-38,16,2392,400,409
T182,gia,rag2026-39,21,1556,279,279
T182,gia,rag2026-40,15,1487,257,259
T182,gia,rag2026-41,14,1104,205,208
T182,gia,rag2026-42,23,2435,429,451
T182,gia,rag2026-43,17,2704,452,459
T182,gia,rag2026-44,20,1882,364,374
T182,gia,rag2026-45,10,949,179,183
T182,gia,rag2026-46,16,1494,268,270
T182,gia,rag2026-47,25,3194,547,552
T182,gia,rag2026-48,25,2907,497,505
T182,gia,rag2026-49,19,1895,366,381
T182,gia,rag2026-50,24,2344,467,484
T182,gia,rag2026-51,32,3671,656,658
T182,gia,rag2026-52,19,1584,311,312
T182,gia,rag2026-53,18,1524,280,284
T182,gia,rag2026-54,15,1554,251,253
T182,gia,rag2026-55,20,2160,387,398
T182,gia,rag2026-56,26,2144,393,389
T182,gia,rag2026-57,21,2266,427,439
T182,gia,rag2026-58,17,1694,322,322
T182,gia,rag2026-59,19,1889,315,320
T182,gia,rag2026-60,23,2151,435,456
T182,gia,rag2026-61,22,2073,366,374
T182,gia,rag2026-62,29,2063,404,406
T182,gia,rag2026-63,15,1843,323,323
T182,gia,rag2026-64,24,1900,328,340
T182,gia,rag2026-65,18,1716,305,306
T182,gia,rag2026-66,21,2050,343,347
T182,gia,rag2026-67,16,1740,306,311
T182,gia,rag2026-68,24,1901,362,371
T182,gia,rag2026-69,26,2693,454,471
T182,gia,rag2026-70,14,1212,253,265
T182,gia,rag2026-71,22,2248,394,397
T182,gia,rag2026-72,36,4653,918,940
T182,gia,rag2026-73,21,2604,425,426
T182,gia,rag2026-74,26,2943,551,574
T182,gia,rag2026-75,15,1653,279,281
T182,gia,rag2026-76,13,1314,253,259
T182,gia,rag2026-77,32,3103,555,567
T182,gia,rag2026-78,16,1723,326,332
T182,gia,rag2026-79,18,2130,406,415
T182,gia,rag2026-80,18,1746,385,393
T182,gia,rag2026-81,15,1027,203,210
T182,gia,rag2026-82,26,2817,531,539
T182,gia,rag2026-83,29,2945,554,554
T182,gia,rag2026-84,30,3178,589,581
T182,gia,rag2026-85,20,2391,416,429
T182,gia,rag2026-86,41,4968,920,936
T182,gia,rag2026-87,17,2179,363,358
T182,gia,rag2026-88,25,2441,465,469
T182,gia,rag2026-89,19,1859,316,325
T182,gia,rag2026-90,16,1904,354,363
T182,gia,rag2026-91,15,1245,229,230
T182,gia,rag2026-92,19,1757,314,307
T182,gia,rag2026-93,21,1976,385,395
T182,gia,rag2026-94,17,1989,333,339
T182,gia,rag2026-95,19,1867,362,385
T182,gia,rag2026-96,17,1986,373,375
T182,gia,rag2026-97,32,2931,560,586
T182,gia,rag2026-98,20,2154,367,368
T182,gia,rag2026-99,23,2828,516,531
T182,gia,rag2026-100,14,1128,196,195
T182,gia,rag2026-101,39,3881,707,728
T182,gia,rag2026-102,15,1788,321,335
T182,gia,rag2026-103,24,1869,364,380
T182,gia,rag2026-104,30,2568,487,494
T182,gia,rag2026-105,18,1826,343,353
T182,gia,rag2026-106,16,1579,294,294
T182,gia,rag2026-107,12,1181,224,224
T182,gia,rag2026-108,26,2751,486,511
T182,gia,rag2026-109,21,2372,418,422
T182,gia,rag2026-110,14,1645,314,323
T182,gia,rag2026-111,26,2812,594,645
T182,gia,rag2026-112,20,2443,434,445
T182,gia,rag2026-113,15,1616,300,312
T182,gia,rag2026-114,18,2315,434,448
T182,gia,rag2026-115,18,1696,360,364
T182,gia,rag2026-116,20,1882,338,350
T182,gia,rag2026-117,20,2116,370,376
T182,gia,rag2026-118,23,2210,433,443
T086,gilda,rag2026-0,34,6243,1106,1136
T086,gilda,rag2026-1,44,7207,1339,1351
T086,gilda,rag2026-2,37,6826,1321,1394
T086,gilda,rag2026-3,47,6664,1326,1383
T086,gilda,rag2026-4,44,6873,1246,1253
T086,gilda,rag2026-5,46,6369,1303,1359
T086,gilda,rag2026-6,44,6763,1253,1329
T086,gilda,rag2026-7,34,6776,1214,1228
T086,gilda,rag2026-8,37,6489,1276,1339
T086,gilda,rag2026-9,34,6455,1286,1348
T086,gilda,rag2026-10,31,6637,1245,1290
T086,gilda,rag2026-11,33,6873,1301,1347
T086,gilda,rag2026-12,31,6874,1415,1534
T086,gilda,rag2026-13,42,6839,1258,1279
T086,gilda,rag2026-14,42,7091,1229,1243
T086,gilda,rag2026-15,29,6655,1191,1203
T086,gilda,rag2026-16,32,5769,1122,1140
T086,gilda,rag2026-17,37,7306,1324,1360
T086,gilda,rag2026-18,42,6629,1354,1398
T086,gilda,rag2026-19,30,6951,1326,1364
T086,gilda,rag2026-20,32,4795,883,885
T086,gilda,rag2026-21,38,5680,1104,1154
T086,gilda,rag2026-22,32,5905,992,998
T086,gilda,rag2026-23,36,6832,1267,1285
T086,gilda,rag2026-24,41,6722,1322,1366
T086,gilda,rag2026-25,36,6431,1255,1270
T086,gilda,rag2026-26,33,6836,1245,1276
T086,gilda,rag2026-27,29,5104,1164,1185
T086,gilda,rag2026-28,44,7258,1328,1335
T086,gilda,rag2026-29,35,6590,1247,1290
T086,gilda,rag2026-30,42,7055,1315,1332
T086,gilda,rag2026-31,58,6903,1389,1413
T086,gilda,rag2026-32,33,6886,1346,1398
T086,gilda,rag2026-33,40,7020,1292,1304
T086,gilda,rag2026-34,39,5994,1126,1128
T086,gilda,rag2026-35,41,6755,1383,1461
T086,gilda,rag2026-36,32,5779,1173,1186
T086,gilda,rag2026-37,35,6579,1284,1332
T086,gilda,rag2026-38,40,7621,1357,1382
T086,gilda,rag2026-39,40,6840,1225,1234
T086,gilda,rag2026-40,42,7397,1278,1289
T086,gilda,rag2026-41,42,6589,1256,1277
T086,gilda,rag2026-42,37,6969,1357,1415
T086,gilda,rag2026-43,44,7396,1318,1328
T086,gilda,rag2026-44,44,7076,1330,1341
T086,gilda,rag2026-45,38,6733,1264,1270
T086,gilda,rag2026-46,44,6826,1302,1315
T086,gilda,rag2026-47,39,6946,1219,1225
T086,gilda,rag2026-48,36,6901,1321,1362
T086,gilda,rag2026-49,40,7177,1412,1490
T086,gilda,rag2026-50,37,6950,1276,1280
T086,gilda,rag2026-51,44,6770,1287,1325
T086,gilda,rag2026-52,50,6092,1426,1551
T086,gilda,rag2026-53,35,5670,1142,1186
T086,gilda,rag2026-54,43,6834,1303,1339
T086,gilda,rag2026-55,34,6806,1273,1309
T086,gilda,rag2026-56,33,6708,1309,1405
T086,gilda,rag2026-57,38,6697,1241,1286
T086,gilda,rag2026-58,38,5714,1227,1280
T086,gilda,rag2026-59,40,6936,1313,1338
T086,gilda,rag2026-60,42,7147,1427,1498
T086,gilda,rag2026-61,40,6611,1263,1333
T086,gilda,rag2026-62,20,2809,601,610
T086,gilda,rag2026-63,42,6397,1318,1305
T086,gilda,rag2026-64,37,6994,1341,1386
T086,gilda,rag2026-65,35,6997,1326,1340
T086,gilda,rag2026-66,42,7217,1380,1424
T086,gilda,rag2026-67,34,6952,1309,1326
T086,gilda,rag2026-68,43,7387,1294,1309
T086,gilda,rag2026-69,38,7221,1310,1348
T086,gilda,rag2026-70,35,6372,1283,1298
T086,gilda,rag2026-71,39,6665,1225,1238
T086,gilda,rag2026-72,42,6801,1472,1506
T086,gilda,rag2026-73,41,6616,1220,1244
T086,gilda,rag2026-74,41,6599,1263,1317
T086,gilda,rag2026-75,39,6894,1307,1333
T086,gilda,rag2026-76,38,6341,1222,1253
T086,gilda,rag2026-77,46,7624,1387,1441
T086,gilda,rag2026-78,36,6717,1310,1356
T086,gilda,rag2026-79,37,6615,1211,1240
T086,gilda,rag2026-80,39,6773,1277,1290
T086,gilda,rag2026-81,40,6189,1238,1281
T086,gilda,rag2026-82,35,6753,1275,1309
T086,gilda,rag2026-83,45,6883,1264,1294
T086,gilda,rag2026-84,46,6858,1445,1452
T086,gilda,rag2026-85,40,7155,1325,1368
T086,gilda,rag2026-86,40,6361,1197,1229
T086,gilda,rag2026-87,32,6005,1096,1092
T086,gilda,rag2026-88,35,7207,1323,1350
T086,gilda,rag2026-89,35,6855,1246,1268
T086,gilda,rag2026-90,37,6736,1264,1297
T086,gilda,rag2026-91,52,5458,1238,1307
T086,gilda,rag2026-92,42,6937,1340,1348
T086,gilda,rag2026-93,39,6490,1228,1246
T086,gilda,rag2026-94,42,6864,1257,1269
T086,gilda,rag2026-95,44,7193,1350,1377
T086,gilda,rag2026-96,36,6837,1274,1317
T086,gilda,rag2026-97,40,7186,1304,1340
T086,gilda,rag2026-98,40,6458,1205,1214
T086,gilda,rag2026-99,35,6531,1320,1406
T086,gilda,rag2026-100,39,7478,1288,1306
T086,gilda,rag2026-101,44,6706,1313,1371
T086,gilda,rag2026-102,30,6821,1336,1409
T086,gilda,rag2026-103,30,6720,1302,1354
T086,gilda,rag2026-104,34,6758,1299,1333
T086,gilda,rag2026-105,44,6698,1267,1274
T086,gilda,rag2026-106,37,6270,1273,1286
T086,gilda,rag2026-107,32,5566,1068,1103
T086,gilda,rag2026-108,40,7116,1299,1349
T086,gilda,rag2026-109,39,7378,1433,1480
T086,gilda,rag2026-110,38,6647,1423,1502
T086,gilda,rag2026-111,39,6695,1253,1316
T086,gilda,rag2026-112,42,7285,1391,1401
T086,gilda,rag2026-113,26,4935,937,958
T086,gilda,rag2026-114,41,6946,1247,1257
T086,gilda,rag2026-115,38,6524,1479,1579
T086,gilda,rag2026-116,46,7032,1322,1343
T086,gilda,rag2026-117,31,5928,1165,1199
T086,gilda,rag2026-118,37,6856,1236,1249
T448,gwen,rag2026-0,59,7365,1192,1218
T448,gwen,rag2026-1,62,6702,1192,1199
T448,gwen,rag2026-2,50,5339,911,910
T448,gwen,rag2026-3,45,6692,1228,1272
T448,gwen,rag2026-4,65,6528,1163,1201
T448,gwen,rag2026-5,49,7054,1235,1258
T448,gwen,rag2026-6,53,7389,1249,1300
T448,gwen,rag2026-7,70,6193,1039,1050
T448,gwen,rag2026-8,60,6787,1202,1228
T448,gwen,rag2026-9,58,7111,1208,1226
T448,gwen,rag2026-10,41,6444,1207,1256
T448,gwen,rag2026-11,59,6985,1222,1247
T448,gwen,rag2026-12,50,6871,1228,1262
T448,gwen,rag2026-13,55,6072,1033,1047
T448,gwen,rag2026-14,50,6246,1064,1092
T448,gwen,rag2026-15,54,7262,1273,1312
T448,gwen,rag2026-16,45,7165,1199,1235
T448,gwen,rag2026-17,57,6136,1111,1132
T448,gwen,rag2026-18,66,6954,1157,1164
T448,gwen,rag2026-19,55,6371,1148,1175
T448,gwen,rag2026-20,59,6435,1056,1071
T448,gwen,rag2026-21,54,6230,1265,1327
T448,gwen,rag2026-22,54,6913,1181,1193
T448,gwen,rag2026-23,52,7180,1205,1213
T448,gwen,rag2026-24,59,6563,1350,1397
T448,gwen,rag2026-25,50,4307,845,862
T448,gwen,rag2026-26,50,6293,1119,1163
T448,gwen,rag2026-27,62,7372,1450,1482
T448,gwen,rag2026-28,62,7005,1254,1272
T448,gwen,rag2026-29,51,6919,1263,1303
T448,gwen,rag2026-30,50,5768,959,965
T448,gwen,rag2026-31,50,4244,753,762
T448,gwen,rag2026-32,55,6763,1138,1160
T448,gwen,rag2026-33,64,6967,1174,1192
T448,gwen,rag2026-34,60,6202,1107,1134
T448,gwen,rag2026-35,53,6812,1198,1241
T448,gwen,rag2026-36,63,7381,1267,1280
T448,gwen,rag2026-37,64,6459,1172,1201
T448,gwen,rag2026-38,70,6718,1159,1197
T448,gwen,rag2026-39,58,7154,1174,1199
T448,gwen,rag2026-40,66,7315,1305,1339
T448,gwen,rag2026-41,50,6215,1071,1087
T448,gwen,rag2026-42,65,7020,1165,1175
T448,gwen,rag2026-43,58,7348,1267,1273
T448,gwen,rag2026-44,57,7085,1294,1308
T448,gwen,rag2026-45,52,6255,1110,1126
T448,gwen,rag2026-46,49,6932,1206,1221
T448,gwen,rag2026-47,49,5899,976,984
T448,gwen,rag2026-48,63,7168,1202,1207
T448,gwen,rag2026-49,54,6798,1176,1196
T448,gwen,rag2026-50,54,7077,1288,1295
T448,gwen,rag2026-51,60,6791,1184,1192
T448,gwen,rag2026-52,52,6524,1211,1241
T448,gwen,rag2026-53,58,6641,1154,1158
T448,gwen,rag2026-54,61,6940,1168,1184
T448,gwen,rag2026-55,53,7246,1252,1269
T448,gwen,rag2026-56,61,6994,1240,1286
T448,gwen,rag2026-57,68,7039,1220,1260
T448,gwen,rag2026-58,52,5477,1126,1129
T448,gwen,rag2026-59,55,6769,1185,1223
T448,gwen,rag2026-60,56,6780,1269,1323
T448,gwen,rag2026-61,50,5300,898,906
T448,gwen,rag2026-62,54,6962,1255,1275
T448,gwen,rag2026-63,50,6804,1190,1196
T448,gwen,rag2026-64,55,7148,1188,1208
T448,gwen,rag2026-65,60,6786,1184,1210
T448,gwen,rag2026-66,65,7345,1281,1297
T448,gwen,rag2026-67,50,5598,1045,1093
T448,gwen,rag2026-68,53,7274,1206,1221
T448,gwen,rag2026-69,50,6091,966,971
T448,gwen,rag2026-70,50,6299,1183,1239
T448,gwen,rag2026-71,66,6864,1208,1215
T448,gwen,rag2026-72,55,7350,1317,1351
T448,gwen,rag2026-73,63,5897,972,987
T448,gwen,rag2026-74,49,6485,1188,1199
T448,gwen,rag2026-75,54,7264,1224,1237
T448,gwen,rag2026-76,53,6280,1287,1310
T448,gwen,rag2026-77,55,7370,1250,1278
T448,gwen,rag2026-78,60,6412,1103,1117
T448,gwen,rag2026-79,57,7016,1213,1239
T448,gwen,rag2026-80,50,5156,1058,1060
T448,gwen,rag2026-81,61,6280,1204,1235
T448,gwen,rag2026-82,60,6210,1133,1131
T448,gwen,rag2026-83,61,6519,1208,1229
T448,gwen,rag2026-84,64,6445,1103,1080
T448,gwen,rag2026-85,55,6921,1210,1229
T448,gwen,rag2026-86,45,6587,1236,1259
T448,gwen,rag2026-87,61,7328,1257,1248
T448,gwen,rag2026-88,60,6862,1193,1219
T448,gwen,rag2026-89,48,6878,1185,1210
T448,gwen,rag2026-90,72,6883,1249,1293
T448,gwen,rag2026-91,53,7387,1283,1306
T448,gwen,rag2026-92,67,6272,1073,1058
T448,gwen,rag2026-93,47,5350,966,999
T448,gwen,rag2026-94,60,6802,1114,1135
T448,gwen,rag2026-95,60,7072,1175,1208
T448,gwen,rag2026-96,60,6687,1237,1259
T448,gwen,rag2026-97,63,7042,1188,1209
T448,gwen,rag2026-98,50,5326,958,966
T448,gwen,rag2026-99,62,6869,1246,1294
T448,gwen,rag2026-100,59,7213,1197,1208
T448,gwen,rag2026-101,81,2587,1699,1498
T448,gwen,rag2026-102,49,6769,1315,1363
T448,gwen,rag2026-103,67,6796,1198,1253
T448,gwen,rag2026-104,68,7306,1298,1326
T448,gwen,rag2026-105,59,7256,1221,1244
T448,gwen,rag2026-106,45,6751,1232,1237
T448,gwen,rag2026-107,51,5254,965,981
T448,gwen,rag2026-108,58,7029,1207,1244
T448,gwen,rag2026-109,59,7001,1209,1241
T448,gwen,rag2026-110,50,5325,1044,1103
T448,gwen,rag2026-111,63,6088,1216,1323
T448,gwen,rag2026-112,60,6099,1101,1122
T448,gwen,rag2026-113,48,6585,1224,1251
T448,gwen,rag2026-114,67,6931,1199,1223
T448,gwen,rag2026-115,61,6422,1098,1122
T448,gwen,rag2026-116,67,6950,1234,1276
T448,gwen,rag2026-117,51,5725,992,1009
T448,gwen,rag2026-118,69,6719,1241,1304
T300,hana,rag2026-0,23,6083,998,1015
T300,hana,rag2026-1,22,6469,1202,1240
T300,hana,rag2026-10,26,7271,1347,1432
T300,hana,rag2026-100,25,6379,1063,1080
T300,hana,rag2026-101,23,6129,1046,1065
T300,hana,rag2026-102,30,7539,1361,1458
T300,hana,rag2026-103,27,7241,1277,1321
T300,hana,rag2026-104,29,7084,1290,1312
T300,hana,rag2026-105,18,5341,953,955
T300,hana,rag2026-106,24,6333,1175,1198
T300,hana,rag2026-107,20,5153,970,1005
T300,hana,rag2026-108,24,7297,1271,1314
T300,hana,rag2026-109,26,7291,1249,1275
T300,hana,rag2026-11,21,6565,1089,1112
T300,hana,rag2026-110,30,7314,1443,1524
T300,hana,rag2026-111,26,6131,1183,1271
T300,hana,rag2026-112,29,7186,1343,1391
T300,hana,rag2026-113,33,7015,1243,1272
T300,hana,rag2026-114,26,6572,1148,1167
T300,hana,rag2026-115,37,7228,1522,1572
T300,hana,rag2026-116,30,7650,1356,1409
T300,hana,rag2026-117,32,7231,1269,1303
T300,hana,rag2026-118,30,7318,1387,1437
T300,hana,rag2026-12,27,7255,1408,1494
T300,hana,rag2026-13,21,6377,1088,1106
T300,hana,rag2026-14,21,5988,1023,1060
T300,hana,rag2026-15,27,6942,1177,1194
T300,hana,rag2026-16,24,6320,1113,1147
T300,hana,rag2026-17,29,7440,1313,1343
T300,hana,rag2026-18,31,7149,1314,1339
T300,hana,rag2026-19,28,7181,1251,1310
T300,hana,rag2026-2,27,7694,1326,1368
T300,hana,rag2026-20,22,5470,975,981
T300,hana,rag2026-21,18,4479,857,905
T300,hana,rag2026-22,33,7751,1264,1280
T300,hana,rag2026-23,29,7169,1282,1328
T300,hana,rag2026-24,27,6703,1238,1291
T300,hana,rag2026-25,22,6035,1115,1127
T300,hana,rag2026-26,24,7881,1282,1300
T300,hana,rag2026-27,32,7522,1582,1655
T300,hana,rag2026-28,33,7611,1404,1429
T300,hana,rag2026-29,30,7185,1352,1442
T300,hana,rag2026-3,28,6319,1124,1156
T300,hana,rag2026-30,28,7613,1343,1353
T300,hana,rag2026-31,26,6328,1110,1113
T300,hana,rag2026-32,28,7438,1265,1307
T300,hana,rag2026-33,25,6730,1142,1151
T300,hana,rag2026-34,22,6285,1127,1158
T300,hana,rag2026-35,33,7603,1329,1390
T300,hana,rag2026-36,28,7656,1492,1591
T300,hana,rag2026-37,30,7279,1269,1313
T300,hana,rag2026-38,31,8161,1419,1461
T300,hana,rag2026-39,26,6643,1097,1102
T300,hana,rag2026-4,22,5348,932,939
T300,hana,rag2026-40,28,7096,1224,1251
T300,hana,rag2026-41,25,5558,1042,1067
T300,hana,rag2026-42,30,7283,1339,1383
T300,hana,rag2026-43,27,6872,1138,1155
T300,hana,rag2026-44,29,7703,1369,1383
T300,hana,rag2026-45,29,6869,1213,1250
T300,hana,rag2026-46,25,5930,1063,1077
T300,hana,rag2026-47,32,7708,1277,1308
T300,hana,rag2026-48,28,6769,1210,1261
T300,hana,rag2026-49,35,7890,1395,1459
T300,hana,rag2026-5,26,6696,1241,1286
T300,hana,rag2026-50,26,5912,1042,1046
T300,hana,rag2026-51,21,4866,838,845
T300,hana,rag2026-52,23,5978,1128,1163
T300,hana,rag2026-53,27,6324,1515,1710
T300,hana,rag2026-54,35,7335,1265,1296
T300,hana,rag2026-55,26,6854,1120,1126
T300,hana,rag2026-56,28,7513,1339,1393
T300,hana,rag2026-57,22,6711,1131,1159
T300,hana,rag2026-58,25,4861,1043,1041
T300,hana,rag2026-59,21,5149,900,929
T300,hana,rag2026-6,27,7744,1401,1481
T300,hana,rag2026-60,39,7831,1413,1513
T300,hana,rag2026-61,31,7480,1390,1482
T300,hana,rag2026-62,51,6469,1277,1296
T300,hana,rag2026-63,39,7136,1438,1418
T300,hana,rag2026-64,25,6727,1165,1209
T300,hana,rag2026-65,30,7526,1249,1256
T300,hana,rag2026-66,28,7239,1272,1295
T300,hana,rag2026-67,26,7222,1295,1331
T300,hana,rag2026-68,32,7585,1299,1321
T300,hana,rag2026-69,33,8035,1348,1380
T300,hana,rag2026-7,28,7479,1272,1293
T300,hana,rag2026-70,30,7282,1276,1281
T300,hana,rag2026-71,27,6923,1148,1154
T300,hana,rag2026-72,41,7182,1669,1638
T300,hana,rag2026-73,25,7054,1212,1246
T300,hana,rag2026-74,27,6770,1158,1189
T300,hana,rag2026-75,18,5924,997,1019
T300,hana,rag2026-76,26,6657,1249,1305
T300,hana,rag2026-77,35,8266,1435,1485
T300,hana,rag2026-78,30,7596,1362,1390
T300,hana,rag2026-79,21,5486,960,989
T300,hana,rag2026-8,20,6025,1061,1085
T300,hana,rag2026-80,24,6489,1139,1148
T300,hana,rag2026-81,27,6048,1096,1125
T300,hana,rag2026-82,22,5544,931,941
T300,hana,rag2026-83,28,7750,1324,1338
T300,hana,rag2026-84,29,6099,1068,1039
T300,hana,rag2026-85,27,7805,1375,1416
T300,hana,rag2026-86,30,6325,1127,1172
T300,hana,rag2026-87,33,8265,1440,1447
T300,hana,rag2026-88,30,7736,1345,1377
T300,hana,rag2026-89,22,6542,1126,1140
T300,hana,rag2026-9,26,6624,1226,1269
T300,hana,rag2026-90,26,5849,1044,1083
T300,hana,rag2026-91,20,4354,960,963
T300,hana,rag2026-92,26,5720,1001,997
T300,hana,rag2026-93,28,6396,1170,1210
T300,hana,rag2026-94,26,6272,1109,1155
T300,hana,rag2026-95,21,6259,1061,1078
T300,hana,rag2026-96,23,6714,1189,1220
T300,hana,rag2026-97,22,6745,1156,1198
T300,hana,rag2026-98,26,5219,962,983
T300,hana,rag2026-99,23,5674,990,1010
T086,henry,rag2026-0,35,6106,1067,1076
T086,henry,rag2026-1,38,6716,1228,1246
T086,henry,rag2026-2,40,7145,1362,1421
T086,henry,rag2026-3,46,6736,1344,1397
T086,henry,rag2026-4,41,6826,1235,1244
T086,henry,rag2026-5,50,6698,1355,1401
T086,henry,rag2026-6,48,6846,1291,1363
T086,henry,rag2026-7,41,6292,1134,1146
T086,henry,rag2026-8,40,6892,1283,1306
T086,henry,rag2026-9,41,6491,1313,1371
T086,henry,rag2026-10,35,6666,1319,1378
T086,henry,rag2026-11,37,7054,1345,1391
T086,henry,rag2026-12,38,6663,1411,1542
T086,henry,rag2026-13,41,6719,1217,1248
T086,henry,rag2026-14,44,7228,1246,1262
T086,henry,rag2026-15,44,7127,1246,1262
T086,henry,rag2026-16,28,5019,921,941
T086,henry,rag2026-17,38,6535,1169,1188
T086,henry,rag2026-18,37,6302,1273,1297
T086,henry,rag2026-19,31,5134,938,961
T086,henry,rag2026-20,31,3738,670,671
T086,henry,rag2026-21,45,6580,1273,1318
T086,henry,rag2026-22,37,6441,1119,1130
T086,henry,rag2026-23,39,6688,1225,1240
T086,henry,rag2026-24,41,6855,1333,1368
T086,henry,rag2026-25,40,6555,1244,1264
T086,henry,rag2026-26,36,7007,1249,1262
T086,henry,rag2026-27,37,5357,1240,1287
T086,henry,rag2026-28,48,7471,1349,1366
T086,henry,rag2026-29,37,6654,1221,1248
T086,henry,rag2026-30,40,6980,1322,1342
T086,henry,rag2026-31,44,7278,1373,1378
T086,henry,rag2026-32,34,7131,1298,1328
T086,henry,rag2026-33,35,6456,1191,1198
T086,henry,rag2026-34,39,7064,1333,1344
T086,henry,rag2026-35,35,6071,1156,1181
T086,henry,rag2026-36,22,3043,601,612
T086,henry,rag2026-37,28,4504,828,842
T086,henry,rag2026-38,44,7599,1335,1356
T086,henry,rag2026-39,40,6492,1130,1134
T086,henry,rag2026-40,41,7393,1278,1289
T086,henry,rag2026-41,44,6533,1266,1282
T086,henry,rag2026-42,32,6693,1320,1347
T086,henry,rag2026-43,39,6536,1150,1155
T086,henry,rag2026-44,43,6925,1326,1346
T086,henry,rag2026-45,39,6988,1247,1255
T086,henry,rag2026-46,33,4608,839,844
T086,henry,rag2026-47,40,6965,1242,1245
T086,henry,rag2026-48,39,6395,1172,1167
T086,henry,rag2026-49,45,7194,1361,1436
T086,henry,rag2026-50,31,6293,1166,1197
T086,henry,rag2026-51,32,5224,939,952
T086,henry,rag2026-52,46,6014,1279,1360
T086,henry,rag2026-53,33,4757,937,977
T086,henry,rag2026-54,42,6814,1290,1309
T086,henry,rag2026-55,37,6868,1240,1266
T086,henry,rag2026-56,36,6752,1282,1328
T086,henry,rag2026-57,39,6943,1288,1320
T086,henry,rag2026-58,48,5729,1236,1235
T086,henry,rag2026-59,32,5506,1054,1083
T086,henry,rag2026-60,41,7001,1391,1474
T086,henry,rag2026-61,37,6795,1268,1316
T086,henry,rag2026-62,28,3524,722,736
T086,henry,rag2026-63,40,6103,1305,1306
T086,henry,rag2026-64,40,7089,1279,1314
T086,henry,rag2026-65,37,6854,1262,1279
T086,henry,rag2026-66,35,7124,1352,1377
T086,henry,rag2026-67,38,6086,1129,1139
T086,henry,rag2026-68,39,6775,1235,1253
T086,henry,rag2026-69,38,7131,1340,1394
T086,henry,rag2026-70,39,6557,1257,1258
T086,henry,rag2026-71,41,6586,1186,1194
T086,henry,rag2026-72,38,7041,1414,1458
T086,henry,rag2026-73,45,7011,1295,1319
T086,henry,rag2026-74,31,4999,951,978
T086,henry,rag2026-75,36,5652,1051,1075
T086,henry,rag2026-76,34,5890,1126,1155
T086,henry,rag2026-77,44,7669,1343,1365
T086,henry,rag2026-78,29,4707,850,862
T086,henry,rag2026-79,40,7159,1329,1367
T086,henry,rag2026-80,38,6489,1214,1222
T086,henry,rag2026-81,47,6360,1268,1313
T086,henry,rag2026-82,33,5061,969,989
T086,henry,rag2026-83,46,6737,1322,1370
T086,henry,rag2026-84,42,7016,1370,1380
T086,henry,rag2026-85,46,7457,1369,1414
T086,henry,rag2026-86,42,7231,1346,1391
T086,henry,rag2026-87,38,7247,1276,1266
T086,henry,rag2026-88,36,6238,1114,1131
T086,henry,rag2026-89,34,7181,1309,1335
T086,henry,rag2026-90,43,6207,1197,1227
T086,henry,rag2026-91,31,3812,855,889
T086,henry,rag2026-92,51,7233,1441,1462
T086,henry,rag2026-93,31,5569,1054,1071
T086,henry,rag2026-94,35,6846,1192,1211
T086,henry,rag2026-95,36,6924,1267,1310
T086,henry,rag2026-96,36,6359,1118,1150
T086,henry,rag2026-97,41,7031,1305,1349
T086,henry,rag2026-98,38,5682,1052,1061
T086,henry,rag2026-99,34,6276,1179,1208
T086,henry,rag2026-100,44,7368,1292,1311
T086,henry,rag2026-101,40,6919,1295,1321
T086,henry,rag2026-102,34,6752,1323,1399
T086,henry,rag2026-103,38,6332,1226,1276
T086,henry,rag2026-104,31,7171,1344,1375
T086,henry,rag2026-105,45,6761,1258,1259
T086,henry,rag2026-106,36,6416,1296,1308
T086,henry,rag2026-107,29,5195,1007,1070
T086,henry,rag2026-108,39,6928,1204,1230
T086,henry,rag2026-109,36,6955,1304,1320
T086,henry,rag2026-110,37,5139,1062,1087
T086,henry,rag2026-111,38,6428,1237,1298
T086,henry,rag2026-112,37,7264,1473,1502
T086,henry,rag2026-113,21,3620,661,669
T086,henry,rag2026-114,33,6889,1236,1239
T086,henry,rag2026-115,36,5443,1293,1375
T086,henry,rag2026-116,44,7141,1329,1371
T086,henry,rag2026-117,31,5666,1068,1093
T086,henry,rag2026-118,43,7318,1315,1338
T047,hilda,rag2026-0,29,4285,803,815
T047,hilda,rag2026-1,46,5990,1119,1124
T047,hilda,rag2026-10,38,5564,1043,1088
T047,hilda,rag2026-100,47,6381,1117,1141
T047,hilda,rag2026-101,31,3603,695,717
T047,hilda,rag2026-102,39,5530,1038,1125
T047,hilda,rag2026-103,38,5032,923,952
T047,hilda,rag2026-104,38,5513,953,973
T047,hilda,rag2026-105,27,3655,623,630
T047,hilda,rag2026-106,35,4825,952,970
T047,hilda,rag2026-107,27,3685,702,732
T047,hilda,rag2026-108,44,6031,1070,1125
T047,hilda,rag2026-109,30,4438,815,852
T047,hilda,rag2026-11,44,6054,1112,1167
T047,hilda,rag2026-110,46,6414,1314,1381
T047,hilda,rag2026-111,40,4614,914,1023
T047,hilda,rag2026-112,36,4979,894,901
T047,hilda,rag2026-113,28,3296,609,617
T047,hilda,rag2026-114,42,5986,1081,1098
T047,hilda,rag2026-115,33,4691,970,1001
T047,hilda,rag2026-116,36,5056,919,957
T047,hilda,rag2026-117,53,6692,1182,1204
T047,hilda,rag2026-118,38,6038,1052,1075
T047,hilda,rag2026-12,46,5070,1009,1081
T047,hilda,rag2026-13,39,6480,1110,1127
T047,hilda,rag2026-14,40,5145,864,878
T047,hilda,rag2026-15,29,5180,979,1003
T047,hilda,rag2026-16,27,4216,748,774
T047,hilda,rag2026-17,15,2434,417,421
T047,hilda,rag2026-18,7,698,139,140
T047,hilda,rag2026-19,42,5307,969,1002
T047,hilda,rag2026-2,44,6228,1130,1155
T047,hilda,rag2026-20,29,4722,755,763
T047,hilda,rag2026-21,32,3554,693,714
T047,hilda,rag2026-22,45,5927,1067,1076
T047,hilda,rag2026-23,37,5796,970,978
T047,hilda,rag2026-24,43,5752,1153,1175
T047,hilda,rag2026-25,35,4869,965,988
T047,hilda,rag2026-26,42,6591,1149,1163
T047,hilda,rag2026-27,23,3868,693,717
T047,hilda,rag2026-28,24,3981,743,742
T047,hilda,rag2026-29,43,6441,1197,1263
T047,hilda,rag2026-3,42,5798,1093,1146
T047,hilda,rag2026-30,38,5447,916,938
T047,hilda,rag2026-31,25,3315,567,569
T047,hilda,rag2026-32,36,5053,973,1008
T047,hilda,rag2026-33,31,4144,817,835
T047,hilda,rag2026-34,41,6189,1055,1061
T047,hilda,rag2026-35,32,4201,792,826
T047,hilda,rag2026-36,28,3424,640,639
T047,hilda,rag2026-37,42,5141,947,975
T047,hilda,rag2026-38,30,3973,665,680
T047,hilda,rag2026-39,42,6831,1227,1252
T047,hilda,rag2026-4,38,5889,1011,1039
T047,hilda,rag2026-40,27,4391,735,739
T047,hilda,rag2026-41,20,3114,562,569
T047,hilda,rag2026-42,35,4871,912,948
T047,hilda,rag2026-43,35,5311,936,942
T047,hilda,rag2026-44,41,5676,1097,1125
T047,hilda,rag2026-45,31,4289,778,784
T047,hilda,rag2026-46,45,6799,1146,1155
T047,hilda,rag2026-47,43,5701,952,957
T047,hilda,rag2026-48,42,6850,1256,1266
T047,hilda,rag2026-49,41,5808,1051,1078
T047,hilda,rag2026-5,29,4529,838,893
T047,hilda,rag2026-50,31,4151,840,883
T047,hilda,rag2026-51,45,6683,1162,1170
T047,hilda,rag2026-52,32,4342,844,889
T047,hilda,rag2026-53,37,4794,892,895
T047,hilda,rag2026-54,25,2941,564,581
T047,hilda,rag2026-55,34,5398,949,967
T047,hilda,rag2026-56,44,5854,1108,1155
T047,hilda,rag2026-57,47,6275,1148,1190
T047,hilda,rag2026-58,38,4889,967,971
T047,hilda,rag2026-59,35,5429,889,910
T047,hilda,rag2026-6,52,6623,1166,1209
T047,hilda,rag2026-61,44,5796,1047,1086
T047,hilda,rag2026-62,20,3120,602,618
T047,hilda,rag2026-63,46,5318,917,917
T047,hilda,rag2026-64,41,5681,982,1015
T047,hilda,rag2026-65,33,4359,787,815
T047,hilda,rag2026-66,33,5014,926,948
T047,hilda,rag2026-67,50,6096,1118,1163
T047,hilda,rag2026-68,43,6712,1155,1179
T047,hilda,rag2026-69,26,3571,571,569
T047,hilda,rag2026-7,34,4920,853,852
T047,hilda,rag2026-70,30,3997,699,710
T047,hilda,rag2026-71,40,6296,1088,1095
T047,hilda,rag2026-72,25,4533,801,806
T047,hilda,rag2026-73,36,5995,1149,1188
T047,hilda,rag2026-74,36,3676,757,798
T047,hilda,rag2026-75,41,7112,1281,1326
T047,hilda,rag2026-76,43,6834,1238,1258
T047,hilda,rag2026-77,32,5105,810,818
T047,hilda,rag2026-78,34,5858,1029,1049
T047,hilda,rag2026-79,28,3617,628,634
T047,hilda,rag2026-8,44,5997,1084,1121
T047,hilda,rag2026-80,30,3600,689,697
T047,hilda,rag2026-81,46,6166,1196,1233
T047,hilda,rag2026-82,21,2484,446,448
T047,hilda,rag2026-83,44,5361,998,997
T047,hilda,rag2026-84,22,3108,534,532
T047,hilda,rag2026-85,33,5335,941,964
T047,hilda,rag2026-86,25,3819,666,674
T047,hilda,rag2026-87,29,4363,787,794
T047,hilda,rag2026-88,32,4406,788,794
T047,hilda,rag2026-89,47,7056,1258,1308
T047,hilda,rag2026-9,40,5140,967,994
T047,hilda,rag2026-90,34,4877,884,912
T047,hilda,rag2026-91,23,3140,666,680
T047,hilda,rag2026-92,18,2758,486,491
T047,hilda,rag2026-93,37,4343,808,840
T047,hilda,rag2026-94,42,5077,965,989
T047,hilda,rag2026-95,43,6984,1228,1243
T047,hilda,rag2026-96,39,5850,1045,1071
T047,hilda,rag2026-97,24,2672,513,534
T047,hilda,rag2026-98,39,5303,958,967
T047,hilda,rag2026-99,40,6136,1098,1119
T047,isaac,rag2026-0,8,1332,230,230
T047,isaac,rag2026-1,20,2455,408,408
T047,isaac,rag2026-10,29,3920,768,774
T047,isaac,rag2026-100,15,2184,351,362
T047,isaac,rag2026-101,14,1852,339,337
T047,isaac,rag2026-102,17,2148,359,357
T047,isaac,rag2026-103,11,1491,244,245
T047,isaac,rag2026-104,17,2395,399,405
T047,isaac,rag2026-105,11,1709,314,314
T047,isaac,rag2026-106,11,1391,233,238
T047,isaac,rag2026-107,13,1530,288,320
T047,isaac,rag2026-108,17,2418,390,390
T047,isaac,rag2026-109,20,3115,538,540
T047,isaac,rag2026-11,10,1645,281,289
T047,isaac,rag2026-110,17,2418,448,446
T047,isaac,rag2026-111,27,3316,612,655
T047,isaac,rag2026-112,11,1439,256,259
T047,isaac,rag2026-113,11,1353,249,250
T047,isaac,rag2026-114,16,2337,414,413
T047,isaac,rag2026-115,24,3103,559,574
T047,isaac,rag2026-116,10,1298,228,231
T047,isaac,rag2026-117,35,4256,724,723
T047,isaac,rag2026-118,16,2363,390,394
T047,isaac,rag2026-12,47,6251,1147,1164
T047,isaac,rag2026-13,12,1551,265,270
T047,isaac,rag2026-14,14,1921,337,340
T047,isaac,rag2026-15,6,850,133,136
T047,isaac,rag2026-16,10,1311,232,251
T047,isaac,rag2026-17,5,692,125,124
T047,isaac,rag2026-18,3,491,82,82
T047,isaac,rag2026-19,18,2193,372,376
T047,isaac,rag2026-2,4,601,119,119
T047,isaac,rag2026-20,10,1331,221,223
T047,isaac,rag2026-21,15,2002,375,381
T047,isaac,rag2026-22,12,1763,289,286
T047,isaac,rag2026-23,19,2718,463,462
T047,isaac,rag2026-24,11,1460,310,317
T047,isaac,rag2026-25,13,1836,350,358
T047,isaac,rag2026-26,23,3046,518,526
T047,isaac,rag2026-27,5,703,142,145
T047,isaac,rag2026-28,3,399,85,85
T047,isaac,rag2026-29,14,2121,370,376
T047,isaac,rag2026-3,22,2735,549,597
T047,isaac,rag2026-30,19,2883,484,487
T047,isaac,rag2026-31,18,2698,495,497
T047,isaac,rag2026-32,24,3038,518,524
T047,isaac,rag2026-33,19,2034,399,399
T047,isaac,rag2026-34,9,1154,192,194
T047,isaac,rag2026-35,13,2126,369,374
T047,isaac,rag2026-36,5,692,142,144
T047,isaac,rag2026-37,18,2431,429,434
T047,isaac,rag2026-38,14,1712,307,317
T047,isaac,rag2026-39,4,566,88,88
T047,isaac,rag2026-4,6,696,111,112
T047,isaac,rag2026-40,4,505,75,76
T047,isaac,rag2026-41,3,529,86,86
T047,isaac,rag2026-42,16,2281,375,377
T047,isaac,rag2026-43,7,1150,191,191
T047,isaac,rag2026-44,18,2372,421,434
T047,isaac,rag2026-45,15,1962,375,376
T047,isaac,rag2026-46,17,2019,329,331
T047,isaac,rag2026-47,7,1034,170,170
T047,isaac,rag2026-48,22,3203,563,561
T047,isaac,rag2026-49,20,2464,452,459
T047,isaac,rag2026-5,11,1278,266,281
T047,isaac,rag2026-50,14,1767,320,326
T047,isaac,rag2026-51,12,1604,274,273
T047,isaac,rag2026-52,8,944,180,184
T047,isaac,rag2026-53,14,1724,292,291
T047,isaac,rag2026-54,8,1375,230,231
T047,isaac,rag2026-55,11,1314,230,230
T047,isaac,rag2026-56,21,2839,489,482
T047,isaac,rag2026-57,24,3049,545,553
T047,isaac,rag2026-58,9,1077,204,204
T047,isaac,rag2026-59,13,1522,256,255
T047,isaac,rag2026-6,23,3082,536,554
T047,isaac,rag2026-60,10,1211,226,232
T047,isaac,rag2026-61,32,4352,748,759
T047,isaac,rag2026-62,3,494,87,88
T047,isaac,rag2026-63,26,2904,516,520
T047,isaac,rag2026-64,23,3157,511,513
T047,isaac,rag2026-65,15,1994,356,361
T047,isaac,rag2026-66,13,1835,313,315
T047,isaac,rag2026-67,6,886,157,160
T047,isaac,rag2026-68,12,1598,282,281
T047,isaac,rag2026-69,8,946,158,158
T047,isaac,rag2026-7,4,602,96,98
T047,isaac,rag2026-70,11,1369,289,289
T047,isaac,rag2026-71,13,1981,348,346
T047,isaac,rag2026-72,15,1919,400,409
T047,isaac,rag2026-73,8,962,156,159
T047,isaac,rag2026-74,2,244,47,47
T047,isaac,rag2026-75,16,2307,388,387
T047,isaac,rag2026-76,10,1543,299,303
T047,isaac,rag2026-77,9,1203,202,202
T047,isaac,rag2026-78,10,1036,173,172
T047,isaac,rag2026-79,7,1090,188,187
T047,isaac,rag2026-8,9,1235,219,229
T047,isaac,rag2026-80,8,1199,228,230
T047,isaac,rag2026-81,20,2628,480,500
T047,isaac,rag2026-82,6,800,133,131
T047,isaac,rag2026-83,18,2524,428,429
T047,isaac,rag2026-84,4,399,66,62
T047,isaac,rag2026-85,9,1148,204,206
T047,isaac,rag2026-86,17,1980,383,386
T047,isaac,rag2026-87,18,2709,470,461
T047,isaac,rag2026-88,16,2132,357,361
T047,isaac,rag2026-89,13,1867,297,299
T047,isaac,rag2026-9,13,1966,356,353
T047,isaac,rag2026-90,24,2770,469,466
T047,isaac,rag2026-91,2,224,41,41
T047,isaac,rag2026-92,2,272,46,45
T047,isaac,rag2026-93,22,2745,489,493
T047,isaac,rag2026-94,19,2237,390,395
T047,isaac,rag2026-95,15,2359,408,424
T047,isaac,rag2026-96,7,1008,190,190
T047,isaac,rag2026-97,15,1931,341,340
T047,isaac,rag2026-98,26,3344,600,599
T047,isaac,rag2026-99,13,1595,311,308
T300,jamie,rag2026-0,16,6165,1075,1106
T300,jamie,rag2026-1,25,6775,1265,1297
T300,jamie,rag2026-10,28,6754,1331,1412
T300,jamie,rag2026-100,23,7061,1225,1249
T300,jamie,rag2026-101,26,6626,1266,1317
T300,jamie,rag2026-102,17,6208,1211,1290
T300,jamie,rag2026-103,15,6676,1265,1338
T300,jamie,rag2026-104,19,6916,1269,1316
T300,jamie,rag2026-105,20,6889,1197,1224
T300,jamie,rag2026-106,24,6445,1208,1220
T300,jamie,rag2026-107,18,5964,1102,1139
T300,jamie,rag2026-108,16,7247,1238,1293
T300,jamie,rag2026-109,21,7249,1315,1350
T300,jamie,rag2026-11,19,7012,1268,1344
T300,jamie,rag2026-110,22,6871,1396,1476
T300,jamie,rag2026-111,29,6561,1277,1365
T300,jamie,rag2026-112,17,7562,1374,1419
T300,jamie,rag2026-113,39,7001,1262,1279
T300,jamie,rag2026-114,19,6655,1176,1197
T300,jamie,rag2026-115,23,5799,1268,1311
T300,jamie,rag2026-116,18,6857,1308,1387
T300,jamie,rag2026-117,26,6822,1264,1294
T300,jamie,rag2026-118,20,6826,1187,1245
T300,jamie,rag2026-12,18,6423,1269,1333
T300,jamie,rag2026-13,22,6704,1251,1292
T300,jamie,rag2026-14,23,6927,1233,1271
T300,jamie,rag2026-15,19,7280,1332,1381
T300,jamie,rag2026-16,24,7224,1330,1376
T300,jamie,rag2026-17,17,7118,1241,1274
T300,jamie,rag2026-18,23,6324,1197,1228
T300,jamie,rag2026-19,22,6779,1311,1368
T300,jamie,rag2026-2,21,7043,1243,1272
T300,jamie,rag2026-20,20,6551,1166,1179
T300,jamie,rag2026-21,22,6445,1262,1334
T300,jamie,rag2026-22,20,6888,1209,1249
T300,jamie,rag2026-23,18,7199,1298,1330
T300,jamie,rag2026-24,20,6787,1393,1465
T300,jamie,rag2026-25,20,6630,1205,1229
T300,jamie,rag2026-26,16,6970,1146,1172
T300,jamie,rag2026-27,19,7619,1625,1667
T300,jamie,rag2026-28,35,7217,1311,1333
T300,jamie,rag2026-29,24,6737,1249,1300
T300,jamie,rag2026-3,18,6178,1353,1464
T300,jamie,rag2026-30,29,7073,1248,1269
T300,jamie,rag2026-31,23,6997,1303,1319
T300,jamie,rag2026-32,18,6361,1176,1240
T300,jamie,rag2026-33,21,6055,1048,1060
T300,jamie,rag2026-34,23,7020,1276,1322
T300,jamie,rag2026-35,15,6881,1287,1364
T300,jamie,rag2026-36,17,8176,1432,1470
T300,jamie,rag2026-37,18,6603,1201,1246
T300,jamie,rag2026-38,23,7313,1259,1283
T300,jamie,rag2026-39,22,7114,1212,1235
T300,jamie,rag2026-4,22,6784,1235,1273
T300,jamie,rag2026-40,24,7207,1289,1312
T300,jamie,rag2026-41,25,6545,1227,1273
T300,jamie,rag2026-42,24,7443,1300,1348
T300,jamie,rag2026-43,23,7330,1280,1298
T300,jamie,rag2026-44,26,7168,1369,1391
T300,jamie,rag2026-45,20,6885,1245,1284
T300,jamie,rag2026-46,26,6684,1248,1267
T300,jamie,rag2026-47,19,7321,1257,1284
T300,jamie,rag2026-48,16,6715,1215,1248
T300,jamie,rag2026-49,25,7096,1256,1308
T300,jamie,rag2026-5,22,6318,1241,1298
T300,jamie,rag2026-50,21,6659,1314,1362
T300,jamie,rag2026-51,26,6849,1235,1248
T300,jamie,rag2026-52,25,6220,1332,1389
T300,jamie,rag2026-53,28,6875,1337,1383
T300,jamie,rag2026-54,14,6818,1233,1275
T300,jamie,rag2026-55,21,6577,1193,1226
T300,jamie,rag2026-56,25,6478,1264,1334
T300,jamie,rag2026-57,20,6785,1234,1295
T300,jamie,rag2026-58,26,5928,1285,1284
T300,jamie,rag2026-59,25,6693,1251,1312
T300,jamie,rag2026-6,21,6818,1337,1449
T300,jamie,rag2026-60,23,4970,988,1045
T300,jamie,rag2026-61,19,6614,1256,1323
T300,jamie,rag2026-62,20,6822,1355,1393
T300,jamie,rag2026-63,35,5932,1421,1406
T300,jamie,rag2026-64,20,6717,1219,1261
T300,jamie,rag2026-65,21,6753,1257,1295
T300,jamie,rag2026-66,27,7094,1357,1417
T300,jamie,rag2026-67,23,6752,1281,1307
T300,jamie,rag2026-68,20,7228,1250,1271
T300,jamie,rag2026-69,24,6868,1196,1247
T300,jamie,rag2026-7,21,7052,1199,1214
T300,jamie,rag2026-70,18,6471,1226,1234
T300,jamie,rag2026-71,20,6566,1162,1185
T300,jamie,rag2026-72,21,6853,1536,1562
T300,jamie,rag2026-73,21,6934,1241,1284
T300,jamie,rag2026-74,22,6644,1270,1296
T300,jamie,rag2026-75,22,7294,1230,1252
T300,jamie,rag2026-76,31,6698,1314,1368
T300,jamie,rag2026-77,30,7142,1330,1409
T300,jamie,rag2026-78,20,6845,1237,1275
T300,jamie,rag2026-79,19,7150,1288,1353
T300,jamie,rag2026-8,26,6447,1239,1302
T300,jamie,rag2026-80,21,6926,1264,1270
T300,jamie,rag2026-81,29,6368,1258,1306
T300,jamie,rag2026-82,16,6544,1257,1289
T300,jamie,rag2026-83,19,6400,1210,1247
T300,jamie,rag2026-84,26,6892,1334,1347
T300,jamie,rag2026-85,27,7249,1314,1362
T300,jamie,rag2026-86,28,7287,1320,1364
T300,jamie,rag2026-87,23,7638,1404,1431
T300,jamie,rag2026-88,19,6835,1334,1371
T300,jamie,rag2026-89,20,7110,1339,1425
T300,jamie,rag2026-9,24,6938,1351,1419
T300,jamie,rag2026-90,18,6901,1301,1365
T300,jamie,rag2026-91,30,5535,1434,1447
T300,jamie,rag2026-92,30,7281,1314,1308
T300,jamie,rag2026-93,24,6560,1223,1272
T300,jamie,rag2026-94,20,6828,1294,1371
T300,jamie,rag2026-95,21,6689,1293,1349
T300,jamie,rag2026-96,22,6587,1183,1231
T300,jamie,rag2026-97,24,6995,1358,1423
T300,jamie,rag2026-98,30,6441,1263,1269
T300,jamie,rag2026-99,24,6686,1296,1355
T448,jason,rag2026-0,54,7792,1206,1234
T448,jason,rag2026-1,49,6408,1122,1134
T448,jason,rag2026-2,48,6265,995,997
T448,jason,rag2026-3,47,6028,1095,1139
T448,jason,rag2026-4,40,4570,799,817
T448,jason,rag2026-5,54,7319,1261,1272
T448,jason,rag2026-6,52,6562,1115,1182
T448,jason,rag2026-7,56,6832,1117,1125
T448,jason,rag2026-8,52,6594,1122,1143
T448,jason,rag2026-9,49,5846,946,973
T448,jason,rag2026-10,55,6683,1192,1233
T448,jason,rag2026-11,55,7381,1172,1198
T448,jason,rag2026-12,51,7186,1276,1313
T448,jason,rag2026-13,50,6241,1058,1081
T448,jason,rag2026-14,47,6098,991,1012
T448,jason,rag2026-15,42,5368,912,950
T448,jason,rag2026-16,43,5798,1007,1028
T448,jason,rag2026-17,55,7046,1178,1191
T448,jason,rag2026-18,54,6580,1109,1120
T448,jason,rag2026-19,37,7197,1225,1266
T448,jason,rag2026-20,51,5601,944,958
T448,jason,rag2026-21,47,5309,1015,1051
T448,jason,rag2026-22,49,6637,1062,1072
T448,jason,rag2026-23,44,5947,972,980
T448,jason,rag2026-24,39,5022,923,952
T448,jason,rag2026-25,36,4412,784,791
T448,jason,rag2026-26,46,7327,1220,1256
T448,jason,rag2026-27,53,7289,1432,1455
T448,jason,rag2026-28,50,6102,1071,1096
T448,jason,rag2026-29,40,5224,874,894
T448,jason,rag2026-30,51,6175,1076,1088
T448,jason,rag2026-31,52,6572,1170,1175
T448,jason,rag2026-32,48,7260,1188,1211
T448,jason,rag2026-33,58,6589,1135,1150
T448,jason,rag2026-34,43,5447,892,908
T448,jason,rag2026-35,53,7116,1209,1228
T448,jason,rag2026-36,51,6297,1047,1062
T448,jason,rag2026-37,49,5968,1012,1027
T448,jason,rag2026-38,52,6928,1147,1172
T448,jason,rag2026-39,52,6512,1032,1055
T448,jason,rag2026-40,56,7899,1272,1291
T448,jason,rag2026-41,37,4324,757,763
T448,jason,rag2026-42,44,6874,1138,1156
T448,jason,rag2026-43,42,5728,940,947
T448,jason,rag2026-44,55,7077,1237,1238
T448,jason,rag2026-45,51,7113,1158,1175
T448,jason,rag2026-46,48,5604,956,959
T448,jason,rag2026-47,52,7154,1105,1111
T448,jason,rag2026-48,56,7582,1230,1241
T448,jason,rag2026-49,40,7220,1171,1190
T448,jason,rag2026-50,52,6283,1053,1060
T448,jason,rag2026-51,51,6027,1048,1065
T448,jason,rag2026-52,31,3961,693,702
T448,jason,rag2026-53,45,5617,1005,1005
T448,jason,rag2026-54,40,4649,761,767
T448,jason,rag2026-55,50,6432,1023,1036
T448,jason,rag2026-56,57,7149,1235,1291
T448,jason,rag2026-57,42,5188,855,882
T448,jason,rag2026-58,48,6259,1214,1216
T448,jason,rag2026-59,55,7388,1224,1250
T448,jason,rag2026-60,56,7389,1277,1328
T448,jason,rag2026-61,46,5800,943,957
T448,jason,rag2026-62,59,6521,1116,1139
T448,jason,rag2026-63,48,6322,1119,1122
T448,jason,rag2026-64,61,7312,1170,1191
T448,jason,rag2026-65,54,6924,1213,1225
T448,jason,rag2026-66,50,7257,1180,1191
T448,jason,rag2026-67,49,5926,1052,1102
T448,jason,rag2026-68,53,7660,1213,1227
T448,jason,rag2026-69,50,6082,944,951
T448,jason,rag2026-70,30,3582,641,640
T448,jason,rag2026-71,55,7311,1221,1227
T448,jason,rag2026-72,49,7111,1258,1296
T448,jason,rag2026-73,52,6100,1023,1037
T448,jason,rag2026-74,43,5493,974,1003
T448,jason,rag2026-75,55,6826,1145,1155
T448,jason,rag2026-76,35,4061,762,781
T448,jason,rag2026-77,54,6877,1074,1080
T448,jason,rag2026-78,54,6969,1170,1188
T448,jason,rag2026-79,47,7627,1220,1235
T448,jason,rag2026-80,47,6806,1199,1207
T448,jason,rag2026-81,49,5705,1003,1045
T448,jason,rag2026-82,58,7405,1275,1276
T448,jason,rag2026-83,57,7387,1263,1272
T448,jason,rag2026-84,42,5424,900,881
T448,jason,rag2026-85,46,5917,988,1000
T448,jason,rag2026-86,53,6237,1093,1105
T448,jason,rag2026-87,52,7270,1213,1222
T448,jason,rag2026-88,53,7388,1210,1220
T448,jason,rag2026-89,49,6926,1091,1108
T448,jason,rag2026-90,49,6959,1196,1218
T448,jason,rag2026-91,46,5613,976,999
T448,jason,rag2026-92,51,6493,1105,1082
T448,jason,rag2026-93,44,5038,869,879
T448,jason,rag2026-94,43,5542,866,879
T448,jason,rag2026-95,53,6972,1130,1147
T448,jason,rag2026-96,52,6495,1066,1078
T448,jason,rag2026-97,47,6236,954,965
T448,jason,rag2026-98,50,6333,1106,1106
T448,jason,rag2026-99,52,6666,1111,1114
T448,jason,rag2026-100,53,6420,1043,1054
T448,jason,rag2026-101,52,7168,1175,1201
T448,jason,rag2026-102,43,5042,873,914
T448,jason,rag2026-103,52,6328,1065,1101
T448,jason,rag2026-104,46,6496,1139,1156
T448,jason,rag2026-105,49,6126,1052,1065
T448,jason,rag2026-106,51,6941,1198,1212
T448,jason,rag2026-107,49,6167,1082,1128
T448,jason,rag2026-108,43,7544,1205,1243
T448,jason,rag2026-109,58,7926,1258,1278
T448,jason,rag2026-110,59,6811,1328,1362
T448,jason,rag2026-111,45,6230,1143,1197
T448,jason,rag2026-112,56,7789,1387,1411
T448,jason,rag2026-113,54,6810,1121,1137
T448,jason,rag2026-114,51,6211,1031,1046
T448,jason,rag2026-115,34,4819,838,877
T448,jason,rag2026-116,56,6637,1071,1104
T448,jason,rag2026-117,50,7089,1196,1209
T448,jason,rag2026-118,49,6049,999,1015
T768,jeff,rag2026-0,15,2188,353,357
T768,jeff,rag2026-1,15,2118,397,400
T768,jeff,rag2026-2,15,2378,405,411
T768,jeff,rag2026-3,15,1967,367,380
T768,jeff,rag2026-4,15,1823,333,338
T768,jeff,rag2026-5,15,2155,377,385
T768,jeff,rag2026-6,15,2151,364,374
T768,jeff,rag2026-7,15,2587,441,446
T768,jeff,rag2026-8,15,2037,352,356
T768,jeff,rag2026-9,15,2391,429,431
T768,jeff,rag2026-10,13,1947,385,391
T768,jeff,rag2026-11,15,2101,344,348
T768,jeff,rag2026-12,14,2175,413,425
T768,jeff,rag2026-13,15,2236,391,395
T768,jeff,rag2026-14,15,2317,393,401
T768,jeff,rag2026-15,15,2360,392,394
T768,jeff,rag2026-16,15,2228,378,387
T768,jeff,rag2026-17,15,2201,399,409
T768,jeff,rag2026-18,15,2058,357,361
T768,jeff,rag2026-19,15,2244,388,395
T768,jeff,rag2026-20,15,1979,357,357
T768,jeff,rag2026-21,15,2071,386,394
T768,jeff,rag2026-22,15,2115,365,365
T768,jeff,rag2026-23,15,2467,413,415
T768,jeff,rag2026-24,15,2462,459,465
T768,jeff,rag2026-25,15,2004,363,363
T768,jeff,rag2026-26,15,2287,398,403
T768,jeff,rag2026-27,15,2304,446,454
T768,jeff,rag2026-28,14,2146,397,399
T768,jeff,rag2026-29,15,2291,407,422
T768,jeff,rag2026-30,15,2241,395,401
T768,jeff,rag2026-31,15,2199,384,384
T768,jeff,rag2026-32,15,2273,395,394
T768,jeff,rag2026-33,15,2092,345,349
T768,jeff,rag2026-34,15,2178,373,376
T768,jeff,rag2026-35,15,2499,422,430
T768,jeff,rag2026-36,14,2405,404,403
T768,jeff,rag2026-37,15,2162,385,389
T768,jeff,rag2026-38,15,2189,374,378
T768,jeff,rag2026-39,15,2183,385,391
T768,jeff,rag2026-40,15,2018,346,354
T768,jeff,rag2026-41,15,2042,343,348
T768,jeff,rag2026-42,15,2493,419,422
T768,jeff,rag2026-43,14,2176,369,372
T768,jeff,rag2026-44,13,1820,318,320
T768,jeff,rag2026-45,15,2253,388,389
T768,jeff,rag2026-46,15,2160,378,381
T768,jeff,rag2026-47,15,2298,379,380
T768,jeff,rag2026-48,15,2522,438,436
T768,jeff,rag2026-49,15,2237,377,380
T768,jeff,rag2026-50,15,2168,397,410
T768,jeff,rag2026-51,15,2208,379,380
T768,jeff,rag2026-52,14,1747,335,347
T768,jeff,rag2026-53,14,2272,390,395
T768,jeff,rag2026-54,15,2197,382,385
T768,jeff,rag2026-55,15,2163,356,356
T768,jeff,rag2026-56,15,2320,409,414
T768,jeff,rag2026-57,15,2438,415,415
T768,jeff,rag2026-58,14,1592,314,314
T768,jeff,rag2026-59,14,2236,405,413
T768,jeff,rag2026-60,15,2028,355,357
T768,jeff,rag2026-61,15,2104,369,372
T768,jeff,rag2026-62,15,2216,398,398
T768,jeff,rag2026-63,15,1888,332,331
T768,jeff,rag2026-64,15,2274,369,374
T768,jeff,rag2026-65,15,2319,414,419
T768,jeff,rag2026-66,15,2205,365,367
T768,jeff,rag2026-67,15,2424,430,433
T768,jeff,rag2026-68,15,2274,367,372
T768,jeff,rag2026-69,15,2276,361,357
T768,jeff,rag2026-70,15,2234,393,393
T768,jeff,rag2026-71,15,2273,386,384
T768,jeff,rag2026-72,14,2050,352,357
T768,jeff,rag2026-73,13,2055,345,347
T768,jeff,rag2026-74,15,2001,388,395
T768,jeff,rag2026-75,15,2225,388,389
T768,jeff,rag2026-76,15,2502,481,491
T768,jeff,rag2026-77,15,1962,307,312
T768,jeff,rag2026-78,15,2206,390,393
T768,jeff,rag2026-79,15,2339,390,394
T768,jeff,rag2026-80,14,1593,317,316
T768,jeff,rag2026-81,15,2233,420,437
T768,jeff,rag2026-82,13,1880,333,334
T768,jeff,rag2026-83,15,2049,348,345
T768,jeff,rag2026-84,15,1819,303,299
T768,jeff,rag2026-85,15,2379,407,410
T768,jeff,rag2026-86,15,2105,388,392
T768,jeff,rag2026-87,15,2313,397,399
T768,jeff,rag2026-88,15,2269,407,417
T768,jeff,rag2026-89,14,2478,434,445
T768,jeff,rag2026-90,15,2170,373,375
T768,jeff,rag2026-91,15,1997,349,350
T768,jeff,rag2026-92,14,2008,350,346
T768,jeff,rag2026-93,15,2060,372,374
T768,jeff,rag2026-94,15,2349,381,380
T768,jeff,rag2026-95,15,2559,446,456
T768,jeff,rag2026-96,15,2311,398,402
T768,jeff,rag2026-97,15,2143,367,375
T768,jeff,rag2026-98,15,2108,383,381
T768,jeff,rag2026-99,15,2295,392,394
T768,jeff,rag2026-100,14,2053,341,349
T768,jeff,rag2026-101,15,2187,394,399
T768,jeff,rag2026-102,15,2292,423,430
T768,jeff,rag2026-103,13,1898,327,333
T768,jeff,rag2026-104,15,2230,387,398
T768,jeff,rag2026-105,15,2223,390,392
T768,jeff,rag2026-106,15,2149,402,404
T768,jeff,rag2026-107,15,2112,391,400
T768,jeff,rag2026-108,14,2384,378,389
T768,jeff,rag2026-109,15,2445,419,428
T768,jeff,rag2026-110,15,2413,434,443
T768,jeff,rag2026-111,15,2202,414,427
T768,jeff,rag2026-112,15,2225,409,410
T768,jeff,rag2026-113,15,1988,351,355
T768,jeff,rag2026-114,15,2069,357,361
T768,jeff,rag2026-115,15,1948,413,417
T768,jeff,rag2026-116,13,2300,407,411
T768,jeff,rag2026-117,15,2113,367,373
T768,jeff,rag2026-118,14,2212,371,379
T949,jon,rag2026-0,16,3025,462,467
T949,jon,rag2026-1,18,3494,617,631
T949,jon,rag2026-10,20,3276,637,675
T949,jon,rag2026-100,13,2585,411,415
T949,jon,rag2026-101,30,4922,848,876
T949,jon,rag2026-102,19,3858,706,758
T949,jon,rag2026-103,12,2363,436,455
T949,jon,rag2026-104,12,2077,388,407
T949,jon,rag2026-105,9,1373,223,224
T949,jon,rag2026-106,9,1466,267,272
T949,jon,rag2026-107,7,1438,278,293
T949,jon,rag2026-108,16,2819,515,558
T949,jon,rag2026-109,10,1948,338,348
T949,jon,rag2026-11,11,2295,414,438
T949,jon,rag2026-110,20,3511,691,730
T949,jon,rag2026-111,12,1958,355,377
T949,jon,rag2026-112,16,2788,479,486
T949,jon,rag2026-113,8,1585,294,298
T949,jon,rag2026-114,12,2013,339,346
T949,jon,rag2026-115,18,3136,705,725
T949,jon,rag2026-116,7,1554,287,304
T949,jon,rag2026-117,20,3277,528,533
T949,jon,rag2026-118,16,2903,508,521
T949,jon,rag2026-12,22,3978,726,758
T949,jon,rag2026-13,11,2035,365,379
T949,jon,rag2026-14,15,2970,473,472
T949,jon,rag2026-15,18,3460,627,685
T949,jon,rag2026-16,14,2614,419,424
T949,jon,rag2026-17,11,1926,315,322
T949,jon,rag2026-18,13,2161,412,428
T949,jon,rag2026-19,21,3515,642,666
T949,jon,rag2026-2,17,2971,544,570
T949,jon,rag2026-20,12,1873,291,295
T949,jon,rag2026-21,15,2246,426,445
T949,jon,rag2026-22,8,1479,239,240
T949,jon,rag2026-23,21,4177,748,780
T949,jon,rag2026-24,15,2903,565,586
T949,jon,rag2026-25,12,2199,384,386
T949,jon,rag2026-26,18,3537,587,610
T949,jon,rag2026-27,10,2104,385,392
T949,jon,rag2026-28,14,2730,496,506
T949,jon,rag2026-29,13,2264,375,387
T949,jon,rag2026-3,12,1912,365,388
T949,jon,rag2026-30,13,2429,420,424
T949,jon,rag2026-31,13,2536,444,446
T949,jon,rag2026-32,14,2563,446,474
T949,jon,rag2026-33,10,1951,306,307
T949,jon,rag2026-34,14,3238,564,593
T949,jon,rag2026-35,8,2331,418,438
T949,jon,rag2026-36,9,1750,304,311
T949,jon,rag2026-37,8,1340,242,252
T949,jon,rag2026-38,17,3486,570,592
T949,jon,rag2026-39,18,3387,583,603
T949,jon,rag2026-4,17,3079,528,543
T949,jon,rag2026-40,14,2536,406,411
T949,jon,rag2026-41,17,2703,478,496
T949,jon,rag2026-42,7,1269,233,244
T949,jon,rag2026-43,17,3460,586,593
T949,jon,rag2026-44,19,3627,601,605
T949,jon,rag2026-45,9,1694,267,270
T949,jon,rag2026-46,11,2015,337,339
T949,jon,rag2026-47,12,2416,408,411
T949,jon,rag2026-48,12,2375,394,401
T949,jon,rag2026-49,14,2516,508,556
T949,jon,rag2026-5,10,1951,353,366
T949,jon,rag2026-50,13,2456,460,476
T949,jon,rag2026-51,8,1575,276,289
T949,jon,rag2026-52,22,3292,611,623
T949,jon,rag2026-53,10,2130,379,385
T949,jon,rag2026-54,9,1842,299,303
T949,jon,rag2026-55,12,2055,332,336
T949,jon,rag2026-56,15,3178,598,635
T949,jon,rag2026-57,8,1625,273,280
T949,jon,rag2026-58,11,1955,400,402
T949,jon,rag2026-59,9,1619,273,280
T949,jon,rag2026-6,24,3674,693,736
T949,jon,rag2026-60,12,2065,401,435
T949,jon,rag2026-61,15,2616,464,487
T949,jon,rag2026-62,15,2841,462,465
T949,jon,rag2026-63,12,2317,430,430
T949,jon,rag2026-64,13,2709,439,451
T949,jon,rag2026-65,14,2875,459,465
T949,jon,rag2026-66,20,3426,606,620
T949,jon,rag2026-67,14,2894,544,577
T949,jon,rag2026-68,17,3611,583,588
T949,jon,rag2026-69,16,4677,734,740
T949,jon,rag2026-7,11,1855,312,320
T949,jon,rag2026-70,14,2739,485,484
T949,jon,rag2026-71,15,2768,467,470
T949,jon,rag2026-72,15,3226,558,567
T949,jon,rag2026-73,15,2444,421,437
T949,jon,rag2026-74,15,2931,535,540
T949,jon,rag2026-75,7,1429,254,267
T949,jon,rag2026-76,17,3132,553,559
T949,jon,rag2026-77,34,5579,873,883
T949,jon,rag2026-78,14,2848,475,478
T949,jon,rag2026-79,11,1869,350,372
T949,jon,rag2026-8,12,2281,400,406
T949,jon,rag2026-80,14,2837,528,525
T949,jon,rag2026-81,15,2628,474,490
T949,jon,rag2026-82,9,1919,358,370
T949,jon,rag2026-83,17,3105,535,554
T949,jon,rag2026-84,21,3368,569,553
T949,jon,rag2026-85,17,3120,530,562
T949,jon,rag2026-86,20,3613,625,657
T949,jon,rag2026-87,16,3146,559,559
T949,jon,rag2026-88,16,2643,459,473
T949,jon,rag2026-89,14,2903,493,514
T949,jon,rag2026-9,18,2685,455,482
T949,jon,rag2026-90,20,3121,619,692
T949,jon,rag2026-91,10,1786,377,386
T949,jon,rag2026-92,15,3001,491,487
T949,jon,rag2026-93,15,2673,449,452
T949,jon,rag2026-94,15,2582,412,422
T949,jon,rag2026-95,12,2575,438,452
T949,jon,rag2026-96,13,2423,415,434
T949,jon,rag2026-97,21,4300,719,740
T949,jon,rag2026-98,12,1923,327,328
T949,jon,rag2026-99,16,3003,539,562
T300,june,rag2026-0,27,5477,998,1022
T300,june,rag2026-1,27,5138,1020,1036
T300,june,rag2026-2,31,6670,1236,1275
T300,june,rag2026-3,30,4258,1009,1102
T300,june,rag2026-4,36,6143,1221,1244
T300,june,rag2026-5,36,6198,1248,1288
T300,june,rag2026-6,45,6665,1285,1377
T300,june,rag2026-7,33,6618,1231,1240
T300,june,rag2026-8,39,6494,1302,1375
T300,june,rag2026-9,32,6202,1266,1304
T300,june,rag2026-10,34,6368,1237,1274
T300,june,rag2026-11,34,6702,1253,1298
T300,june,rag2026-12,42,6063,1319,1393
T300,june,rag2026-13,33,5978,1175,1197
T300,june,rag2026-14,29,6521,1160,1181
T300,june,rag2026-15,26,6479,1196,1224
T300,june,rag2026-16,35,6616,1359,1412
T300,june,rag2026-17,37,6460,1179,1194
T300,june,rag2026-18,34,6008,1232,1273
T300,june,rag2026-19,31,5705,1078,1111
T300,june,rag2026-20,32,6477,1192,1206
T300,june,rag2026-21,42,6028,1226,1286
T300,june,rag2026-22,37,6641,1240,1276
T300,june,rag2026-23,26,6586,1272,1313
T300,june,rag2026-24,40,6477,1351,1390
T300,june,rag2026-25,37,6420,1246,1268
T300,june,rag2026-26,44,7208,1251,1261
T300,june,rag2026-27,32,6867,1474,1519
T300,june,rag2026-28,23,6671,1394,1429
T300,june,rag2026-29,32,6529,1219,1261
T300,june,rag2026-30,34,6317,1202,1215
T300,june,rag2026-31,33,6072,1149,1157
T300,june,rag2026-32,36,5057,1038,1094
T300,june,rag2026-33,36,6131,1182,1201
T300,june,rag2026-34,29,6382,1204,1246
T300,june,rag2026-35,32,5292,1148,1203
T300,june,rag2026-36,26,6615,1432,1447
T300,june,rag2026-37,32,6577,1256,1285
T300,june,rag2026-38,31,6699,1280,1319
T300,june,rag2026-39,32,6723,1193,1203
T300,june,rag2026-40,35,6685,1232,1252
T300,june,rag2026-41,33,4875,1012,1045
T300,june,rag2026-42,30,6183,1156,1188
T300,june,rag2026-43,37,6982,1335,1371
T300,june,rag2026-44,39,6674,1237,1258
T300,june,rag2026-45,34,5502,1038,1055
T300,june,rag2026-46,40,6057,1211,1231
T300,june,rag2026-47,26,6638,1192,1207
T300,june,rag2026-48,35,6910,1206,1224
T300,june,rag2026-49,38,6435,1267,1323
T300,june,rag2026-50,40,6617,1318,1351
T300,june,rag2026-51,37,6397,1222,1232
T300,june,rag2026-52,39,5572,1221,1270
T300,june,rag2026-53,29,5660,1287,1385
T300,june,rag2026-54,33,6547,1238,1279
T300,june,rag2026-55,30,6570,1231,1256
T300,june,rag2026-56,30,6565,1306,1382
T300,june,rag2026-57,36,6619,1271,1326
T300,june,rag2026-58,25,4236,925,928
T300,june,rag2026-59,25,6497,1258,1314
T300,june,rag2026-60,30,5975,1213,1277
T300,june,rag2026-61,40,6091,1235,1290
T300,june,rag2026-62,35,6097,1272,1286
T300,june,rag2026-63,36,6202,1366,1386
T300,june,rag2026-64,31,6407,1195,1228
T300,june,rag2026-65,35,6515,1214,1238
T300,june,rag2026-66,36,6648,1314,1349
T300,june,rag2026-67,30,4967,994,1034
T300,june,rag2026-68,32,6215,1155,1165
T300,june,rag2026-69,40,6617,1273,1315
T300,june,rag2026-70,35,4941,974,981
T300,june,rag2026-71,29,5406,983,988
T300,june,rag2026-72,37,6561,1415,1428
T300,june,rag2026-73,31,6390,1217,1250
T300,june,rag2026-74,33,6163,1262,1318
T300,june,rag2026-75,32,6473,1222,1248
T300,june,rag2026-76,34,6412,1256,1322
T300,june,rag2026-77,40,6545,1229,1269
T300,june,rag2026-78,31,5990,1158,1193
T300,june,rag2026-79,36,5623,1132,1201
T300,june,rag2026-80,35,6477,1269,1259
T300,june,rag2026-81,32,4702,956,981
T300,june,rag2026-82,28,6279,1221,1272
T300,june,rag2026-83,31,6584,1238,1258
T300,june,rag2026-84,28,5094,1005,986
T300,june,rag2026-85,36,6691,1238,1282
T300,june,rag2026-86,42,6460,1249,1272
T300,june,rag2026-87,34,6950,1315,1334
T300,june,rag2026-88,37,6665,1308,1352
T300,june,rag2026-89,28,6607,1176,1197
T300,june,rag2026-90,28,6140,1239,1309
T300,june,rag2026-91,37,5683,1433,1461
T300,june,rag2026-92,33,6357,1246,1259
T300,june,rag2026-93,34,6376,1258,1285
T300,june,rag2026-94,28,6227,1240,1301
T300,june,rag2026-95,34,6683,1269,1300
T300,june,rag2026-96,31,6193,1198,1248
T300,june,rag2026-97,35,6668,1314,1387
T300,june,rag2026-98,34,6121,1283,1322
T300,june,rag2026-99,35,6373,1308,1352
T300,june,rag2026-100,31,5266,990,1004
T300,june,rag2026-101,30,5136,1066,1112
T300,june,rag2026-102,31,6416,1266,1324
T300,june,rag2026-103,32,5971,1181,1214
T300,june,rag2026-104,35,6586,1259,1279
T300,june,rag2026-105,35,5438,1069,1099
T300,june,rag2026-106,34,6141,1298,1312
T300,june,rag2026-107,33,6434,1311,1403
T300,june,rag2026-108,27,6108,1126,1156
T300,june,rag2026-109,32,6774,1234,1257
T300,june,rag2026-110,33,6446,1342,1398
T300,june,rag2026-111,35,6392,1245,1312
T300,june,rag2026-112,39,7105,1455,1510
T300,june,rag2026-113,31,6277,1268,1277
T300,june,rag2026-114,30,5345,1062,1108
T300,june,rag2026-115,28,5712,1455,1492
T300,june,rag2026-116,35,5602,1105,1155
T300,june,rag2026-117,32,6145,1192,1205
T300,june,rag2026-118,35,6361,1199,1250
T066,kane,rag2026-0,8,4445,770,779
T066,kane,rag2026-1,6,5099,910,920
T066,kane,rag2026-2,13,5972,1060,1070
T066,kane,rag2026-3,11,5548,1058,1114
T066,kane,rag2026-4,7,5222,916,932
T066,kane,rag2026-5,7,4894,893,912
T066,kane,rag2026-6,14,5817,1024,1075
T066,kane,rag2026-7,9,5772,1039,1059
T066,kane,rag2026-8,9,5325,967,1001
T066,kane,rag2026-9,7,5889,1041,1059
T066,kane,rag2026-10,13,6167,1140,1169
T066,kane,rag2026-11,11,6269,1150,1221
T066,kane,rag2026-12,18,6694,1224,1264
T066,kane,rag2026-13,10,5305,970,988
T066,kane,rag2026-14,3,4044,704,712
T066,kane,rag2026-15,15,6678,1161,1194
T066,kane,rag2026-16,9,6336,1122,1136
T066,kane,rag2026-17,9,5374,967,981
T066,kane,rag2026-18,10,6078,1122,1141
T066,kane,rag2026-19,13,6295,1145,1201
T066,kane,rag2026-20,5,4351,801,820
T066,kane,rag2026-21,10,5516,1027,1071
T066,kane,rag2026-22,11,6700,1177,1199
T066,kane,rag2026-23,13,6790,1182,1203
T066,kane,rag2026-24,14,6645,1238,1257
T066,kane,rag2026-25,12,5908,1086,1112
T066,kane,rag2026-26,13,6693,1194,1232
T066,kane,rag2026-27,7,5090,1001,1020
T066,kane,rag2026-28,11,6239,1155,1175
T066,kane,rag2026-29,13,6636,1209,1250
T066,kane,rag2026-30,12,6414,1191,1225
T066,kane,rag2026-31,11,5003,941,955
T066,kane,rag2026-32,14,6570,1196,1244
T066,kane,rag2026-33,11,6327,1129,1150
T066,kane,rag2026-34,10,6234,1108,1150
T066,kane,rag2026-35,9,6629,1189,1228
T066,kane,rag2026-36,4,5333,949,965
T066,kane,rag2026-37,11,5706,1063,1112
T066,kane,rag2026-38,14,6712,1163,1197
T066,kane,rag2026-39,14,6858,1206,1234
T066,kane,rag2026-40,3,5011,875,900
T066,kane,rag2026-41,6,4922,890,918
T066,kane,rag2026-42,9,4883,917,952
T066,kane,rag2026-43,3,3915,707,718
T066,kane,rag2026-44,18,6151,1145,1160
T066,kane,rag2026-45,12,6740,1181,1209
T066,kane,rag2026-46,9,6256,1163,1187
T066,kane,rag2026-47,10,6176,1047,1057
T066,kane,rag2026-48,15,6610,1230,1278
T066,kane,rag2026-49,11,6634,1184,1219
T066,kane,rag2026-50,15,6640,1198,1217
T066,kane,rag2026-51,14,6505,1171,1194
T066,kane,rag2026-52,10,5213,1025,1073
T066,kane,rag2026-53,11,6459,1240,1262
T066,kane,rag2026-54,10,6258,1131,1166
T066,kane,rag2026-55,10,5979,1072,1092
T066,kane,rag2026-56,15,6647,1267,1309
T066,kane,rag2026-57,15,6681,1176,1204
T066,kane,rag2026-58,12,5841,1130,1138
T066,kane,rag2026-59,6,6201,1103,1124
T066,kane,rag2026-60,14,6633,1251,1312
T066,kane,rag2026-61,15,6507,1205,1230
T066,kane,rag2026-62,5,4836,861,872
T066,kane,rag2026-63,15,6222,1126,1134
T066,kane,rag2026-64,14,6509,1134,1157
T066,kane,rag2026-65,11,6245,1089,1112
T066,kane,rag2026-66,13,6519,1127,1165
T066,kane,rag2026-67,12,5695,1070,1103
T066,kane,rag2026-68,14,6288,1102,1132
T066,kane,rag2026-69,8,6172,1019,1046
T066,kane,rag2026-70,8,5978,1095,1112
T066,kane,rag2026-71,15,6643,1155,1168
T066,kane,rag2026-72,12,6203,1195,1223
T066,kane,rag2026-73,11,6337,1129,1148
T066,kane,rag2026-74,13,6568,1214,1228
T066,kane,rag2026-75,10,6293,1104,1121
T066,kane,rag2026-76,13,6024,1149,1190
T066,kane,rag2026-77,13,6597,1184,1220
T066,kane,rag2026-78,14,6088,1097,1130
T066,kane,rag2026-79,9,6065,1055,1082
T066,kane,rag2026-80,13,5893,1061,1067
T066,kane,rag2026-81,19,6568,1199,1233
T066,kane,rag2026-82,11,5842,1038,1047
T066,kane,rag2026-83,18,6554,1172,1200
T066,kane,rag2026-84,14,6367,1108,1110
T066,kane,rag2026-85,16,6016,1086,1107
T066,kane,rag2026-86,12,6181,1173,1231
T066,kane,rag2026-87,12,7076,1236,1244
T066,kane,rag2026-88,14,6830,1215,1258
T066,kane,rag2026-89,15,6919,1202,1229
T066,kane,rag2026-90,15,6019,1088,1122
T066,kane,rag2026-91,5,4301,751,776
T066,kane,rag2026-92,12,6507,1154,1165
T066,kane,rag2026-93,11,6675,1206,1228
T066,kane,rag2026-94,9,6036,1020,1042
T066,kane,rag2026-95,12,6414,1107,1133
T066,kane,rag2026-96,10,5887,1028,1072
T066,kane,rag2026-97,13,6694,1206,1242
T066,kane,rag2026-98,18,6523,1189,1206
T066,kane,rag2026-99,13,5511,973,997
T066,kane,rag2026-100,10,6985,1188,1221
T066,kane,rag2026-101,10,5796,1041,1072
T066,kane,rag2026-102,9,6873,1216,1239
T066,kane,rag2026-103,13,6304,1139,1174
T066,kane,rag2026-104,15,6740,1193,1211
T066,kane,rag2026-105,7,6472,1120,1138
T066,kane,rag2026-106,14,6697,1186,1200
T066,kane,rag2026-107,14,6580,1242,1292
T066,kane,rag2026-108,16,6987,1244,1291
T066,kane,rag2026-109,13,6719,1153,1165
T066,kane,rag2026-110,11,5352,1037,1081
T066,kane,rag2026-111,13,4832,939,999
T066,kane,rag2026-112,10,4291,762,770
T066,kane,rag2026-113,6,3847,694,708
T066,kane,rag2026-114,9,4250,781,803
T066,kane,rag2026-115,7,1976,358,364
T066,kane,rag2026-116,9,4985,877,913
T066,kane,rag2026-117,8,4134,780,810
T066,kane,rag2026-118,8,4786,872,906
T448,karl,rag2026-0,32,6868,1083,1103
T448,karl,rag2026-1,14,2068,370,373
T448,karl,rag2026-2,26,4955,824,831
T448,karl,rag2026-3,25,4145,763,792
T448,karl,rag2026-4,31,6134,1056,1077
T448,karl,rag2026-5,29,6578,1200,1236
T448,karl,rag2026-6,43,7533,1266,1332
T448,karl,rag2026-7,30,7542,1157,1173
T448,karl,rag2026-8,20,4542,828,857
T448,karl,rag2026-9,20,3352,545,564
T448,karl,rag2026-10,34,6757,1246,1304
T448,karl,rag2026-11,24,6685,1196,1261
T448,karl,rag2026-12,32,6387,1174,1222
T448,karl,rag2026-13,15,2976,480,484
T448,karl,rag2026-14,12,1753,310,323
T448,karl,rag2026-15,24,6787,1212,1257
T448,karl,rag2026-16,32,7304,1167,1186
T448,karl,rag2026-17,40,7217,1225,1243
T448,karl,rag2026-18,40,7009,1127,1133
T448,karl,rag2026-19,33,6567,1213,1272
T448,karl,rag2026-20,24,4228,669,680
T448,karl,rag2026-21,39,6221,1227,1283
T448,karl,rag2026-22,29,7076,1141,1147
T448,karl,rag2026-23,26,6673,1153,1177
T448,karl,rag2026-24,32,7028,1315,1358
T448,karl,rag2026-25,40,6490,1220,1256
T448,karl,rag2026-26,35,7164,1197,1238
T448,karl,rag2026-27,33,8078,1448,1480
T448,karl,rag2026-28,42,7486,1198,1214
T448,karl,rag2026-29,32,6701,1252,1301
T448,karl,rag2026-30,36,7233,1163,1179
T448,karl,rag2026-31,36,7520,1266,1272
T448,karl,rag2026-32,32,6884,1188,1214
T448,karl,rag2026-33,41,6566,1194,1228
T448,karl,rag2026-34,30,6437,1155,1192
T448,karl,rag2026-35,32,7174,1222,1271
T448,karl,rag2026-36,15,3268,592,598
T448,karl,rag2026-37,40,6929,1181,1209
T448,karl,rag2026-38,35,6975,1181,1215
T448,karl,rag2026-39,33,7240,1187,1237
T448,karl,rag2026-40,36,6836,1218,1249
T448,karl,rag2026-41,25,5239,822,828
T448,karl,rag2026-42,40,6882,1202,1242
T448,karl,rag2026-43,30,7338,1222,1235
T448,karl,rag2026-44,39,7089,1279,1295
T448,karl,rag2026-45,37,6303,1121,1137
T448,karl,rag2026-46,29,6309,1077,1095
T448,karl,rag2026-47,36,7401,1144,1148
T448,karl,rag2026-48,31,6714,1160,1184
T448,karl,rag2026-49,34,7003,1119,1134
T448,karl,rag2026-50,46,7099,1277,1318
T448,karl,rag2026-51,46,6965,1077,1081
T448,karl,rag2026-52,30,5901,1078,1095
T448,karl,rag2026-53,31,6586,1160,1184
T448,karl,rag2026-54,37,6685,1151,1185
T448,karl,rag2026-55,27,6553,1168,1198
T448,karl,rag2026-56,30,6236,1214,1261
T448,karl,rag2026-57,31,6326,1192,1271
T448,karl,rag2026-58,30,5069,1003,1005
T448,karl,rag2026-59,29,7373,1215,1246
T448,karl,rag2026-60,45,7194,1174,1216
T448,karl,rag2026-61,35,6468,1097,1124
T448,karl,rag2026-62,40,6525,1146,1158
T448,karl,rag2026-63,50,6319,1083,1092
T448,karl,rag2026-64,36,7344,1105,1125
T448,karl,rag2026-65,45,6683,1133,1158
T448,karl,rag2026-66,30,6670,1200,1220
T448,karl,rag2026-67,33,7121,1254,1313
T448,karl,rag2026-68,36,7274,1187,1203
T448,karl,rag2026-69,35,7113,1129,1143
T448,karl,rag2026-70,36,7064,1201,1235
T448,karl,rag2026-71,40,6599,1147,1161
T448,karl,rag2026-72,33,7469,1223,1262
T448,karl,rag2026-73,34,7112,1203,1227
T448,karl,rag2026-74,12,2946,539,550
T448,karl,rag2026-75,38,6940,1175,1198
T448,karl,rag2026-76,26,6031,1196,1220
T448,karl,rag2026-77,32,7545,1188,1212
T448,karl,rag2026-78,28,6861,1209,1239
T448,karl,rag2026-79,20,4336,692,708
T448,karl,rag2026-80,32,7034,1262,1253
T448,karl,rag2026-81,39,6407,1210,1246
T448,karl,rag2026-82,34,7030,1173,1177
T448,karl,rag2026-83,30,6372,1157,1189
T448,karl,rag2026-84,35,5503,931,921
T448,karl,rag2026-85,36,6964,1101,1113
T448,karl,rag2026-86,42,6827,1198,1216
T448,karl,rag2026-87,38,7123,1236,1259
T448,karl,rag2026-88,41,7231,1204,1226
T448,karl,rag2026-89,32,7075,1183,1215
T448,karl,rag2026-90,41,6848,1190,1225
T448,karl,rag2026-91,33,7116,1213,1242
T448,karl,rag2026-92,36,7055,1165,1154
T448,karl,rag2026-93,46,6750,1236,1274
T448,karl,rag2026-94,39,7266,1184,1204
T448,karl,rag2026-95,32,6831,1177,1202
T448,karl,rag2026-96,38,6936,1170,1183
T448,karl,rag2026-97,25,5587,905,921
T448,karl,rag2026-98,38,6646,1177,1191
T448,karl,rag2026-99,31,6846,1209,1251
T448,karl,rag2026-100,35,6971,1186,1201
T448,karl,rag2026-101,36,6931,1145,1172
T448,karl,rag2026-102,34,6234,1198,1235
T448,karl,rag2026-103,38,7855,1241,1288
T448,karl,rag2026-104,31,6630,1192,1229
T448,karl,rag2026-105,37,7134,1202,1222
T448,karl,rag2026-106,36,6541,1208,1221
T448,karl,rag2026-107,30,5062,897,927
T448,karl,rag2026-108,33,7147,1185,1231
T448,karl,rag2026-109,34,7233,1192,1225
T448,karl,rag2026-110,35,6610,1248,1318
T448,karl,rag2026-111,46,6215,1189,1278
T448,karl,rag2026-112,43,7553,1333,1358
T448,karl,rag2026-113,34,6984,1125,1131
T448,karl,rag2026-114,30,6377,1138,1163
T448,karl,rag2026-115,14,2795,479,490
T448,karl,rag2026-116,33,6746,1192,1266
T448,karl,rag2026-117,47,6773,1194,1231
T448,karl,rag2026-118,11,2484,466,501
T569,lars,rag2026-0,25,6761,1103,1109
T569,lars,rag2026-1,24,6123,1131,1165
T569,lars,rag2026-2,27,6904,1165,1202
T569,lars,rag2026-3,33,6489,1182,1225
T569,lars,rag2026-4,25,6067,1058,1065
T569,lars,rag2026-5,23,5745,1023,1047
T569,lars,rag2026-6,25,7423,1367,1466
T569,lars,rag2026-7,27,7251,1218,1248
T569,lars,rag2026-8,25,6073,1058,1076
T569,lars,rag2026-9,30,7048,1288,1329
T569,lars,rag2026-10,28,7184,1297,1354
T569,lars,rag2026-11,23,6751,1155,1218
T569,lars,rag2026-12,32,6967,1334,1413
T569,lars,rag2026-13,25,6457,1155,1173
T569,lars,rag2026-14,25,6968,1150,1174
T569,lars,rag2026-15,28,7504,1289,1303
T569,lars,rag2026-16,24,6596,1153,1197
T569,lars,rag2026-17,25,7141,1192,1216
T569,lars,rag2026-18,28,6952,1269,1296
T569,lars,rag2026-19,24,6884,1221,1264
T569,lars,rag2026-20,30,6566,1161,1174
T569,lars,rag2026-21,20,4834,880,919
T569,lars,rag2026-22,31,7161,1115,1117
T569,lars,rag2026-23,25,7008,1183,1208
T569,lars,rag2026-24,23,6690,1164,1204
T569,lars,rag2026-25,14,4240,708,715
T569,lars,rag2026-26,22,7157,1170,1194
T569,lars,rag2026-27,23,6408,1289,1332
T569,lars,rag2026-28,29,7206,1310,1340
T569,lars,rag2026-29,29,7204,1254,1298
T569,lars,rag2026-30,37,7164,1234,1240
T569,lars,rag2026-31,29,7176,1288,1294
T569,lars,rag2026-32,28,6724,1185,1232
T569,lars,rag2026-33,27,6751,1168,1183
T569,lars,rag2026-34,19,5668,1011,1031
T569,lars,rag2026-35,27,7210,1214,1234
T569,lars,rag2026-36,21,6446,1221,1295
T569,lars,rag2026-37,28,7060,1241,1277
T569,lars,rag2026-38,29,7625,1319,1356
T569,lars,rag2026-39,26,6344,1060,1070
T569,lars,rag2026-40,27,6472,1088,1100
T569,lars,rag2026-41,19,5168,963,976
T569,lars,rag2026-42,26,6476,1144,1164
T569,lars,rag2026-43,31,7354,1203,1205
T569,lars,rag2026-44,29,6356,1124,1135
T569,lars,rag2026-45,25,6390,1057,1074
T569,lars,rag2026-46,22,4994,906,910
T569,lars,rag2026-47,26,6676,1073,1082
T569,lars,rag2026-48,22,6098,1033,1051
T569,lars,rag2026-49,30,7760,1332,1392
T569,lars,rag2026-50,20,5563,977,985
T569,lars,rag2026-51,27,6695,1179,1189
T569,lars,rag2026-52,25,5735,1104,1149
T569,lars,rag2026-53,19,5836,1171,1236
T569,lars,rag2026-54,28,6795,1150,1171
T569,lars,rag2026-55,26,6768,1122,1127
T569,lars,rag2026-56,30,7150,1268,1292
T569,lars,rag2026-57,30,7262,1252,1275
T569,lars,rag2026-58,28,4648,963,962
T569,lars,rag2026-59,24,5894,984,1003
T569,lars,rag2026-60,33,6454,1115,1166
T569,lars,rag2026-61,32,6718,1232,1301
T569,lars,rag2026-62,54,6309,1220,1262
T569,lars,rag2026-63,38,6235,1416,1353
T569,lars,rag2026-64,28,6772,1082,1092
T569,lars,rag2026-65,24,6583,1106,1117
T569,lars,rag2026-66,31,7234,1271,1300
T569,lars,rag2026-67,22,5436,975,992
T569,lars,rag2026-68,27,6705,1111,1116
T569,lars,rag2026-69,23,6231,1003,1029
T569,lars,rag2026-70,22,6372,1146,1142
T569,lars,rag2026-71,28,7601,1273,1292
T569,lars,rag2026-72,32,6167,1380,1342
T569,lars,rag2026-73,27,6493,1147,1178
T569,lars,rag2026-74,32,7307,1268,1294
T569,lars,rag2026-75,23,5861,957,964
T569,lars,rag2026-76,20,5237,934,958
T569,lars,rag2026-77,30,7329,1151,1162
T569,lars,rag2026-78,25,6022,1074,1095
T569,lars,rag2026-79,23,5638,962,990
T569,lars,rag2026-80,20,5968,1069,1071
T569,lars,rag2026-81,25,6077,1117,1138
T569,lars,rag2026-82,27,6778,1156,1181
T569,lars,rag2026-83,31,7501,1287,1309
T569,lars,rag2026-84,26,5827,1031,1005
T569,lars,rag2026-85,25,6433,1083,1085
T569,lars,rag2026-86,31,7355,1273,1333
T569,lars,rag2026-87,33,7786,1362,1364
T569,lars,rag2026-88,29,7202,1254,1259
T569,lars,rag2026-89,30,7165,1220,1232
T569,lars,rag2026-90,25,6261,1094,1120
T569,lars,rag2026-91,37,5417,1382,1360
T569,lars,rag2026-92,30,6315,1122,1118
T569,lars,rag2026-93,23,4977,916,937
T569,lars,rag2026-94,24,6015,984,1002
T569,lars,rag2026-95,23,6147,1092,1113
T569,lars,rag2026-96,30,7162,1248,1275
T569,lars,rag2026-97,27,7605,1241,1263
T569,lars,rag2026-98,19,3722,696,701
T569,lars,rag2026-99,24,6519,1160,1178
T569,lars,rag2026-100,32,6958,1187,1194
T569,lars,rag2026-101,25,6855,1194,1204
T569,lars,rag2026-102,31,7542,1366,1469
T569,lars,rag2026-103,26,6666,1130,1153
T569,lars,rag2026-104,31,7114,1257,1292
T569,lars,rag2026-105,29,6788,1213,1223
T569,lars,rag2026-106,25,6761,1234,1252
T569,lars,rag2026-107,13,3490,639,665
T569,lars,rag2026-108,28,7689,1265,1275
T569,lars,rag2026-109,14,5063,860,874
T569,lars,rag2026-110,31,6836,1308,1366
T569,lars,rag2026-111,24,6402,1193,1251
T569,lars,rag2026-112,29,7386,1287,1304
T569,lars,rag2026-113,32,6488,1132,1156
T569,lars,rag2026-114,26,6470,1088,1096
T569,lars,rag2026-115,30,5736,1316,1337
T569,lars,rag2026-116,27,6390,1115,1161
T569,lars,rag2026-117,28,6314,1083,1094
T569,lars,rag2026-118,26,6856,1265,1310
T047,laura,rag2026-0,29,6004,1091,1115
T047,laura,rag2026-1,37,6533,1209,1214
T047,laura,rag2026-10,33,6568,1200,1225
T047,laura,rag2026-100,33,7011,1186,1212
T047,laura,rag2026-101,31,5969,1113,1134
T047,laura,rag2026-102,33,6794,1267,1332
T047,laura,rag2026-103,34,7166,1267,1295
T047,laura,rag2026-104,36,7551,1289,1312
T047,laura,rag2026-105,27,5510,944,954
T047,laura,rag2026-106,34,6684,1252,1274
T047,laura,rag2026-107,27,5278,1000,1032
T047,laura,rag2026-108,31,6894,1195,1235
T047,laura,rag2026-109,30,6029,1086,1124
T047,laura,rag2026-11,33,7068,1314,1380
T047,laura,rag2026-110,34,6747,1337,1385
T047,laura,rag2026-111,32,6662,1288,1437
T047,laura,rag2026-112,36,7201,1283,1291
T047,laura,rag2026-113,28,4669,865,870
T047,laura,rag2026-114,32,6703,1215,1236
T047,laura,rag2026-115,30,6123,1216,1225
T047,laura,rag2026-116,32,6794,1231,1278
T047,laura,rag2026-117,39,7220,1230,1252
T047,laura,rag2026-118,29,6891,1184,1207
T047,laura,rag2026-12,32,6013,1137,1186
T047,laura,rag2026-13,30,6927,1193,1217
T047,laura,rag2026-14,37,7112,1177,1193
T047,laura,rag2026-15,29,6538,1198,1238
T047,laura,rag2026-16,27,6066,1063,1107
T047,laura,rag2026-17,15,3213,539,541
T047,laura,rag2026-18,7,1133,219,221
T047,laura,rag2026-19,34,6997,1251,1274
T047,laura,rag2026-2,30,6691,1222,1259
T047,laura,rag2026-20,29,6123,975,985
T047,laura,rag2026-21,32,5454,1035,1056
T047,laura,rag2026-22,35,6727,1190,1194
T047,laura,rag2026-23,28,6992,1183,1193
T047,laura,rag2026-24,36,7056,1446,1479
T047,laura,rag2026-25,30,6261,1275,1313
T047,laura,rag2026-26,29,6716,1157,1177
T047,laura,rag2026-27,23,4981,905,932
T047,laura,rag2026-28,24,5209,965,970
T047,laura,rag2026-29,29,6718,1216,1284
T047,laura,rag2026-3,34,6731,1265,1322
T047,laura,rag2026-30,37,7265,1196,1223
T047,laura,rag2026-31,25,4831,825,828
T047,laura,rag2026-32,31,6489,1194,1224
T047,laura,rag2026-33,31,5903,1183,1204
T047,laura,rag2026-34,31,6879,1164,1172
T047,laura,rag2026-35,32,6638,1242,1274
T047,laura,rag2026-36,28,4701,883,885
T047,laura,rag2026-37,34,6805,1202,1227
T047,laura,rag2026-38,30,5937,1009,1026
T047,laura,rag2026-39,30,6870,1210,1226
T047,laura,rag2026-4,34,6869,1163,1184
T047,laura,rag2026-40,27,6173,1018,1025
T047,laura,rag2026-41,20,4084,734,747
T047,laura,rag2026-42,33,6880,1265,1310
T047,laura,rag2026-43,32,6886,1194,1202
T047,laura,rag2026-44,37,7152,1334,1372
T047,laura,rag2026-45,31,5635,1021,1026
T047,laura,rag2026-46,33,7153,1171,1174
T047,laura,rag2026-47,34,6914,1181,1182
T047,laura,rag2026-48,30,6945,1240,1243
T047,laura,rag2026-49,35,6873,1265,1297
T047,laura,rag2026-5,29,6192,1152,1206
T047,laura,rag2026-50,31,6515,1283,1325
T047,laura,rag2026-51,32,6672,1145,1150
T047,laura,rag2026-52,31,6499,1208,1256
T047,laura,rag2026-53,35,6479,1182,1189
T047,laura,rag2026-54,25,4724,875,886
T047,laura,rag2026-55,32,7312,1290,1318
T047,laura,rag2026-56,32,6558,1218,1253
T047,laura,rag2026-57,34,6586,1200,1239
T047,laura,rag2026-58,34,6021,1198,1199
T047,laura,rag2026-59,31,7250,1178,1198
T047,laura,rag2026-6,36,6811,1218,1273
T047,laura,rag2026-61,35,6913,1219,1254
T047,laura,rag2026-62,20,4238,809,826
T047,laura,rag2026-63,39,6889,1167,1170
T047,laura,rag2026-64,34,6906,1174,1196
T047,laura,rag2026-65,30,6456,1169,1207
T047,laura,rag2026-66,33,6875,1243,1264
T047,laura,rag2026-67,34,6773,1217,1256
T047,laura,rag2026-68,32,7137,1211,1234
T047,laura,rag2026-69,26,5384,862,859
T047,laura,rag2026-7,34,6776,1181,1182
T047,laura,rag2026-70,30,5760,1045,1052
T047,laura,rag2026-71,30,6682,1150,1157
T047,laura,rag2026-72,25,5525,966,974
T047,laura,rag2026-73,29,6797,1270,1312
T047,laura,rag2026-74,36,6061,1197,1244
T047,laura,rag2026-75,30,6943,1229,1264
T047,laura,rag2026-76,27,6462,1228,1261
T047,laura,rag2026-77,32,6854,1076,1087
T047,laura,rag2026-78,31,6998,1241,1258
T047,laura,rag2026-79,28,4973,868,879
T047,laura,rag2026-8,31,6701,1216,1271
T047,laura,rag2026-80,30,5262,1041,1047
T047,laura,rag2026-81,32,6107,1161,1191
T047,laura,rag2026-82,21,3917,712,715
T047,laura,rag2026-83,35,6532,1214,1217
T047,laura,rag2026-84,22,4640,802,790
T047,laura,rag2026-85,33,6901,1168,1189
T047,laura,rag2026-86,25,4974,865,871
T047,laura,rag2026-87,29,5694,991,987
T047,laura,rag2026-88,32,6263,1117,1122
T047,laura,rag2026-89,31,6942,1206,1232
T047,laura,rag2026-9,36,6811,1280,1305
T047,laura,rag2026-90,32,6695,1194,1233
T047,laura,rag2026-91,23,4425,902,911
T047,laura,rag2026-92,18,3879,659,659
T047,laura,rag2026-93,35,6592,1208,1251
T047,laura,rag2026-94,32,6319,1191,1221
T047,laura,rag2026-95,31,6948,1219,1224
T047,laura,rag2026-96,33,7096,1222,1250
T047,laura,rag2026-97,24,4505,848,883
T047,laura,rag2026-98,36,6590,1197,1204
T047,laura,rag2026-99,28,6969,1232,1251
T949,leon,rag2026-0,16,3025,462,467
T949,leon,rag2026-1,18,3494,617,631
T949,leon,rag2026-2,10,1871,310,312
T949,leon,rag2026-3,11,1813,343,360
T949,leon,rag2026-4,10,1834,317,321
T949,leon,rag2026-5,11,2010,341,347
T949,leon,rag2026-6,24,3674,693,736
T949,leon,rag2026-7,11,1855,312,320
T949,leon,rag2026-8,8,1624,272,276
T949,leon,rag2026-9,12,2670,463,475
T949,leon,rag2026-10,20,3276,637,675
T949,leon,rag2026-11,9,2104,372,380
T949,leon,rag2026-12,22,3978,726,758
T949,leon,rag2026-13,11,2035,365,379
T949,leon,rag2026-14,15,2970,473,472
T949,leon,rag2026-15,13,2615,423,424
T949,leon,rag2026-16,14,2614,419,424
T949,leon,rag2026-17,10,1961,317,318
T949,leon,rag2026-18,13,2161,412,428
T949,leon,rag2026-19,21,3515,642,666
T949,leon,rag2026-20,16,2517,397,401
T949,leon,rag2026-21,10,1918,358,377
T949,leon,rag2026-22,9,1891,321,322
T949,leon,rag2026-23,21,4177,748,780
T949,leon,rag2026-24,15,2903,565,586
T949,leon,rag2026-25,12,2199,384,386
T949,leon,rag2026-26,12,2619,410,415
T949,leon,rag2026-27,10,2104,385,392
T949,leon,rag2026-28,14,2730,496,506
T949,leon,rag2026-29,13,2264,375,387
T949,leon,rag2026-30,9,1738,281,284
T949,leon,rag2026-31,13,2536,444,446
T949,leon,rag2026-32,14,2563,446,474
T949,leon,rag2026-33,10,1951,306,307
T949,leon,rag2026-34,14,3238,564,593
T949,leon,rag2026-35,8,2331,418,438
T949,leon,rag2026-36,9,1750,304,311
T949,leon,rag2026-37,16,2905,527,537
T949,leon,rag2026-38,17,3486,570,592
T949,leon,rag2026-39,18,3387,583,603
T949,leon,rag2026-40,14,2536,406,411
T949,leon,rag2026-41,17,2703,478,496
T949,leon,rag2026-42,7,1269,233,244
T949,leon,rag2026-43,10,2182,364,372
T949,leon,rag2026-44,19,3627,601,605
T949,leon,rag2026-45,12,1863,316,322
T949,leon,rag2026-46,10,1911,308,312
T949,leon,rag2026-47,12,2416,408,411
T949,leon,rag2026-48,12,2375,394,401
T949,leon,rag2026-49,15,2665,469,474
T949,leon,rag2026-50,13,2456,460,476
T949,leon,rag2026-51,10,1816,298,305
T949,leon,rag2026-52,9,1578,310,320
T949,leon,rag2026-53,13,1848,327,334
T949,leon,rag2026-54,12,2282,375,373
T949,leon,rag2026-55,10,2010,314,316
T949,leon,rag2026-56,15,3178,598,635
T949,leon,rag2026-57,10,1957,356,372
T949,leon,rag2026-58,13,1822,353,352
T949,leon,rag2026-59,10,2131,348,361
T949,leon,rag2026-60,11,1974,372,399
T949,leon,rag2026-61,15,2616,464,487
T949,leon,rag2026-62,15,2841,462,465
T949,leon,rag2026-63,11,1886,328,328
T949,leon,rag2026-64,13,2709,439,451
T949,leon,rag2026-65,10,2082,338,345
T949,leon,rag2026-66,10,2134,350,354
T949,leon,rag2026-67,9,1946,356,370
T949,leon,rag2026-68,18,3846,619,624
T949,leon,rag2026-69,16,4677,734,740
T949,leon,rag2026-70,14,2739,485,484
T949,leon,rag2026-71,15,2768,467,470
T949,leon,rag2026-72,15,3226,558,567
T949,leon,rag2026-73,14,2152,349,355
T949,leon,rag2026-74,15,2931,535,540
T949,leon,rag2026-75,8,1498,232,233
T949,leon,rag2026-76,17,3132,553,559
T949,leon,rag2026-77,20,3158,494,496
T949,leon,rag2026-78,10,1865,316,320
T949,leon,rag2026-79,10,1852,297,304
T949,leon,rag2026-80,14,2837,528,525
T949,leon,rag2026-81,12,1825,333,337
T949,leon,rag2026-82,9,1919,358,370
T949,leon,rag2026-83,17,3105,535,554
T949,leon,rag2026-84,21,3368,569,553
T949,leon,rag2026-85,17,3120,530,562
T949,leon,rag2026-86,20,3613,625,657
T949,leon,rag2026-87,21,3549,607,599
T949,leon,rag2026-88,16,2643,459,473
T949,leon,rag2026-89,11,2189,349,352
T949,leon,rag2026-90,12,2615,460,488
T949,leon,rag2026-91,15,2218,448,452
T949,leon,rag2026-92,15,3001,491,487
T949,leon,rag2026-93,15,2673,449,452
T949,leon,rag2026-94,11,2140,364,371
T949,leon,rag2026-95,12,2575,438,452
T949,leon,rag2026-96,13,2423,415,434
T949,leon,rag2026-97,21,4300,719,740
T949,leon,rag2026-98,12,1923,327,328
T949,leon,rag2026-99,16,3003,539,562
T949,leon,rag2026-100,13,2585,411,415
T949,leon,rag2026-101,30,4922,848,876
T949,leon,rag2026-102,19,3858,706,758
T949,leon,rag2026-103,12,2363,436,455
T949,leon,rag2026-104,12,2077,388,407
T949,leon,rag2026-105,7,1278,209,211
T949,leon,rag2026-106,12,2170,414,423
T949,leon,rag2026-107,7,1438,278,293
T949,leon,rag2026-108,16,2819,515,558
T949,leon,rag2026-109,10,1995,311,313
T949,leon,rag2026-110,20,3564,692,729
T949,leon,rag2026-111,12,1958,355,377
T949,leon,rag2026-112,12,2230,388,391
T949,leon,rag2026-113,9,1904,344,353
T949,leon,rag2026-114,10,2130,327,327
T949,leon,rag2026-115,19,2970,607,613
T949,leon,rag2026-116,15,2533,405,416
T949,leon,rag2026-117,20,3277,528,533
T949,leon,rag2026-118,16,2903,508,521
T656,linda,rag2026-0,6,945,152,155
T656,linda,rag2026-1,5,633,116,117
T656,linda,rag2026-2,8,1226,202,202
T656,linda,rag2026-3,6,884,163,170
T656,linda,rag2026-4,6,614,113,116
T656,linda,rag2026-5,7,821,167,177
T656,linda,rag2026-6,10,1057,179,184
T656,linda,rag2026-7,7,844,138,137
T656,linda,rag2026-8,6,801,150,149
T656,linda,rag2026-9,15,1632,298,301
T656,linda,rag2026-10,9,1235,220,222
T656,linda,rag2026-11,6,1203,202,204
T656,linda,rag2026-12,12,1735,327,339
T656,linda,rag2026-13,9,1364,244,256
T656,linda,rag2026-14,8,854,154,154
T656,linda,rag2026-15,9,1195,200,201
T656,linda,rag2026-16,7,821,137,139
T656,linda,rag2026-17,6,608,102,105
T656,linda,rag2026-18,15,2270,416,421
T656,linda,rag2026-19,15,1842,346,356
T656,linda,rag2026-20,8,999,184,188
T656,linda,rag2026-21,7,604,111,114
T656,linda,rag2026-22,8,1135,185,185
T656,linda,rag2026-23,8,1367,216,217
T656,linda,rag2026-24,15,1744,365,375
T656,linda,rag2026-25,15,1941,361,363
T656,linda,rag2026-26,15,2161,375,371
T656,linda,rag2026-27,10,1253,280,288
T656,linda,rag2026-28,5,480,84,85
T656,linda,rag2026-29,7,961,160,162
T656,linda,rag2026-30,14,1804,317,318
T656,linda,rag2026-31,9,1041,183,185
T656,linda,rag2026-32,15,2305,389,393
T656,linda,rag2026-33,4,693,106,110
T656,linda,rag2026-34,5,818,136,143
T656,linda,rag2026-35,15,2153,386,403
T656,linda,rag2026-36,6,782,151,150
T656,linda,rag2026-37,5,469,82,82
T656,linda,rag2026-38,9,1461,261,267
T656,linda,rag2026-39,9,996,158,160
T656,linda,rag2026-40,15,2148,344,344
T656,linda,rag2026-41,5,553,95,97
T656,linda,rag2026-42,9,1128,181,185
T656,linda,rag2026-43,7,1339,243,243
T656,linda,rag2026-44,15,1737,330,335
T656,linda,rag2026-45,15,1789,333,343
T656,linda,rag2026-46,7,1109,176,177
T656,linda,rag2026-47,7,944,166,166
T656,linda,rag2026-48,6,768,135,137
T656,linda,rag2026-49,5,811,157,160
T656,linda,rag2026-50,6,496,90,90
T656,linda,rag2026-51,7,586,106,106
T656,linda,rag2026-52,8,1095,224,232
T656,linda,rag2026-53,9,858,159,158
T656,linda,rag2026-54,5,668,105,106
T656,linda,rag2026-55,14,2062,322,327
T656,linda,rag2026-56,15,1739,292,289
T656,linda,rag2026-57,15,2342,419,424
T656,linda,rag2026-58,10,1093,213,213
T656,linda,rag2026-59,7,932,168,170
T656,linda,rag2026-60,15,1954,380,398
T656,linda,rag2026-61,6,617,105,110
T656,linda,rag2026-62,4,544,98,96
T656,linda,rag2026-63,6,659,135,132
T656,linda,rag2026-64,15,2104,358,362
T656,linda,rag2026-65,8,991,177,179
T656,linda,rag2026-66,4,844,138,140
T656,linda,rag2026-67,9,980,201,209
T656,linda,rag2026-68,9,1688,281,282
T656,linda,rag2026-69,15,2503,393,396
T656,linda,rag2026-70,9,1008,201,200
T656,linda,rag2026-71,7,1310,240,244
T656,linda,rag2026-72,15,1826,325,331
T656,linda,rag2026-73,7,1448,254,261
T656,linda,rag2026-74,6,1081,211,213
T656,linda,rag2026-75,7,954,161,164
T656,linda,rag2026-76,11,1100,226,232
T656,linda,rag2026-77,9,1069,183,187
T656,linda,rag2026-78,7,495,90,89
T656,linda,rag2026-79,7,920,160,161
T656,linda,rag2026-80,5,801,165,165
T656,linda,rag2026-81,8,1050,193,208
T656,linda,rag2026-82,5,624,105,106
T656,linda,rag2026-83,8,1088,193,192
T656,linda,rag2026-84,15,2327,359,358
T656,linda,rag2026-85,5,529,85,85
T656,linda,rag2026-86,9,1003,174,175
T656,linda,rag2026-87,15,2341,376,394
T656,linda,rag2026-88,15,2136,359,359
T656,linda,rag2026-89,9,956,158,169
T656,linda,rag2026-90,7,737,129,131
T656,linda,rag2026-91,5,551,107,110
T656,linda,rag2026-92,6,644,102,103
T656,linda,rag2026-93,15,1998,386,390
T656,linda,rag2026-94,8,867,148,148
T656,linda,rag2026-95,9,1059,198,200
T656,linda,rag2026-96,10,1228,225,230
T656,linda,rag2026-97,9,1222,202,204
T656,linda,rag2026-98,8,1155,205,206
T656,linda,rag2026-99,8,845,153,153
T656,linda,rag2026-100,14,1754,294,296
T656,linda,rag2026-101,6,820,148,148
T656,linda,rag2026-102,15,2220,403,415
T656,linda,rag2026-103,7,1224,199,205
T656,linda,rag2026-104,8,1371,224,227
T656,linda,rag2026-105,15,2097,355,356
T656,linda,rag2026-106,8,831,160,163
T656,linda,rag2026-107,7,670,134,138
T656,linda,rag2026-108,15,2102,353,374
T656,linda,rag2026-109,15,1601,276,279
T656,linda,rag2026-110,8,1067,189,191
T656,linda,rag2026-111,8,932,171,178
T656,linda,rag2026-112,15,1474,269,271
T656,linda,rag2026-113,7,819,155,155
T656,linda,rag2026-114,15,2119,385,389
T656,linda,rag2026-115,11,1562,281,278
T656,linda,rag2026-116,9,1250,214,218
T656,linda,rag2026-117,9,1364,230,234
T656,linda,rag2026-118,6,1204,187,195
T820,lloyd,rag2026-0,29,6892,1180,1201
T820,lloyd,rag2026-1,30,5697,1036,1057
T820,lloyd,rag2026-2,32,6627,1185,1220
T820,lloyd,rag2026-3,31,5978,1137,1221
T820,lloyd,rag2026-4,29,6011,1064,1082
T820,lloyd,rag2026-5,32,6191,1150,1179
T820,lloyd,rag2026-6,32,6123,1110,1151
T820,lloyd,rag2026-7,29,7094,1192,1201
T820,lloyd,rag2026-8,30,6046,1126,1162
T820,lloyd,rag2026-9,30,6171,1159,1202
T820,lloyd,rag2026-10,26,5610,1077,1138
T820,lloyd,rag2026-11,26,7040,1207,1242
T820,lloyd,rag2026-12,35,6886,1434,1518
T820,lloyd,rag2026-13,32,6650,1161,1176
T820,lloyd,rag2026-14,29,6331,1082,1098
T820,lloyd,rag2026-15,28,6089,976,985
T820,lloyd,rag2026-16,30,6120,1028,1054
T820,lloyd,rag2026-17,29,6868,1180,1209
T820,lloyd,rag2026-18,30,6304,1168,1196
T820,lloyd,rag2026-19,25,5884,1072,1118
T820,lloyd,rag2026-20,31,6325,1083,1096
T820,lloyd,rag2026-21,26,5610,1092,1148
T820,lloyd,rag2026-22,26,5092,878,890
T820,lloyd,rag2026-23,31,6719,1155,1165
T820,lloyd,rag2026-24,26,5552,1096,1142
T820,lloyd,rag2026-25,26,5280,966,979
T820,lloyd,rag2026-26,27,6708,1115,1123
T820,lloyd,rag2026-27,31,6147,1248,1298
T820,lloyd,rag2026-28,27,6257,1079,1094
T820,lloyd,rag2026-29,27,6278,1133,1174
T820,lloyd,rag2026-30,31,6169,1074,1084
T820,lloyd,rag2026-31,31,6563,1176,1182
T820,lloyd,rag2026-32,30,6434,1135,1181
T820,lloyd,rag2026-33,31,6187,1063,1072
T820,lloyd,rag2026-34,27,5511,961,977
T820,lloyd,rag2026-35,25,6424,1154,1201
T820,lloyd,rag2026-36,32,6134,1114,1118
T820,lloyd,rag2026-37,30,6240,1061,1080
T820,lloyd,rag2026-38,31,5927,1034,1069
T820,lloyd,rag2026-39,30,6896,1146,1153
T820,lloyd,rag2026-40,33,7044,1131,1147
T820,lloyd,rag2026-41,32,6213,1097,1108
T820,lloyd,rag2026-42,26,6401,1171,1230
T820,lloyd,rag2026-43,34,7511,1255,1266
T820,lloyd,rag2026-44,30,5773,1055,1065
T820,lloyd,rag2026-45,31,6438,1110,1112
T820,lloyd,rag2026-46,30,5738,994,1003
T820,lloyd,rag2026-47,29,6263,1049,1057
T820,lloyd,rag2026-48,27,6368,1101,1121
T820,lloyd,rag2026-49,31,6029,1059,1096
T820,lloyd,rag2026-50,23,5006,936,970
T820,lloyd,rag2026-51,30,5757,1048,1073
T820,lloyd,rag2026-52,31,5878,1174,1210
T820,lloyd,rag2026-53,27,5317,1077,1121
T820,lloyd,rag2026-54,25,6604,1183,1229
T820,lloyd,rag2026-55,27,6790,1103,1124
T820,lloyd,rag2026-56,27,6083,1127,1184
T820,lloyd,rag2026-57,30,6076,1075,1109
T820,lloyd,rag2026-58,30,4897,966,968
T820,lloyd,rag2026-59,29,6870,1157,1181
T820,lloyd,rag2026-60,33,5659,1125,1195
T820,lloyd,rag2026-61,30,6003,1054,1071
T820,lloyd,rag2026-62,26,5466,981,986
T820,lloyd,rag2026-63,27,5117,914,927
T820,lloyd,rag2026-64,30,6976,1093,1117
T820,lloyd,rag2026-65,28,6310,1096,1108
T820,lloyd,rag2026-66,34,6020,1075,1097
T820,lloyd,rag2026-67,33,6921,1202,1222
T820,lloyd,rag2026-68,30,6021,1000,1016
T820,lloyd,rag2026-69,24,5447,861,865
T820,lloyd,rag2026-70,31,7004,1265,1261
T820,lloyd,rag2026-71,28,6142,1058,1071
T820,lloyd,rag2026-72,28,5577,1021,1049
T820,lloyd,rag2026-73,29,6715,1183,1220
T820,lloyd,rag2026-74,25,5653,981,989
T820,lloyd,rag2026-75,29,6466,1153,1174
T820,lloyd,rag2026-76,26,5671,1107,1145
T820,lloyd,rag2026-77,47,7217,1300,1367
T820,lloyd,rag2026-78,29,6622,1152,1167
T820,lloyd,rag2026-79,30,6907,1121,1141
T820,lloyd,rag2026-80,26,6458,1216,1224
T820,lloyd,rag2026-81,30,5299,994,1030
T820,lloyd,rag2026-82,26,6286,1085,1095
T820,lloyd,rag2026-83,32,6957,1232,1257
T820,lloyd,rag2026-84,30,5857,1084,1067
T820,lloyd,rag2026-85,27,5879,997,1007
T820,lloyd,rag2026-86,29,5963,1077,1099
T820,lloyd,rag2026-87,36,6683,1137,1126
T820,lloyd,rag2026-88,31,5912,1030,1052
T820,lloyd,rag2026-89,27,6457,1071,1097
T820,lloyd,rag2026-90,30,6634,1208,1266
T820,lloyd,rag2026-91,27,5054,1155,1166
T820,lloyd,rag2026-92,27,4978,879,870
T820,lloyd,rag2026-93,30,5600,1056,1099
T820,lloyd,rag2026-94,29,6717,1212,1266
T820,lloyd,rag2026-95,28,6418,1103,1129
T820,lloyd,rag2026-96,32,6888,1211,1247
T820,lloyd,rag2026-97,36,7017,1218,1255
T820,lloyd,rag2026-98,30,5725,1009,1026
T820,lloyd,rag2026-99,32,6764,1246,1305
T820,lloyd,rag2026-100,32,6351,1026,1025
T820,lloyd,rag2026-101,28,6632,1120,1140
T820,lloyd,rag2026-102,29,7034,1274,1327
T820,lloyd,rag2026-103,32,7203,1215,1270
T820,lloyd,rag2026-104,33,6194,1106,1134
T820,lloyd,rag2026-105,31,6366,1048,1049
T820,lloyd,rag2026-106,25,5686,1031,1037
T820,lloyd,rag2026-107,26,5398,963,1004
T820,lloyd,rag2026-108,35,7067,1276,1351
T820,lloyd,rag2026-109,28,6214,1061,1083
T820,lloyd,rag2026-110,26,6378,1239,1302
T820,lloyd,rag2026-111,31,6319,1234,1344
T820,lloyd,rag2026-112,33,5902,1126,1145
T820,lloyd,rag2026-113,28,5630,1003,1010
T820,lloyd,rag2026-114,26,6229,1032,1039
T820,lloyd,rag2026-115,29,5585,1175,1207
T820,lloyd,rag2026-116,28,6724,1281,1365
T820,lloyd,rag2026-117,31,6542,1172,1192
T820,lloyd,rag2026-118,26,6617,1157,1195
T300,luca,rag2026-0,23,6371,1079,1096
T300,luca,rag2026-1,20,5319,958,976
T300,luca,rag2026-10,26,7271,1347,1432
T300,luca,rag2026-100,27,6963,1207,1238
T300,luca,rag2026-101,33,7250,1285,1334
T300,luca,rag2026-102,30,7539,1361,1458
T300,luca,rag2026-103,27,7241,1277,1321
T300,luca,rag2026-104,28,7265,1309,1338
T300,luca,rag2026-105,27,6587,1174,1187
T300,luca,rag2026-106,28,6687,1268,1305
T300,luca,rag2026-107,20,5153,970,1005
T300,luca,rag2026-108,28,7749,1332,1387
T300,luca,rag2026-109,27,6965,1216,1253
T300,luca,rag2026-11,28,7328,1257,1300
T300,luca,rag2026-110,30,7314,1443,1524
T300,luca,rag2026-111,26,6131,1183,1271
T300,luca,rag2026-112,29,7186,1343,1391
T300,luca,rag2026-113,33,7015,1243,1272
T300,luca,rag2026-114,26,6572,1148,1167
T300,luca,rag2026-115,37,7228,1522,1572
T300,luca,rag2026-116,30,7650,1356,1409
T300,luca,rag2026-117,32,7231,1269,1303
T300,luca,rag2026-118,30,7318,1387,1437
T300,luca,rag2026-12,27,7255,1408,1494
T300,luca,rag2026-13,28,6833,1174,1201
T300,luca,rag2026-14,24,6158,1010,1030
T300,luca,rag2026-15,30,7561,1312,1343
T300,luca,rag2026-16,31,7437,1365,1396
T300,luca,rag2026-17,29,7440,1313,1343
T300,luca,rag2026-18,31,7149,1314,1339
T300,luca,rag2026-19,28,7181,1251,1310
T300,luca,rag2026-2,27,7694,1326,1368
T300,luca,rag2026-20,29,5850,1019,1042
T300,luca,rag2026-21,27,6230,1200,1271
T300,luca,rag2026-22,33,7751,1264,1280
T300,luca,rag2026-23,29,7169,1282,1328
T300,luca,rag2026-24,27,6703,1238,1291
T300,luca,rag2026-25,22,6035,1115,1127
T300,luca,rag2026-26,29,7879,1306,1334
T300,luca,rag2026-27,32,7522,1582,1655
T300,luca,rag2026-28,33,7611,1404,1429
T300,luca,rag2026-29,30,7185,1352,1442
T300,luca,rag2026-3,27,5609,1026,1077
T300,luca,rag2026-30,28,7613,1343,1353
T300,luca,rag2026-31,26,6328,1110,1113
T300,luca,rag2026-32,28,7438,1265,1307
T300,luca,rag2026-33,29,7038,1254,1270
T300,luca,rag2026-34,27,6432,1201,1244
T300,luca,rag2026-35,33,7603,1329,1390
T300,luca,rag2026-36,28,7656,1492,1591
T300,luca,rag2026-37,30,7279,1269,1313
T300,luca,rag2026-38,31,8161,1419,1461
T300,luca,rag2026-39,30,8001,1335,1356
T300,luca,rag2026-4,24,5465,952,959
T300,luca,rag2026-40,28,7096,1224,1251
T300,luca,rag2026-41,25,5558,1042,1067
T300,luca,rag2026-42,30,7283,1339,1383
T300,luca,rag2026-43,32,7653,1265,1277
T300,luca,rag2026-44,29,7703,1369,1383
T300,luca,rag2026-45,29,6869,1213,1250
T300,luca,rag2026-46,25,5930,1063,1077
T300,luca,rag2026-47,32,7708,1277,1308
T300,luca,rag2026-48,28,6769,1210,1261
T300,luca,rag2026-49,35,7890,1395,1459
T300,luca,rag2026-5,26,6696,1241,1286
T300,luca,rag2026-50,26,5912,1042,1046
T300,luca,rag2026-51,30,6220,1123,1146
T300,luca,rag2026-52,31,6257,1183,1216
T300,luca,rag2026-53,32,7191,1559,1655
T300,luca,rag2026-54,35,7335,1265,1296
T300,luca,rag2026-55,25,7022,1193,1211
T300,luca,rag2026-56,31,7480,1350,1416
T300,luca,rag2026-57,29,7064,1268,1316
T300,luca,rag2026-58,25,4861,1043,1041
T300,luca,rag2026-59,33,7475,1346,1401
T300,luca,rag2026-6,27,7744,1401,1481
T300,luca,rag2026-60,39,7831,1413,1513
T300,luca,rag2026-61,31,7480,1390,1482
T300,luca,rag2026-62,32,6334,1199,1229
T300,luca,rag2026-63,39,7136,1438,1418
T300,luca,rag2026-64,25,6727,1165,1209
T300,luca,rag2026-65,30,7716,1299,1318
T300,luca,rag2026-66,29,6996,1214,1249
T300,luca,rag2026-67,26,7222,1295,1331
T300,luca,rag2026-68,32,7585,1299,1321
T300,luca,rag2026-69,31,7997,1327,1368
T300,luca,rag2026-7,28,7479,1272,1293
T300,luca,rag2026-70,30,7282,1276,1281
T300,luca,rag2026-71,26,6277,1098,1120
T300,luca,rag2026-72,41,7182,1669,1638
T300,luca,rag2026-73,32,7340,1311,1347
T300,luca,rag2026-74,33,7282,1347,1408
T300,luca,rag2026-75,34,7726,1332,1375
T300,luca,rag2026-76,26,6657,1249,1305
T300,luca,rag2026-77,35,8266,1435,1485
T300,luca,rag2026-78,30,7596,1362,1390
T300,luca,rag2026-79,30,7544,1345,1399
T300,luca,rag2026-8,30,6959,1204,1236
T300,luca,rag2026-80,25,6532,1199,1206
T300,luca,rag2026-81,27,6048,1096,1125
T300,luca,rag2026-82,30,7126,1237,1264
T300,luca,rag2026-83,28,7750,1324,1338
T300,luca,rag2026-84,29,6099,1068,1039
T300,luca,rag2026-85,27,7805,1375,1416
T300,luca,rag2026-86,33,7938,1404,1446
T300,luca,rag2026-87,31,8326,1454,1466
T300,luca,rag2026-88,33,7685,1388,1433
T300,luca,rag2026-89,26,6916,1165,1176
T300,luca,rag2026-9,26,6624,1226,1269
T300,luca,rag2026-90,32,7284,1294,1332
T300,luca,rag2026-91,27,4408,966,975
T300,luca,rag2026-92,27,6109,1077,1083
T300,luca,rag2026-93,28,6396,1170,1210
T300,luca,rag2026-94,26,6272,1109,1155
T300,luca,rag2026-95,28,7292,1252,1273
T300,luca,rag2026-96,28,7041,1246,1307
T300,luca,rag2026-97,30,7307,1280,1323
T300,luca,rag2026-98,26,5219,962,983
T300,luca,rag2026-99,30,7421,1370,1418
T448,marco,rag2026-0,41,6833,1134,1156
T448,marco,rag2026-1,48,6070,1141,1148
T448,marco,rag2026-2,42,6603,1126,1148
T448,marco,rag2026-3,48,6249,1139,1170
T448,marco,rag2026-4,35,6271,1072,1095
T448,marco,rag2026-5,40,6440,1113,1124
T448,marco,rag2026-6,37,6794,1136,1170
T448,marco,rag2026-7,44,6904,1104,1116
T448,marco,rag2026-8,43,6686,1155,1174
T448,marco,rag2026-9,34,6666,1160,1183
T448,marco,rag2026-10,36,5472,1004,1038
T448,marco,rag2026-11,42,6309,1157,1212
T448,marco,rag2026-12,37,6095,1121,1154
T448,marco,rag2026-13,45,6509,1118,1129
T448,marco,rag2026-14,39,6218,1075,1097
T448,marco,rag2026-15,41,6406,1234,1299
T448,marco,rag2026-16,38,6782,1120,1154
T448,marco,rag2026-17,39,6392,1169,1192
T448,marco,rag2026-18,47,6235,1087,1092
T448,marco,rag2026-19,34,6260,1167,1211
T448,marco,rag2026-20,48,6349,1050,1068
T448,marco,rag2026-21,57,6286,1231,1285
T448,marco,rag2026-22,31,6243,1074,1086
T448,marco,rag2026-23,39,6116,1100,1125
T448,marco,rag2026-24,44,6535,1252,1274
T448,marco,rag2026-25,36,6012,1109,1116
T448,marco,rag2026-26,34,6694,1169,1211
T448,marco,rag2026-27,42,6717,1258,1289
T448,marco,rag2026-28,45,6460,1153,1165
T448,marco,rag2026-29,39,6186,1136,1161
T448,marco,rag2026-30,47,6769,1127,1149
T448,marco,rag2026-31,46,6732,1145,1150
T448,marco,rag2026-32,40,6642,1131,1150
T448,marco,rag2026-33,32,4865,865,891
T448,marco,rag2026-34,36,6365,1111,1143
T448,marco,rag2026-35,34,6665,1165,1202
T448,marco,rag2026-36,39,6454,1134,1139
T448,marco,rag2026-37,43,6208,1148,1191
T448,marco,rag2026-38,37,6550,1179,1215
T448,marco,rag2026-39,41,6590,1090,1111
T448,marco,rag2026-40,38,6678,1167,1193
T448,marco,rag2026-41,42,6647,1147,1158
T448,marco,rag2026-42,34,6507,1124,1152
T448,marco,rag2026-43,40,6898,1198,1217
T448,marco,rag2026-44,42,6415,1182,1187
T448,marco,rag2026-45,43,6198,1101,1116
T448,marco,rag2026-46,43,6595,1156,1175
T448,marco,rag2026-47,42,6433,1077,1077
T448,marco,rag2026-48,38,6616,1116,1130
T448,marco,rag2026-49,31,5878,1003,1016
T448,marco,rag2026-50,45,6367,1177,1197
T448,marco,rag2026-51,33,6272,1090,1086
T448,marco,rag2026-52,38,6019,1138,1171
T448,marco,rag2026-53,38,6909,1207,1218
T448,marco,rag2026-54,38,6646,1177,1196
T448,marco,rag2026-55,41,6811,1164,1185
T448,marco,rag2026-56,33,6006,1186,1209
T448,marco,rag2026-57,48,6411,1144,1190
T448,marco,rag2026-58,36,5911,1135,1132
T448,marco,rag2026-59,40,7005,1185,1205
T448,marco,rag2026-60,56,6771,1282,1342
T448,marco,rag2026-61,38,6510,1110,1125
T448,marco,rag2026-62,46,6455,1137,1150
T448,marco,rag2026-63,40,6418,1126,1126
T448,marco,rag2026-64,45,6681,1076,1099
T448,marco,rag2026-65,42,6912,1170,1189
T448,marco,rag2026-66,40,6537,1195,1213
T448,marco,rag2026-67,38,6279,1136,1172
T448,marco,rag2026-68,44,6862,1136,1144
T448,marco,rag2026-69,33,6694,1120,1135
T448,marco,rag2026-70,37,6859,1253,1273
T448,marco,rag2026-71,36,5994,1081,1085
T448,marco,rag2026-72,42,7044,1200,1216
T448,marco,rag2026-73,42,6820,1127,1146
T448,marco,rag2026-74,42,6657,1148,1160
T448,marco,rag2026-75,35,6583,1122,1130
T448,marco,rag2026-76,39,5901,1166,1202
T448,marco,rag2026-77,46,6991,1135,1145
T448,marco,rag2026-78,35,6585,1119,1136
T448,marco,rag2026-79,39,6734,1143,1164
T448,marco,rag2026-80,45,5910,1188,1187
T448,marco,rag2026-81,48,6314,1162,1188
T448,marco,rag2026-82,43,6722,1173,1175
T448,marco,rag2026-83,38,6356,1174,1189
T448,marco,rag2026-84,47,6716,1148,1143
T448,marco,rag2026-85,40,6544,1136,1147
T448,marco,rag2026-86,42,6660,1171,1196
T448,marco,rag2026-87,46,7319,1243,1245
T448,marco,rag2026-88,47,6811,1143,1157
T448,marco,rag2026-89,38,6516,1143,1168
T448,marco,rag2026-90,39,6073,1161,1215
T448,marco,rag2026-91,39,6329,1139,1162
T448,marco,rag2026-92,50,6669,1144,1132
T448,marco,rag2026-93,40,6421,1162,1197
T448,marco,rag2026-94,41,6705,1157,1193
T448,marco,rag2026-95,34,6437,1140,1165
T448,marco,rag2026-96,45,6446,1128,1145
T448,marco,rag2026-97,42,6584,1100,1112
T448,marco,rag2026-98,42,6284,1109,1117
T448,marco,rag2026-99,38,6281,1154,1191
T448,marco,rag2026-100,45,6635,1128,1141
T448,marco,rag2026-101,48,6597,1113,1148
T448,marco,rag2026-102,33,6036,1161,1203
T448,marco,rag2026-103,37,6377,1128,1164
T448,marco,rag2026-104,46,6498,1186,1216
T448,marco,rag2026-105,41,6812,1173,1194
T448,marco,rag2026-106,50,6508,1244,1246
T448,marco,rag2026-107,40,6050,1143,1174
T448,marco,rag2026-108,41,6685,1125,1164
T448,marco,rag2026-109,43,6960,1162,1190
T448,marco,rag2026-110,40,6293,1197,1245
T448,marco,rag2026-111,49,6034,1171,1262
T448,marco,rag2026-112,37,6862,1225,1239
T448,marco,rag2026-113,36,6061,1091,1109
T448,marco,rag2026-114,39,6248,1150,1173
T448,marco,rag2026-115,44,5708,1146,1162
T448,marco,rag2026-116,44,6786,1186,1237
T448,marco,rag2026-117,44,6221,1139,1168
T448,marco,rag2026-118,39,5840,999,1034
T712,maya,rag2026-0,9,2338,396,399
T712,maya,rag2026-1,11,2712,505,507
T712,maya,rag2026-2,9,2325,393,398
T712,maya,rag2026-3,10,1902,381,409
T712,maya,rag2026-4,9,2245,401,408
T712,maya,rag2026-5,8,2157,371,383
T712,maya,rag2026-6,10,2319,393,407
T712,maya,rag2026-7,10,2373,387,387
T712,maya,rag2026-8,9,1915,342,341
T712,maya,rag2026-9,19,4084,745,765
T712,maya,rag2026-10,11,3222,596,610
T712,maya,rag2026-11,9,2566,417,416
T712,maya,rag2026-12,11,3173,654,687
T712,maya,rag2026-13,10,1834,335,349
T712,maya,rag2026-14,10,2022,349,352
T712,maya,rag2026-15,7,2346,394,397
T712,maya,rag2026-16,8,2274,375,381
T712,maya,rag2026-17,8,2455,414,419
T712,maya,rag2026-18,7,1588,284,288
T712,maya,rag2026-19,11,2135,366,374
T712,maya,rag2026-20,9,2518,456,463
T712,maya,rag2026-21,10,1787,336,353
T712,maya,rag2026-22,10,1998,379,381
T712,maya,rag2026-23,13,2249,409,410
T712,maya,rag2026-24,9,2596,489,496
T712,maya,rag2026-25,10,2127,443,457
T712,maya,rag2026-26,10,2754,464,468
T712,maya,rag2026-27,9,2693,509,517
T712,maya,rag2026-28,15,2598,507,514
T712,maya,rag2026-29,9,2573,451,456
T712,maya,rag2026-30,8,2852,470,474
T712,maya,rag2026-31,9,2429,424,428
T712,maya,rag2026-32,10,2582,435,443
T712,maya,rag2026-33,7,1832,295,297
T712,maya,rag2026-34,10,2887,538,553
T712,maya,rag2026-35,8,2507,436,457
T712,maya,rag2026-36,10,2522,532,541
T712,maya,rag2026-37,9,2153,380,381
T712,maya,rag2026-38,10,2390,384,384
T712,maya,rag2026-39,8,1954,323,324
T712,maya,rag2026-40,8,2156,365,371
T712,maya,rag2026-41,7,2290,406,411
T712,maya,rag2026-42,10,3262,652,674
T712,maya,rag2026-43,10,3286,604,610
T712,maya,rag2026-44,9,1984,362,366
T712,maya,rag2026-45,8,2110,358,357
T712,maya,rag2026-46,11,3520,613,617
T712,maya,rag2026-47,10,4308,796,814
T712,maya,rag2026-48,10,2511,470,468
T712,maya,rag2026-49,8,2478,413,423
T712,maya,rag2026-50,10,3060,538,541
T712,maya,rag2026-51,10,3371,668,676
T712,maya,rag2026-52,9,2879,544,561
T712,maya,rag2026-53,9,2098,398,393
T712,maya,rag2026-54,9,1980,341,344
T712,maya,rag2026-55,9,2637,457,462
T712,maya,rag2026-56,12,2691,480,485
T712,maya,rag2026-57,9,2077,358,368
T712,maya,rag2026-58,10,2220,433,435
T712,maya,rag2026-59,9,2094,367,367
T712,maya,rag2026-60,11,2349,443,477
T712,maya,rag2026-61,6,2214,388,402
T712,maya,rag2026-62,6,2205,404,407
T712,maya,rag2026-63,10,2201,401,400
T712,maya,rag2026-64,11,2701,429,433
T712,maya,rag2026-65,10,2299,398,404
T712,maya,rag2026-66,9,2388,382,385
T712,maya,rag2026-67,7,2464,437,445
T712,maya,rag2026-68,10,2969,570,580
T712,maya,rag2026-69,10,2653,464,470
T712,maya,rag2026-70,10,3358,684,708
T712,maya,rag2026-71,11,2746,484,484
T712,maya,rag2026-72,10,3102,675,687
T712,maya,rag2026-73,9,2051,341,342
T712,maya,rag2026-74,7,2686,466,464
T712,maya,rag2026-75,10,3173,618,638
T712,maya,rag2026-76,9,2065,398,404
T712,maya,rag2026-77,10,2739,449,455
T712,maya,rag2026-78,8,2167,351,354
T712,maya,rag2026-79,10,2383,429,433
T712,maya,rag2026-80,10,1926,420,427
T712,maya,rag2026-81,11,2313,439,441
T712,maya,rag2026-82,8,2075,378,378
T712,maya,rag2026-83,7,1683,297,296
T712,maya,rag2026-84,8,1899,346,335
T712,maya,rag2026-85,8,1821,289,292
T712,maya,rag2026-86,10,2835,558,579
T712,maya,rag2026-87,9,1816,281,274
T712,maya,rag2026-88,9,2300,393,397
T712,maya,rag2026-89,7,2699,474,483
T712,maya,rag2026-90,9,2622,420,429
T712,maya,rag2026-91,9,2287,430,431
T712,maya,rag2026-92,10,2121,376,375
T712,maya,rag2026-93,10,1806,331,339
T712,maya,rag2026-94,8,2037,344,349
T712,maya,rag2026-95,10,2114,367,371
T712,maya,rag2026-96,10,2608,430,434
T712,maya,rag2026-97,11,2768,495,511
T712,maya,rag2026-98,10,2458,423,424
T712,maya,rag2026-99,8,1874,333,336
T712,maya,rag2026-100,11,2744,447,451
T712,maya,rag2026-101,11,2416,385,390
T712,maya,rag2026-102,10,2630,504,510
T712,maya,rag2026-103,10,2239,416,420
T712,maya,rag2026-104,10,2488,472,475
T712,maya,rag2026-105,9,2772,447,451
T712,maya,rag2026-106,9,3102,593,596
T712,maya,rag2026-107,9,2390,461,468
T712,maya,rag2026-108,10,3944,766,790
T712,maya,rag2026-109,10,2476,411,415
T712,maya,rag2026-110,11,2953,555,568
T712,maya,rag2026-111,10,2158,373,389
T712,maya,rag2026-112,10,2485,478,485
T712,maya,rag2026-113,10,3435,656,670
T712,maya,rag2026-114,8,2547,437,442
T712,maya,rag2026-115,8,2752,488,495
T712,maya,rag2026-116,11,2779,476,489
T712,maya,rag2026-117,8,1829,327,337
T712,maya,rag2026-118,14,2847,477,487
T086,miles,rag2026-0,40,7189,1268,1298
T086,miles,rag2026-1,32,5714,1049,1057
T086,miles,rag2026-2,40,7051,1352,1409
T086,miles,rag2026-3,47,6087,1325,1414
T086,miles,rag2026-4,35,6640,1221,1230
T086,miles,rag2026-5,45,6624,1328,1374
T086,miles,rag2026-6,52,7027,1374,1489
T086,miles,rag2026-7,40,6949,1310,1340
T086,miles,rag2026-8,36,6855,1283,1312
T086,miles,rag2026-9,43,6759,1271,1316
T086,miles,rag2026-10,38,6617,1333,1413
T086,miles,rag2026-11,41,6912,1320,1386
T086,miles,rag2026-12,35,6851,1432,1532
T086,miles,rag2026-13,39,6908,1232,1252
T086,miles,rag2026-14,46,7341,1250,1264
T086,miles,rag2026-15,41,7367,1275,1296
T086,miles,rag2026-16,33,5107,999,1013
T086,miles,rag2026-17,39,6759,1251,1265
T086,miles,rag2026-18,41,6504,1297,1323
T086,miles,rag2026-19,39,6702,1229,1251
T086,miles,rag2026-20,26,4094,743,747
T086,miles,rag2026-21,36,6420,1257,1307
T086,miles,rag2026-22,42,6853,1148,1154
T086,miles,rag2026-23,42,6842,1272,1289
T086,miles,rag2026-24,42,6958,1361,1403
T086,miles,rag2026-25,39,6687,1269,1291
T086,miles,rag2026-26,40,7079,1271,1293
T086,miles,rag2026-27,48,7244,1662,1716
T086,miles,rag2026-28,44,6928,1288,1332
T086,miles,rag2026-29,31,5516,989,1008
T086,miles,rag2026-30,39,6685,1268,1289
T086,miles,rag2026-31,50,7020,1324,1331
T086,miles,rag2026-32,45,6861,1225,1254
T086,miles,rag2026-33,38,6351,1140,1142
T086,miles,rag2026-34,36,6557,1230,1245
T086,miles,rag2026-35,42,6647,1242,1259
T086,miles,rag2026-36,36,5447,1130,1156
T086,miles,rag2026-37,35,5797,1099,1137
T086,miles,rag2026-38,39,7678,1357,1395
T086,miles,rag2026-39,37,6898,1253,1273
T086,miles,rag2026-40,37,5728,1028,1040
T086,miles,rag2026-41,41,6491,1257,1270
T086,miles,rag2026-42,26,3838,726,739
T086,miles,rag2026-43,43,7111,1254,1268
T086,miles,rag2026-44,38,7078,1358,1369
T086,miles,rag2026-45,38,7220,1285,1297
T086,miles,rag2026-46,43,6127,1151,1154
T086,miles,rag2026-47,36,7174,1243,1250
T086,miles,rag2026-48,37,6626,1230,1234
T086,miles,rag2026-49,46,6997,1368,1453
T086,miles,rag2026-50,37,6510,1204,1223
T086,miles,rag2026-51,50,6919,1264,1289
T086,miles,rag2026-52,53,6246,1352,1445
T086,miles,rag2026-53,42,6093,1231,1280
T086,miles,rag2026-54,42,6348,1181,1193
T086,miles,rag2026-55,36,7249,1294,1312
T086,miles,rag2026-56,33,6613,1226,1254
T086,miles,rag2026-57,39,6681,1226,1250
T086,miles,rag2026-58,42,5723,1220,1219
T086,miles,rag2026-59,30,5016,950,975
T086,miles,rag2026-60,41,7069,1421,1497
T086,miles,rag2026-61,39,6698,1260,1312
T086,miles,rag2026-62,23,2816,594,603
T086,miles,rag2026-63,44,6319,1346,1360
T086,miles,rag2026-64,39,7232,1330,1352
T086,miles,rag2026-65,36,7028,1266,1296
T086,miles,rag2026-66,40,7106,1313,1325
T086,miles,rag2026-67,35,6153,1113,1128
T086,miles,rag2026-68,40,6099,1122,1142
T086,miles,rag2026-69,39,7368,1361,1414
T086,miles,rag2026-70,40,6644,1303,1319
T086,miles,rag2026-71,37,6854,1253,1261
T086,miles,rag2026-72,35,7121,1408,1454
T086,miles,rag2026-73,46,6983,1258,1270
T086,miles,rag2026-74,38,6670,1272,1305
T086,miles,rag2026-75,36,6066,1107,1114
T086,miles,rag2026-76,38,6240,1214,1249
T086,miles,rag2026-77,45,7719,1350,1385
T086,miles,rag2026-78,46,6816,1229,1265
T086,miles,rag2026-79,37,6659,1245,1304
T086,miles,rag2026-80,44,6742,1265,1269
T086,miles,rag2026-81,39,5460,1097,1141
T086,miles,rag2026-82,32,4783,918,930
T086,miles,rag2026-83,39,6730,1204,1209
T086,miles,rag2026-84,41,7250,1420,1422
T086,miles,rag2026-85,46,7389,1356,1397
T086,miles,rag2026-86,46,6827,1270,1304
T086,miles,rag2026-87,36,6832,1210,1209
T086,miles,rag2026-88,35,6549,1141,1149
T086,miles,rag2026-89,34,7297,1292,1314
T086,miles,rag2026-90,41,6341,1180,1210
T086,miles,rag2026-91,38,4363,937,948
T086,miles,rag2026-92,44,6767,1307,1318
T086,miles,rag2026-93,43,6647,1282,1312
T086,miles,rag2026-94,32,6664,1141,1140
T086,miles,rag2026-95,43,7108,1315,1360
T086,miles,rag2026-96,40,7207,1327,1372
T086,miles,rag2026-97,36,6463,1142,1163
T086,miles,rag2026-98,36,6360,1193,1202
T086,miles,rag2026-99,30,5875,1152,1191
T086,miles,rag2026-100,47,7165,1272,1290
T086,miles,rag2026-101,44,6696,1294,1323
T086,miles,rag2026-102,36,6618,1285,1357
T086,miles,rag2026-103,36,6716,1279,1304
T086,miles,rag2026-104,40,7199,1379,1426
T086,miles,rag2026-105,40,6788,1300,1301
T086,miles,rag2026-106,39,6387,1281,1298
T086,miles,rag2026-107,36,6417,1263,1335
T086,miles,rag2026-108,32,5438,927,948
T086,miles,rag2026-109,44,7119,1300,1305
T086,miles,rag2026-110,27,5254,1102,1161
T086,miles,rag2026-111,34,6028,1160,1218
T086,miles,rag2026-112,32,5841,1186,1210
T086,miles,rag2026-113,29,4586,837,832
T086,miles,rag2026-114,40,6499,1195,1206
T086,miles,rag2026-115,43,6366,1473,1567
T086,miles,rag2026-116,41,7158,1345,1382
T086,miles,rag2026-117,39,6754,1300,1319
T086,miles,rag2026-118,38,6176,1135,1176
T614,nell,rag2026-0,9,4409,775,813
T614,nell,rag2026-1,28,3700,616,630
T614,nell,rag2026-2,23,4784,843,872
T614,nell,rag2026-3,20,5096,1037,1045
T614,nell,rag2026-4,18,3493,574,585
T614,nell,rag2026-5,27,3090,593,618
T614,nell,rag2026-6,26,4844,891,935
T614,nell,rag2026-7,19,3815,691,688
T614,nell,rag2026-8,25,3228,638,654
T614,nell,rag2026-9,34,5140,862,886
T614,nell,rag2026-10,44,3025,655,677
T614,nell,rag2026-11,28,4311,691,708
T614,nell,rag2026-12,6,4496,977,993
T614,nell,rag2026-13,20,4616,853,863
T614,nell,rag2026-14,32,4989,866,888
T614,nell,rag2026-15,22,3481,616,641
T614,nell,rag2026-16,21,4226,829,859
T614,nell,rag2026-17,27,4034,712,742
T614,nell,rag2026-18,22,5464,1062,1049
T614,nell,rag2026-19,20,3235,591,612
T614,nell,rag2026-20,24,3468,606,618
T614,nell,rag2026-21,19,3673,694,718
T614,nell,rag2026-22,13,4504,867,881
T614,nell,rag2026-23,34,5423,946,973
T614,nell,rag2026-24,28,5193,1064,1094
T614,nell,rag2026-25,19,3532,776,806
T614,nell,rag2026-26,27,6274,1243,1281
T614,nell,rag2026-27,22,3896,847,888
T614,nell,rag2026-28,15,5362,867,872
T614,nell,rag2026-29,22,3827,681,697
T614,nell,rag2026-30,17,3436,653,660
T614,nell,rag2026-31,23,4055,767,775
T614,nell,rag2026-32,28,3665,678,687
T614,nell,rag2026-33,16,2260,429,445
T614,nell,rag2026-34,26,4088,701,716
T614,nell,rag2026-35,31,4673,830,863
T614,nell,rag2026-36,12,4460,917,927
T614,nell,rag2026-37,25,3218,567,570
T614,nell,rag2026-38,29,4142,707,721
T614,nell,rag2026-39,18,4135,724,739
T614,nell,rag2026-40,22,4282,800,832
T614,nell,rag2026-41,28,3856,656,670
T614,nell,rag2026-42,22,5060,881,895
T614,nell,rag2026-43,15,3905,679,681
T614,nell,rag2026-44,19,3676,693,711
T614,nell,rag2026-45,14,3399,610,622
T614,nell,rag2026-46,21,3650,624,634
T614,nell,rag2026-47,52,6453,1249,1301
T614,nell,rag2026-48,23,3002,536,553
T614,nell,rag2026-49,9,4984,890,893
T614,nell,rag2026-50,21,2889,579,617
T614,nell,rag2026-51,28,4320,788,798
T614,nell,rag2026-52,50,6613,1461,1544
T614,nell,rag2026-53,19,4948,1248,1271
T614,nell,rag2026-54,16,3749,662,660
T614,nell,rag2026-55,24,4297,738,746
T614,nell,rag2026-56,21,5850,1190,1247
T614,nell,rag2026-57,28,3385,626,647
T614,nell,rag2026-58,15,3842,887,881
T614,nell,rag2026-59,21,5560,1042,1074
T614,nell,rag2026-60,29,3498,724,780
T614,nell,rag2026-61,24,3731,711,730
T614,nell,rag2026-62,64,4437,994,1007
T614,nell,rag2026-63,32,7810,1921,2030
T614,nell,rag2026-64,28,3925,660,684
T614,nell,rag2026-65,19,2336,418,418
T614,nell,rag2026-66,17,3428,618,639
T614,nell,rag2026-67,25,4576,825,853
T614,nell,rag2026-68,27,3471,592,598
T614,nell,rag2026-69,27,4240,748,754
T614,nell,rag2026-70,14,3743,735,716
T614,nell,rag2026-71,32,3951,691,709
T614,nell,rag2026-72,5,5273,1157,1153
T614,nell,rag2026-73,22,2965,527,538
T614,nell,rag2026-74,21,5027,917,934
T614,nell,rag2026-75,16,4078,704,712
T614,nell,rag2026-76,25,4978,928,950
T614,nell,rag2026-77,2,6560,1238,1262
T614,nell,rag2026-78,22,3920,672,680
T614,nell,rag2026-79,35,5005,832,840
T614,nell,rag2026-80,25,5056,1038,1038
T614,nell,rag2026-81,34,5201,1034,1064
T614,nell,rag2026-82,17,5017,882,880
T614,nell,rag2026-83,21,3692,714,718
T614,nell,rag2026-84,21,3034,556,556
T614,nell,rag2026-85,16,3601,642,657
T614,nell,rag2026-86,20,4194,794,820
T614,nell,rag2026-87,30,4834,970,1015
T614,nell,rag2026-88,17,5221,943,962
T614,nell,rag2026-89,23,3140,574,581
T614,nell,rag2026-90,22,4732,824,841
T614,nell,rag2026-91,21,4396,1012,1024
T614,nell,rag2026-92,22,4003,714,715
T614,nell,rag2026-93,23,4420,901,916
T614,nell,rag2026-94,27,3909,646,661
T614,nell,rag2026-95,27,3957,674,697
T614,nell,rag2026-96,32,4980,899,927
T614,nell,rag2026-97,29,4665,788,815
T614,nell,rag2026-98,34,4299,831,835
T614,nell,rag2026-99,28,4395,808,824
T614,nell,rag2026-100,24,4124,662,686
T614,nell,rag2026-101,30,3368,598,619
T614,nell,rag2026-102,29,4821,953,976
T614,nell,rag2026-103,11,4041,761,769
T614,nell,rag2026-104,27,3592,690,719
T614,nell,rag2026-105,20,3621,622,634
T614,nell,rag2026-106,26,3650,811,856
T614,nell,rag2026-107,12,3950,791,792
T614,nell,rag2026-108,25,3073,509,529
T614,nell,rag2026-109,22,3636,605,612
T614,nell,rag2026-110,22,4564,951,1012
T614,nell,rag2026-111,21,3449,598,646
T614,nell,rag2026-112,30,3920,835,883
T614,nell,rag2026-113,16,4183,762,768
T614,nell,rag2026-114,18,3841,656,653
T614,nell,rag2026-115,22,3783,821,833
T614,nell,rag2026-116,23,3745,673,673
T614,nell,rag2026-117,29,3574,670,678
T614,nell,rag2026-118,27,3919,669,695
T949,nina,rag2026-0,16,3025,462,467
T949,nina,rag2026-1,18,3494,617,631
T949,nina,rag2026-10,10,1820,328,332
T949,nina,rag2026-100,16,2936,451,455
T949,nina,rag2026-101,30,4922,848,876
T949,nina,rag2026-102,19,3858,706,758
T949,nina,rag2026-103,12,2363,436,455
T949,nina,rag2026-104,12,2077,388,407
T949,nina,rag2026-105,9,1373,223,224
T949,nina,rag2026-106,12,2170,414,423
T949,nina,rag2026-107,9,1813,322,329
T949,nina,rag2026-108,16,2819,515,558
T949,nina,rag2026-109,10,1948,338,348
T949,nina,rag2026-11,11,2295,414,438
T949,nina,rag2026-110,20,3564,692,729
T949,nina,rag2026-111,10,1567,281,291
T949,nina,rag2026-112,12,2230,388,391
T949,nina,rag2026-113,9,1904,344,353
T949,nina,rag2026-114,12,2013,339,346
T949,nina,rag2026-115,19,2970,607,613
T949,nina,rag2026-116,7,1554,287,304
T949,nina,rag2026-117,10,1367,217,220
T949,nina,rag2026-118,16,2903,508,521
T949,nina,rag2026-12,11,2169,382,394
T949,nina,rag2026-13,11,1974,327,333
T949,nina,rag2026-14,15,2970,473,472
T949,nina,rag2026-15,13,2615,423,424
T949,nina,rag2026-16,9,1789,283,286
T949,nina,rag2026-17,11,1926,315,322
T949,nina,rag2026-18,13,2161,412,428
T949,nina,rag2026-19,21,3515,642,666
T949,nina,rag2026-2,17,2971,544,570
T949,nina,rag2026-20,12,1873,291,295
T949,nina,rag2026-21,15,2246,426,445
T949,nina,rag2026-22,8,1479,239,240
T949,nina,rag2026-23,11,2288,362,362
T949,nina,rag2026-24,12,2151,407,414
T949,nina,rag2026-25,13,2131,386,385
T949,nina,rag2026-26,18,3537,587,610
T949,nina,rag2026-27,13,2629,518,530
T949,nina,rag2026-28,14,2730,496,506
T949,nina,rag2026-29,13,2264,375,387
T949,nina,rag2026-3,12,1912,365,388
T949,nina,rag2026-30,13,2429,420,424
T949,nina,rag2026-31,11,2017,349,350
T949,nina,rag2026-32,13,2184,368,377
T949,nina,rag2026-33,10,1951,306,307
T949,nina,rag2026-34,10,1873,334,344
T949,nina,rag2026-35,9,1835,290,299
T949,nina,rag2026-36,10,1856,311,317
T949,nina,rag2026-37,16,2905,527,537
T949,nina,rag2026-38,17,3486,570,592
T949,nina,rag2026-39,9,1612,252,256
T949,nina,rag2026-4,17,3079,528,543
T949,nina,rag2026-40,11,2352,372,372
T949,nina,rag2026-41,14,2243,391,403
T949,nina,rag2026-42,10,2121,345,353
T949,nina,rag2026-43,17,3460,586,593
T949,nina,rag2026-44,19,3627,601,605
T949,nina,rag2026-45,12,1863,316,322
T949,nina,rag2026-46,11,2015,337,339
T949,nina,rag2026-47,9,1558,241,240
T949,nina,rag2026-48,10,2164,371,372
T949,nina,rag2026-49,15,2665,469,474
T949,nina,rag2026-5,11,2010,341,347
T949,nina,rag2026-50,7,1409,246,249
T949,nina,rag2026-51,10,1816,298,305
T949,nina,rag2026-52,22,3292,611,623
T949,nina,rag2026-53,13,1848,327,334
T949,nina,rag2026-54,10,1997,326,330
T949,nina,rag2026-55,12,2055,332,336
T949,nina,rag2026-56,16,2461,452,480
T949,nina,rag2026-57,8,1625,273,280
T949,nina,rag2026-58,11,1955,400,402
T949,nina,rag2026-59,10,2131,348,361
T949,nina,rag2026-6,12,2365,400,414
T949,nina,rag2026-60,11,1974,372,399
T949,nina,rag2026-61,15,2616,464,487
T949,nina,rag2026-62,15,2841,462,465
T949,nina,rag2026-63,11,1886,328,328
T949,nina,rag2026-64,13,2709,439,451
T949,nina,rag2026-65,14,2875,459,465
T949,nina,rag2026-66,20,3426,606,620
T949,nina,rag2026-67,9,1946,356,370
T949,nina,rag2026-68,12,2401,369,372
T949,nina,rag2026-69,16,4677,734,740
T949,nina,rag2026-7,11,1855,312,320
T949,nina,rag2026-70,8,1577,257,257
T949,nina,rag2026-71,17,2858,470,468
T949,nina,rag2026-72,14,3033,514,528
T949,nina,rag2026-73,15,2444,421,437
T949,nina,rag2026-74,7,1638,279,277
T949,nina,rag2026-75,7,1429,254,267
T949,nina,rag2026-76,10,1931,344,345
T949,nina,rag2026-77,20,3158,494,496
T949,nina,rag2026-78,14,2848,475,478
T949,nina,rag2026-79,11,1869,350,372
T949,nina,rag2026-8,8,1624,272,276
T949,nina,rag2026-80,12,2224,393,393
T949,nina,rag2026-81,12,1825,333,337
T949,nina,rag2026-82,12,2209,376,376
T949,nina,rag2026-83,19,3184,573,591
T949,nina,rag2026-84,13,2357,388,382
T949,nina,rag2026-85,12,2062,334,339
T949,nina,rag2026-86,20,3613,625,657
T949,nina,rag2026-87,16,3146,559,559
T949,nina,rag2026-88,16,2643,459,473
T949,nina,rag2026-89,13,2649,446,463
T949,nina,rag2026-9,12,2670,463,475
T949,nina,rag2026-90,20,3121,619,692
T949,nina,rag2026-91,15,2218,448,452
T949,nina,rag2026-92,15,3001,491,487
T949,nina,rag2026-93,9,1777,305,310
T949,nina,rag2026-94,11,2140,364,371
T949,nina,rag2026-95,10,2199,354,357
T949,nina,rag2026-96,11,1958,323,334
T949,nina,rag2026-97,21,4300,719,740
T949,nina,rag2026-98,12,1923,327,328
T949,nina,rag2026-99,10,1765,300,309
T949,nola,rag2026-0,10,1981,301,306
T949,nola,rag2026-1,9,1915,324,330
T949,nola,rag2026-10,10,1820,328,332
T949,nola,rag2026-100,16,2936,451,455
T949,nola,rag2026-101,9,1685,277,282
T949,nola,rag2026-102,10,2069,368,389
T949,nola,rag2026-103,13,2466,449,473
T949,nola,rag2026-104,12,2287,384,394
T949,nola,rag2026-105,7,1278,209,211
T949,nola,rag2026-106,12,2170,414,423
T949,nola,rag2026-107,9,1813,322,329
T949,nola,rag2026-108,11,2125,341,359
T949,nola,rag2026-109,10,1995,311,313
T949,nola,rag2026-11,9,2104,372,380
T949,nola,rag2026-110,12,2088,371,377
T949,nola,rag2026-111,10,1567,281,291
T949,nola,rag2026-112,12,2230,388,391
T949,nola,rag2026-113,9,1904,344,353
T949,nola,rag2026-114,10,2130,327,327
T949,nola,rag2026-115,19,2970,607,613
T949,nola,rag2026-116,15,2533,405,416
T949,nola,rag2026-117,10,1367,217,220
T949,nola,rag2026-118,9,1621,272,285
T949,nola,rag2026-12,11,2169,382,394
T949,nola,rag2026-13,11,1974,327,333
T949,nola,rag2026-14,9,1717,265,266
T949,nola,rag2026-15,13,2615,423,424
T949,nola,rag2026-16,9,1789,283,286
T949,nola,rag2026-17,10,1961,317,318
T949,nola,rag2026-18,15,2505,422,428
T949,nola,rag2026-19,10,1885,321,337
T949,nola,rag2026-2,10,1871,310,312
T949,nola,rag2026-20,16,2517,397,401
T949,nola,rag2026-21,10,1918,358,377
T949,nola,rag2026-22,9,1891,321,322
T949,nola,rag2026-23,11,2288,362,362
T949,nola,rag2026-24,12,2151,407,414
T949,nola,rag2026-25,13,2131,386,385
T949,nola,rag2026-26,12,2619,410,415
T949,nola,rag2026-27,13,2629,518,530
T949,nola,rag2026-28,12,2093,402,404
T949,nola,rag2026-29,7,1507,226,227
T949,nola,rag2026-3,11,1813,343,360
T949,nola,rag2026-30,9,1738,281,284
T949,nola,rag2026-31,11,2017,349,350
T949,nola,rag2026-32,13,2184,368,377
T949,nola,rag2026-33,10,1734,271,272
T949,nola,rag2026-34,10,1873,334,344
T949,nola,rag2026-35,9,1835,290,299
T949,nola,rag2026-36,10,1856,311,317
T949,nola,rag2026-37,16,2905,527,537
T949,nola,rag2026-38,6,1333,217,225
T949,nola,rag2026-39,9,1612,252,256
T949,nola,rag2026-4,10,1834,317,321
T949,nola,rag2026-40,11,2352,372,372
T949,nola,rag2026-41,14,2243,391,403
T949,nola,rag2026-42,10,2121,345,353
T949,nola,rag2026-43,10,2182,364,372
T949,nola,rag2026-44,13,2083,347,351
T949,nola,rag2026-45,12,1863,316,322
T949,nola,rag2026-46,10,1911,308,312
T949,nola,rag2026-47,9,1558,241,240
T949,nola,rag2026-48,10,2164,371,372
T949,nola,rag2026-49,15,2665,469,474
T949,nola,rag2026-5,11,2010,341,347
T949,nola,rag2026-50,7,1409,246,249
T949,nola,rag2026-51,10,1816,298,305
T949,nola,rag2026-52,9,1578,310,320
T949,nola,rag2026-53,13,1848,327,334
T949,nola,rag2026-54,12,2282,375,373
T949,nola,rag2026-55,10,2010,314,316
T949,nola,rag2026-56,16,2461,452,480
T949,nola,rag2026-57,10,1957,356,372
T949,nola,rag2026-58,13,1822,353,352
T949,nola,rag2026-59,10,2131,348,361
T949,nola,rag2026-6,12,2365,400,414
T949,nola,rag2026-60,11,1974,372,399
T949,nola,rag2026-61,12,1924,336,342
T949,nola,rag2026-62,78,5605,1243,1241
T949,nola,rag2026-63,11,1886,328,328
T949,nola,rag2026-64,10,1754,287,298
T949,nola,rag2026-65,10,2082,338,345
T949,nola,rag2026-66,10,2134,350,354
T949,nola,rag2026-67,9,1946,356,370
T949,nola,rag2026-68,12,2401,369,372
T949,nola,rag2026-69,16,4677,734,740
T949,nola,rag2026-7,11,2126,343,348
T949,nola,rag2026-70,8,1577,257,257
T949,nola,rag2026-71,17,2858,470,468
T949,nola,rag2026-72,14,3033,514,528
T949,nola,rag2026-73,14,2152,349,355
T949,nola,rag2026-74,7,1638,279,277
T949,nola,rag2026-75,8,1498,232,233
T949,nola,rag2026-76,10,1931,344,345
T949,nola,rag2026-77,20,3158,494,496
T949,nola,rag2026-78,10,1865,316,320
T949,nola,rag2026-79,10,1852,297,304
T949,nola,rag2026-8,8,1624,272,276
T949,nola,rag2026-80,12,2224,393,393
T949,nola,rag2026-81,12,1825,333,337
T949,nola,rag2026-82,14,2604,482,489
T949,nola,rag2026-83,19,3184,573,591
T949,nola,rag2026-84,13,2357,388,382
T949,nola,rag2026-85,12,2062,334,339
T949,nola,rag2026-86,7,1622,280,288
T949,nola,rag2026-87,21,3549,607,599
T949,nola,rag2026-88,9,1636,265,267
T949,nola,rag2026-89,11,2189,349,352
T949,nola,rag2026-9,12,2670,463,475
T949,nola,rag2026-90,12,2615,460,488
T949,nola,rag2026-91,15,2218,448,452
T949,nola,rag2026-92,9,1799,320,314
T949,nola,rag2026-93,9,1777,305,310
T949,nola,rag2026-94,11,2140,364,371
T949,nola,rag2026-95,10,2199,354,357
T949,nola,rag2026-96,11,1958,323,334
T949,nola,rag2026-97,14,2418,400,405
T949,nola,rag2026-98,11,1779,289,289
T949,nola,rag2026-99,10,1765,300,309
T086,omar,rag2026-0,62,6774,1189,1230
T086,omar,rag2026-1,45,6546,1203,1212
T086,omar,rag2026-2,36,6429,1261,1325
T086,omar,rag2026-3,36,6474,1363,1448
T086,omar,rag2026-4,35,6140,1110,1122
T086,omar,rag2026-5,33,6298,1204,1216
T086,omar,rag2026-6,51,6474,1299,1406
T086,omar,rag2026-7,38,6669,1241,1264
T086,omar,rag2026-8,41,6449,1254,1315
T086,omar,rag2026-9,45,6667,1292,1326
T086,omar,rag2026-10,41,6461,1313,1414
T086,omar,rag2026-11,42,6760,1332,1434
T086,omar,rag2026-12,47,6292,1218,1270
T086,omar,rag2026-13,41,6381,1198,1210
T086,omar,rag2026-14,34,6640,1175,1194
T086,omar,rag2026-15,35,6763,1212,1236
T086,omar,rag2026-16,44,6343,1242,1279
T086,omar,rag2026-17,36,6752,1236,1286
T086,omar,rag2026-18,44,6180,1162,1181
T086,omar,rag2026-19,37,6674,1315,1378
T086,omar,rag2026-20,35,6494,1185,1214
T086,omar,rag2026-21,34,6001,1213,1278
T086,omar,rag2026-22,37,6598,1174,1178
T086,omar,rag2026-23,49,6501,1281,1352
T086,omar,rag2026-24,42,6633,1296,1341
T086,omar,rag2026-25,44,6674,1231,1252
T086,omar,rag2026-26,45,6827,1248,1279
T086,omar,rag2026-27,47,7395,1546,1605
T086,omar,rag2026-28,45,6985,1279,1293
T086,omar,rag2026-29,35,6279,1190,1232
T086,omar,rag2026-30,30,6476,1196,1218
T086,omar,rag2026-31,41,6700,1252,1266
T086,omar,rag2026-32,39,6377,1258,1317
T086,omar,rag2026-33,47,6530,1244,1270
T086,omar,rag2026-34,34,6251,1189,1221
T086,omar,rag2026-35,33,6316,1269,1354
T086,omar,rag2026-36,31,6643,1267,1290
T086,omar,rag2026-37,39,6460,1227,1270
T086,omar,rag2026-38,47,7144,1338,1392
T086,omar,rag2026-39,42,6419,1209,1255
T086,omar,rag2026-40,36,6716,1258,1289
T086,omar,rag2026-41,40,5209,985,990
T086,omar,rag2026-42,42,6669,1213,1259
T086,omar,rag2026-43,43,6847,1258,1286
T086,omar,rag2026-44,43,6848,1277,1279
T086,omar,rag2026-45,42,6518,1185,1200
T086,omar,rag2026-46,35,6249,1145,1158
T086,omar,rag2026-47,42,6691,1206,1226
T086,omar,rag2026-48,40,6581,1202,1231
T086,omar,rag2026-49,51,6837,1273,1341
T086,omar,rag2026-50,41,6614,1337,1385
T086,omar,rag2026-51,33,6309,1173,1191
T086,omar,rag2026-52,47,5897,1212,1254
T086,omar,rag2026-53,43,5794,1085,1115
T086,omar,rag2026-54,40,6791,1287,1322
T086,omar,rag2026-55,35,6667,1242,1287
T086,omar,rag2026-56,43,6522,1283,1387
T086,omar,rag2026-57,37,6597,1246,1312
T086,omar,rag2026-58,37,5944,1178,1173
T086,omar,rag2026-59,37,6479,1221,1274
T086,omar,rag2026-60,49,6417,1295,1368
T086,omar,rag2026-61,54,6075,1301,1407
T086,omar,rag2026-62,31,5818,1189,1196
T086,omar,rag2026-63,36,6172,1176,1177
T086,omar,rag2026-64,50,6654,1238,1315
T086,omar,rag2026-65,40,6692,1192,1212
T086,omar,rag2026-66,48,6621,1242,1267
T086,omar,rag2026-67,37,6467,1244,1288
T086,omar,rag2026-68,43,6757,1233,1266
T086,omar,rag2026-69,38,6782,1268,1340
T086,omar,rag2026-70,41,6386,1204,1207
T086,omar,rag2026-71,44,6422,1221,1260
T086,omar,rag2026-72,37,6567,1253,1275
T086,omar,rag2026-73,43,6587,1241,1292
T086,omar,rag2026-74,39,6307,1253,1312
T086,omar,rag2026-75,38,6560,1262,1331
T086,omar,rag2026-76,40,6300,1224,1265
T086,omar,rag2026-77,47,6886,1276,1339
T086,omar,rag2026-78,36,6262,1235,1289
T086,omar,rag2026-79,43,6463,1251,1327
T086,omar,rag2026-80,45,6138,1217,1222
T086,omar,rag2026-81,54,6030,1228,1268
T086,omar,rag2026-82,38,6082,1180,1218
T086,omar,rag2026-83,37,6485,1231,1267
T086,omar,rag2026-84,34,6698,1192,1194
T086,omar,rag2026-85,37,6612,1213,1237
T086,omar,rag2026-86,42,6828,1293,1348
T086,omar,rag2026-87,52,6908,1341,1354
T086,omar,rag2026-88,41,6671,1323,1406
T086,omar,rag2026-89,40,6554,1162,1193
T086,omar,rag2026-90,51,6293,1281,1341
T086,omar,rag2026-91,40,5925,1147,1151
T086,omar,rag2026-92,41,6598,1205,1227
T086,omar,rag2026-93,48,6405,1230,1268
T086,omar,rag2026-94,39,6664,1198,1211
T086,omar,rag2026-95,49,6633,1272,1324
T086,omar,rag2026-96,41,6875,1203,1213
T086,omar,rag2026-97,46,6356,1276,1339
T086,omar,rag2026-98,36,6081,1174,1193
T086,omar,rag2026-99,47,6403,1288,1370
T086,omar,rag2026-100,41,6665,1217,1229
T086,omar,rag2026-101,46,6216,1273,1347
T086,omar,rag2026-102,32,6428,1318,1411
T086,omar,rag2026-103,45,6250,1188,1244
T086,omar,rag2026-104,34,6588,1269,1328
T086,omar,rag2026-105,49,6891,1245,1248
T086,omar,rag2026-106,50,6298,1312,1335
T086,omar,rag2026-107,25,6167,1281,1333
T086,omar,rag2026-108,44,6720,1267,1371
T086,omar,rag2026-109,46,6842,1255,1294
T086,omar,rag2026-110,38,6349,1355,1437
T086,omar,rag2026-111,37,6183,1238,1315
T086,omar,rag2026-112,43,7062,1372,1391
T086,omar,rag2026-113,33,6052,1150,1176
T086,omar,rag2026-114,48,6775,1231,1253
T086,omar,rag2026-115,39,6218,1271,1328
T086,omar,rag2026-116,49,6687,1244,1303
T086,omar,rag2026-117,46,6107,1159,1186
T086,omar,rag2026-118,29,6436,1206,1263
T768,opal,rag2026-0,15,2442,395,400
T768,opal,rag2026-1,15,2107,383,390
T768,opal,rag2026-2,13,2048,342,344
T768,opal,rag2026-3,15,1901,349,363
T768,opal,rag2026-4,15,2377,435,442
T768,opal,rag2026-5,15,2304,403,410
T768,opal,rag2026-6,15,2428,410,422
T768,opal,rag2026-7,15,2371,416,420
T768,opal,rag2026-8,15,1905,350,354
T768,opal,rag2026-9,15,1997,347,350
T768,opal,rag2026-10,15,2324,433,437
T768,opal,rag2026-11,15,2138,350,351
T768,opal,rag2026-12,14,2557,498,526
T768,opal,rag2026-13,15,2312,393,395
T768,opal,rag2026-14,15,2278,398,398
T768,opal,rag2026-15,15,2236,368,371
T768,opal,rag2026-16,15,2566,426,431
T768,opal,rag2026-17,15,2103,368,371
T768,opal,rag2026-18,15,2178,376,378
T768,opal,rag2026-19,15,2239,411,422
T768,opal,rag2026-20,15,1968,328,332
T768,opal,rag2026-21,15,2180,410,414
T768,opal,rag2026-22,15,2250,385,384
T768,opal,rag2026-23,15,2561,421,424
T768,opal,rag2026-24,15,2172,400,404
T768,opal,rag2026-25,15,2163,399,407
T768,opal,rag2026-26,15,2379,426,433
T768,opal,rag2026-27,15,2314,457,467
T768,opal,rag2026-28,15,2140,374,376
T768,opal,rag2026-29,15,2593,439,443
T768,opal,rag2026-30,15,2376,412,418
T768,opal,rag2026-31,14,2174,384,388
T768,opal,rag2026-32,15,2333,409,422
T768,opal,rag2026-33,15,2375,416,416
T768,opal,rag2026-34,15,2368,400,403
T768,opal,rag2026-35,15,2785,469,475
T768,opal,rag2026-36,15,2438,422,425
T768,opal,rag2026-37,15,2370,426,428
T768,opal,rag2026-38,15,2123,335,340
T768,opal,rag2026-39,15,1954,350,352
T768,opal,rag2026-40,15,2194,373,380
T768,opal,rag2026-41,15,2133,387,392
T768,opal,rag2026-42,15,2329,376,383
T768,opal,rag2026-43,15,2266,391,393
T768,opal,rag2026-44,15,2153,402,409
T768,opal,rag2026-45,15,2288,391,391
T768,opal,rag2026-46,15,2168,381,385
T768,opal,rag2026-47,15,2430,421,420
T768,opal,rag2026-48,15,2504,424,420
T768,opal,rag2026-49,15,2506,424,427
T768,opal,rag2026-50,12,1751,311,325
T768,opal,rag2026-51,15,2221,383,382
T768,opal,rag2026-52,15,2008,374,379
T768,opal,rag2026-53,15,2293,390,397
T768,opal,rag2026-54,15,2232,384,387
T768,opal,rag2026-55,15,2089,355,357
T768,opal,rag2026-56,15,2327,421,434
T768,opal,rag2026-57,15,2156,377,377
T768,opal,rag2026-58,15,1921,387,386
T768,opal,rag2026-59,15,2118,353,355
T768,opal,rag2026-60,15,2066,386,405
T768,opal,rag2026-61,15,1862,336,340
T768,opal,rag2026-62,13,1836,337,339
T768,opal,rag2026-63,15,1938,346,346
T768,opal,rag2026-64,15,2310,384,386
T768,opal,rag2026-65,15,2291,387,392
T768,opal,rag2026-66,15,2293,399,406
T768,opal,rag2026-67,15,2328,427,437
T768,opal,rag2026-68,15,2274,378,378
T768,opal,rag2026-69,14,2247,374,380
T768,opal,rag2026-70,15,2140,400,402
T768,opal,rag2026-71,15,2317,392,388
T768,opal,rag2026-72,15,2368,430,432
T768,opal,rag2026-73,15,2211,382,385
T768,opal,rag2026-74,15,2051,379,382
T768,opal,rag2026-75,15,2367,411,422
T768,opal,rag2026-76,15,2254,442,461
T768,opal,rag2026-77,15,2461,389,395
T768,opal,rag2026-78,13,1983,354,351
T768,opal,rag2026-79,15,2392,388,395
T768,opal,rag2026-80,15,1854,362,363
T768,opal,rag2026-81,15,2032,388,403
T768,opal,rag2026-82,15,2087,366,366
T768,opal,rag2026-83,15,2139,388,392
T768,opal,rag2026-84,15,2109,382,374
T768,opal,rag2026-85,15,2083,355,358
T768,opal,rag2026-86,15,2108,376,381
T768,opal,rag2026-87,15,2466,425,434
T768,opal,rag2026-88,15,2184,388,392
T768,opal,rag2026-89,14,2524,433,438
T768,opal,rag2026-90,15,2066,351,356
T768,opal,rag2026-91,15,1919,314,315
T768,opal,rag2026-92,15,1947,344,339
T768,opal,rag2026-93,15,2121,383,386
T768,opal,rag2026-94,15,2254,371,373
T768,opal,rag2026-95,15,2478,433,443
T768,opal,rag2026-96,15,2248,375,377
T768,opal,rag2026-97,15,2352,403,411
T768,opal,rag2026-98,15,2109,382,381
T768,opal,rag2026-99,15,2284,379,385
T768,opal,rag2026-100,15,2118,344,348
T768,opal,rag2026-101,15,2088,356,361
T768,opal,rag2026-102,15,2177,381,393
T768,opal,rag2026-103,15,2267,400,411
T768,opal,rag2026-104,15,2074,349,357
T768,opal,rag2026-105,15,1996,353,354
T768,opal,rag2026-106,15,1893,343,342
T768,opal,rag2026-107,15,1907,354,360
T768,opal,rag2026-108,15,2342,379,383
T768,opal,rag2026-109,15,2301,393,400
T768,opal,rag2026-110,15,2194,406,417
T768,opal,rag2026-111,15,2191,421,443
T768,opal,rag2026-112,15,2331,430,433
T768,opal,rag2026-113,15,1838,346,352
T768,opal,rag2026-114,15,2058,344,347
T768,opal,rag2026-115,15,2215,478,483
T768,opal,rag2026-116,15,2365,406,420
T768,opal,rag2026-117,15,2153,369,371
T768,opal,rag2026-118,15,2273,368,375
T086,oscar,rag2026-0,30,5681,980,997
T086,oscar,rag2026-1,41,7241,1338,1351
T086,oscar,rag2026-2,43,6766,1290,1339
T086,oscar,rag2026-3,43,6704,1347,1420
T086,oscar,rag2026-4,33,5040,935,948
T086,oscar,rag2026-5,47,6506,1325,1390
T086,oscar,rag2026-6,41,5414,1061,1148
T086,oscar,rag2026-7,42,7148,1307,1328
T086,oscar,rag2026-8,39,6698,1292,1347
T086,oscar,rag2026-9,35,6462,1280,1341
T086,oscar,rag2026-10,44,6646,1335,1424
T086,oscar,rag2026-11,37,7092,1314,1380
T086,oscar,rag2026-12,30,6526,1397,1536
T086,oscar,rag2026-13,41,6690,1227,1251
T086,oscar,rag2026-14,43,7142,1222,1240
T086,oscar,rag2026-15,41,7195,1278,1300
T086,oscar,rag2026-16,34,5935,1194,1242
T086,oscar,rag2026-17,39,7070,1312,1347
T086,oscar,rag2026-18,36,6313,1313,1373
T086,oscar,rag2026-19,42,6710,1259,1316
T086,oscar,rag2026-20,40,6622,1210,1212
T086,oscar,rag2026-21,44,6608,1303,1354
T086,oscar,rag2026-22,28,4878,834,838
T086,oscar,rag2026-23,35,6848,1232,1242
T086,oscar,rag2026-24,36,7017,1348,1399
T086,oscar,rag2026-25,37,6551,1276,1303
T086,oscar,rag2026-26,45,6770,1238,1276
T086,oscar,rag2026-27,44,6857,1538,1577
T086,oscar,rag2026-28,34,5396,1027,1044
T086,oscar,rag2026-29,34,6665,1209,1223
T086,oscar,rag2026-30,40,6729,1271,1300
T086,oscar,rag2026-31,56,6942,1452,1510
T086,oscar,rag2026-32,40,6744,1270,1326
T086,oscar,rag2026-33,29,5830,1045,1050
T086,oscar,rag2026-34,38,6903,1332,1386
T086,oscar,rag2026-35,41,6843,1345,1397
T086,oscar,rag2026-36,32,5386,1086,1118
T086,oscar,rag2026-37,36,6635,1253,1267
T086,oscar,rag2026-38,44,8004,1427,1452
T086,oscar,rag2026-39,36,7111,1247,1267
T086,oscar,rag2026-40,38,7220,1285,1301
T086,oscar,rag2026-41,41,6388,1263,1287
T086,oscar,rag2026-42,33,6793,1263,1317
T086,oscar,rag2026-43,42,6681,1201,1207
T086,oscar,rag2026-44,39,7179,1329,1351
T086,oscar,rag2026-45,36,6599,1180,1188
T086,oscar,rag2026-46,37,5360,989,994
T086,oscar,rag2026-47,35,6796,1215,1226
T086,oscar,rag2026-48,35,6864,1309,1359
T086,oscar,rag2026-49,38,7254,1367,1437
T086,oscar,rag2026-50,36,6852,1250,1264
T086,oscar,rag2026-51,45,6222,1188,1224
T086,oscar,rag2026-52,50,6232,1424,1542
T086,oscar,rag2026-53,48,6653,1316,1363
T086,oscar,rag2026-54,42,7059,1318,1329
T086,oscar,rag2026-55,31,6251,1156,1183
T086,oscar,rag2026-56,35,6593,1237,1261
T086,oscar,rag2026-57,40,6783,1310,1350
T086,oscar,rag2026-58,35,5840,1336,1390
T086,oscar,rag2026-59,31,5287,961,976
T086,oscar,rag2026-60,37,6927,1429,1517
T086,oscar,rag2026-61,41,6591,1283,1345
T086,oscar,rag2026-62,31,4031,859,868
T086,oscar,rag2026-63,40,6171,1253,1259
T086,oscar,rag2026-64,39,7206,1310,1334
T086,oscar,rag2026-65,35,7079,1325,1350
T086,oscar,rag2026-66,39,6901,1327,1367
T086,oscar,rag2026-67,39,6812,1262,1283
T086,oscar,rag2026-68,35,7288,1307,1333
T086,oscar,rag2026-69,43,7472,1325,1348
T086,oscar,rag2026-70,35,5448,1052,1082
T086,oscar,rag2026-71,34,6303,1186,1204
T086,oscar,rag2026-72,37,6363,1369,1406
T086,oscar,rag2026-73,41,7007,1325,1361
T086,oscar,rag2026-74,33,6690,1272,1313
T086,oscar,rag2026-75,35,6727,1296,1328
T086,oscar,rag2026-76,35,6653,1250,1266
T086,oscar,rag2026-77,37,6196,1067,1102
T086,oscar,rag2026-78,28,4871,889,920
T086,oscar,rag2026-79,44,7073,1294,1316
T086,oscar,rag2026-80,40,6793,1288,1292
T086,oscar,rag2026-81,42,6286,1271,1303
T086,oscar,rag2026-82,36,5658,1059,1083
T086,oscar,rag2026-83,37,6928,1236,1255
T086,oscar,rag2026-84,36,5803,1138,1120
T086,oscar,rag2026-85,32,6578,1230,1249
T086,oscar,rag2026-86,42,7404,1397,1434
T086,oscar,rag2026-87,33,5686,1051,1038
T086,oscar,rag2026-88,36,7296,1383,1401
T086,oscar,rag2026-89,28,6019,1078,1094
T086,oscar,rag2026-90,45,6827,1315,1395
T086,oscar,rag2026-91,49,4644,1074,1113
T086,oscar,rag2026-92,42,7230,1405,1424
T086,oscar,rag2026-93,35,5916,1119,1150
T086,oscar,rag2026-94,35,7015,1231,1243
T086,oscar,rag2026-95,40,6971,1237,1256
T086,oscar,rag2026-96,41,6895,1302,1352
T086,oscar,rag2026-97,39,6836,1303,1361
T086,oscar,rag2026-98,43,6518,1213,1233
T086,oscar,rag2026-99,34,6620,1302,1360
T086,oscar,rag2026-100,44,7188,1242,1251
T086,oscar,rag2026-101,40,6670,1262,1294
T086,oscar,rag2026-102,33,6566,1354,1448
T086,oscar,rag2026-103,41,6334,1201,1217
T086,oscar,rag2026-104,36,6761,1278,1303
T086,oscar,rag2026-105,41,6875,1272,1275
T086,oscar,rag2026-106,35,6164,1255,1268
T086,oscar,rag2026-107,33,5953,1151,1207
T086,oscar,rag2026-108,31,6835,1256,1288
T086,oscar,rag2026-109,34,7130,1400,1437
T086,oscar,rag2026-110,35,6715,1438,1503
T086,oscar,rag2026-111,38,6500,1260,1343
T086,oscar,rag2026-112,34,7153,1472,1507
T086,oscar,rag2026-113,29,5152,982,997
T086,oscar,rag2026-114,36,6058,1095,1099
T086,oscar,rag2026-115,39,6583,1430,1462
T086,oscar,rag2026-116,39,6594,1239,1269
T086,oscar,rag2026-117,38,6229,1153,1172
T086,oscar,rag2026-118,35,7015,1279,1324
T086,pablo,rag2026-0,32,5775,958,973
T086,pablo,rag2026-1,39,7223,1312,1336
T086,pablo,rag2026-2,37,6916,1322,1377
T086,pablo,rag2026-3,48,6439,1316,1372
T086,pablo,rag2026-4,41,6689,1238,1253
T086,pablo,rag2026-5,43,6573,1315,1357
T086,pablo,rag2026-6,53,7303,1318,1392
T086,pablo,rag2026-7,45,7132,1281,1298
T086,pablo,rag2026-8,48,6774,1246,1270
T086,pablo,rag2026-9,40,6802,1327,1396
T086,pablo,rag2026-10,45,6597,1347,1442
T086,pablo,rag2026-11,32,5839,1084,1110
T086,pablo,rag2026-12,41,6806,1372,1461
T086,pablo,rag2026-13,42,6789,1214,1238
T086,pablo,rag2026-14,37,7075,1238,1253
T086,pablo,rag2026-15,45,7349,1304,1316
T086,pablo,rag2026-16,44,6677,1325,1352
T086,pablo,rag2026-17,41,7458,1338,1361
T086,pablo,rag2026-18,34,6738,1322,1341
T086,pablo,rag2026-19,35,6242,1119,1150
T086,pablo,rag2026-20,41,5756,1066,1065
T086,pablo,rag2026-21,43,6389,1241,1269
T086,pablo,rag2026-22,38,6924,1192,1201
T086,pablo,rag2026-23,36,6744,1242,1256
T086,pablo,rag2026-24,40,6964,1314,1358
T086,pablo,rag2026-25,39,6516,1221,1232
T086,pablo,rag2026-26,36,7209,1242,1260
T086,pablo,rag2026-27,32,6616,1511,1542
T086,pablo,rag2026-28,41,6867,1335,1372
T086,pablo,rag2026-29,39,6551,1228,1247
T086,pablo,rag2026-30,40,6689,1282,1296
T086,pablo,rag2026-31,48,7034,1403,1409
T086,pablo,rag2026-32,40,7138,1305,1339
T086,pablo,rag2026-33,34,5931,1079,1088
T086,pablo,rag2026-34,45,6771,1282,1299
T086,pablo,rag2026-35,40,6246,1181,1220
T086,pablo,rag2026-36,24,3946,786,799
T086,pablo,rag2026-37,36,5181,994,1012
T086,pablo,rag2026-38,40,6988,1219,1237
T086,pablo,rag2026-39,39,6806,1196,1216
T086,pablo,rag2026-40,38,6900,1224,1235
T086,pablo,rag2026-41,46,6495,1246,1258
T086,pablo,rag2026-42,37,6313,1202,1231
T086,pablo,rag2026-43,43,7463,1291,1290
T086,pablo,rag2026-44,37,7172,1346,1361
T086,pablo,rag2026-45,41,5803,1055,1063
T086,pablo,rag2026-46,37,5482,990,997
T086,pablo,rag2026-47,37,6952,1218,1233
T086,pablo,rag2026-48,31,5788,1071,1076
T086,pablo,rag2026-49,44,7258,1392,1453
T086,pablo,rag2026-50,35,6492,1196,1209
T086,pablo,rag2026-51,37,5707,1051,1069
T086,pablo,rag2026-52,47,5643,1155,1221
T086,pablo,rag2026-53,44,6880,1421,1489
T086,pablo,rag2026-54,43,6494,1225,1247
T086,pablo,rag2026-55,31,6551,1202,1219
T086,pablo,rag2026-56,28,5655,1067,1106
T086,pablo,rag2026-57,43,6768,1268,1301
T086,pablo,rag2026-58,44,5854,1306,1413
T086,pablo,rag2026-59,34,5462,996,1010
T086,pablo,rag2026-60,44,7109,1430,1506
T086,pablo,rag2026-61,40,6608,1271,1312
T086,pablo,rag2026-62,28,3611,766,774
T086,pablo,rag2026-63,40,6117,1367,1387
T086,pablo,rag2026-64,42,7379,1359,1394
T086,pablo,rag2026-65,37,7184,1320,1354
T086,pablo,rag2026-66,45,7251,1376,1405
T086,pablo,rag2026-67,33,6487,1222,1244
T086,pablo,rag2026-68,32,5832,1044,1058
T086,pablo,rag2026-69,50,7429,1317,1347
T086,pablo,rag2026-70,33,6092,1181,1187
T086,pablo,rag2026-71,37,6550,1174,1179
T086,pablo,rag2026-72,46,7067,1452,1487
T086,pablo,rag2026-73,42,7045,1290,1321
T086,pablo,rag2026-74,36,5981,1164,1193
T086,pablo,rag2026-75,39,6994,1340,1382
T086,pablo,rag2026-76,36,5570,1099,1136
T086,pablo,rag2026-77,49,7738,1361,1404
T086,pablo,rag2026-78,34,5806,1107,1129
T086,pablo,rag2026-79,46,7260,1356,1401
T086,pablo,rag2026-80,34,5931,1072,1083
T086,pablo,rag2026-81,40,6104,1225,1264
T086,pablo,rag2026-82,28,4570,862,884
T086,pablo,rag2026-83,43,6845,1298,1344
T086,pablo,rag2026-84,45,6847,1349,1361
T086,pablo,rag2026-85,40,7503,1358,1397
T086,pablo,rag2026-86,43,7268,1368,1423
T086,pablo,rag2026-87,36,7246,1284,1277
T086,pablo,rag2026-88,26,5718,1025,1039
T086,pablo,rag2026-89,36,6440,1153,1172
T086,pablo,rag2026-90,49,6905,1269,1303
T086,pablo,rag2026-91,33,4810,1009,1045
T086,pablo,rag2026-92,40,7578,1419,1425
T086,pablo,rag2026-93,31,5205,1025,1058
T086,pablo,rag2026-94,35,7029,1259,1286
T086,pablo,rag2026-95,36,6978,1272,1319
T086,pablo,rag2026-96,44,7235,1301,1336
T086,pablo,rag2026-97,45,6444,1176,1219
T086,pablo,rag2026-98,39,5949,1121,1127
T086,pablo,rag2026-99,35,6768,1281,1309
T086,pablo,rag2026-100,45,7413,1261,1277
T086,pablo,rag2026-101,40,6699,1249,1273
T086,pablo,rag2026-102,35,6801,1315,1409
T086,pablo,rag2026-103,41,7154,1327,1337
T086,pablo,rag2026-104,28,6824,1301,1363
T086,pablo,rag2026-105,42,6689,1256,1269
T086,pablo,rag2026-106,29,4829,973,984
T086,pablo,rag2026-107,27,4688,890,914
T086,pablo,rag2026-108,38,6381,1106,1128
T086,pablo,rag2026-109,36,6371,1189,1214
T086,pablo,rag2026-110,44,6582,1355,1408
T086,pablo,rag2026-111,40,6837,1314,1394
T086,pablo,rag2026-112,44,7270,1455,1475
T086,pablo,rag2026-113,22,3326,611,624
T086,pablo,rag2026-114,38,6204,1105,1113
T086,pablo,rag2026-115,38,6311,1431,1501
T086,pablo,rag2026-116,44,6911,1291,1344
T086,pablo,rag2026-117,34,5740,1089,1116
T086,pablo,rag2026-118,38,6922,1276,1305
T149,paris,rag2026-0,28,3214,508,512
T149,paris,rag2026-1,25,3014,536,542
T149,paris,rag2026-2,24,4087,675,699
T149,paris,rag2026-3,19,3008,521,547
T149,paris,rag2026-4,23,2537,425,433
T149,paris,rag2026-5,17,2694,465,483
T149,paris,rag2026-6,36,5540,988,1039
T149,paris,rag2026-7,23,3874,614,617
T149,paris,rag2026-8,17,3291,559,566
T149,paris,rag2026-9,15,3137,540,552
T149,paris,rag2026-10,20,3070,545,554
T149,paris,rag2026-11,20,3430,570,588
T149,paris,rag2026-12,27,5178,1008,1068
T149,paris,rag2026-13,19,3037,511,522
T149,paris,rag2026-14,16,2987,494,503
T149,paris,rag2026-15,21,2852,478,487
T149,paris,rag2026-16,21,3186,547,562
T149,paris,rag2026-17,24,2977,491,499
T149,paris,rag2026-18,22,3463,596,610
T149,paris,rag2026-19,21,2833,509,543
T149,paris,rag2026-20,19,2451,401,410
T149,paris,rag2026-21,22,2782,518,538
T149,paris,rag2026-22,22,3395,548,548
T149,paris,rag2026-23,19,3881,645,651
T149,paris,rag2026-24,17,3305,602,617
T149,paris,rag2026-25,10,1385,247,250
T149,paris,rag2026-26,20,4026,655,664
T149,paris,rag2026-27,18,4077,830,865
T149,paris,rag2026-28,20,4539,772,783
T149,paris,rag2026-29,18,4100,649,674
T149,paris,rag2026-30,22,3207,550,549
T149,paris,rag2026-31,12,2219,368,368
T149,paris,rag2026-32,24,3604,604,615
T149,paris,rag2026-33,29,3387,594,598
T149,paris,rag2026-34,13,2712,469,478
T149,paris,rag2026-35,24,3821,646,667
T149,paris,rag2026-36,17,3651,627,644
T149,paris,rag2026-37,18,3111,525,530
T149,paris,rag2026-38,29,4360,726,740
T149,paris,rag2026-39,24,3471,523,526
T149,paris,rag2026-40,16,2875,471,476
T149,paris,rag2026-41,21,3006,526,539
T149,paris,rag2026-42,13,3422,564,567
T149,paris,rag2026-43,13,3119,516,521
T149,paris,rag2026-44,23,3279,554,560
T149,paris,rag2026-45,23,3052,507,505
T149,paris,rag2026-46,18,2717,447,450
T149,paris,rag2026-47,14,2670,434,437
T149,paris,rag2026-48,14,3103,505,512
T149,paris,rag2026-49,27,4686,784,799
T149,paris,rag2026-50,10,2127,383,381
T149,paris,rag2026-51,21,3211,539,547
T149,paris,rag2026-52,22,3165,576,587
T149,paris,rag2026-53,14,2773,482,482
T149,paris,rag2026-54,17,2936,481,488
T149,paris,rag2026-55,21,3647,568,571
T149,paris,rag2026-56,24,4751,818,858
T149,paris,rag2026-57,22,3659,625,628
T149,paris,rag2026-58,19,2121,411,412
T149,paris,rag2026-59,17,2511,409,412
T149,paris,rag2026-60,30,4704,827,851
T149,paris,rag2026-61,22,2554,435,445
T149,paris,rag2026-62,13,1576,265,267
T149,paris,rag2026-63,25,3590,637,637
T149,paris,rag2026-64,21,3014,470,478
T149,paris,rag2026-65,22,3580,613,620
T149,paris,rag2026-66,26,3815,666,677
T149,paris,rag2026-67,22,2864,486,496
T149,paris,rag2026-68,13,2655,419,423
T149,paris,rag2026-69,20,3292,545,561
T149,paris,rag2026-70,15,2885,505,505
T149,paris,rag2026-71,18,3481,569,567
T149,paris,rag2026-72,30,4350,750,759
T149,paris,rag2026-73,19,3253,556,562
T149,paris,rag2026-74,18,3717,647,657
T149,paris,rag2026-75,14,2941,481,490
T149,paris,rag2026-76,18,2468,437,445
T149,paris,rag2026-77,30,5056,812,840
T149,paris,rag2026-78,16,3133,515,519
T149,paris,rag2026-79,13,2430,384,385
T149,paris,rag2026-80,22,2947,553,558
T149,paris,rag2026-81,22,3034,549,564
T149,paris,rag2026-82,16,2754,447,452
T149,paris,rag2026-83,19,3962,641,648
T149,paris,rag2026-84,20,2711,475,457
T149,paris,rag2026-85,16,2883,467,470
T149,paris,rag2026-86,29,4128,718,735
T149,paris,rag2026-87,27,6018,1033,1023
T149,paris,rag2026-88,23,3423,556,558
T149,paris,rag2026-89,21,3656,585,592
T149,paris,rag2026-90,19,3000,512,529
T149,paris,rag2026-91,10,2133,403,407
T149,paris,rag2026-92,28,3163,513,500
T149,paris,rag2026-93,16,2680,470,478
T149,paris,rag2026-94,15,2391,395,398
T149,paris,rag2026-95,15,3348,543,556
T149,paris,rag2026-96,23,3709,622,633
T149,paris,rag2026-97,24,4193,694,706
T149,paris,rag2026-98,17,2026,348,349
T149,paris,rag2026-99,27,4239,721,729
T149,paris,rag2026-100,24,3110,492,498
T149,paris,rag2026-101,20,3335,546,550
T149,paris,rag2026-102,26,4974,890,940
T149,paris,rag2026-103,18,3200,520,532
T149,paris,rag2026-104,21,3705,620,630
T149,paris,rag2026-105,26,3308,523,526
T149,paris,rag2026-106,21,3020,515,522
T149,paris,rag2026-107,9,1740,303,311
T149,paris,rag2026-108,25,3985,642,678
T149,paris,rag2026-109,17,3497,542,550
T149,paris,rag2026-110,18,3146,578,591
T149,paris,rag2026-111,20,3122,557,586
T149,paris,rag2026-112,21,3001,494,495
T149,paris,rag2026-113,17,2952,513,512
T149,paris,rag2026-114,20,3465,577,583
T149,paris,rag2026-115,22,3472,669,690
T149,paris,rag2026-116,22,4224,678,692
T149,paris,rag2026-117,13,1997,326,332
T149,paris,rag2026-118,21,3479,551,561
T445,pat,rag2026-0,10,1789,283,289
T445,pat,rag2026-1,20,3789,697,700
T445,pat,rag2026-2,15,2300,389,391
T445,pat,rag2026-3,10,1835,335,348
T445,pat,rag2026-4,11,1946,345,348
T445,pat,rag2026-5,26,4104,776,789
T445,pat,rag2026-6,25,3759,619,636
T445,pat,rag2026-7,9,1796,309,312
T445,pat,rag2026-8,15,3026,514,514
T445,pat,rag2026-9,30,4731,869,890
T445,pat,rag2026-10,20,3675,689,707
T445,pat,rag2026-11,26,4066,674,671
T445,pat,rag2026-12,25,3822,706,725
T445,pat,rag2026-13,15,2974,528,542
T445,pat,rag2026-14,21,3629,617,624
T445,pat,rag2026-15,20,3249,546,548
T445,pat,rag2026-16,20,3528,611,625
T445,pat,rag2026-17,27,4567,806,814
T445,pat,rag2026-18,15,2051,365,368
T445,pat,rag2026-19,15,2406,442,451
T445,pat,rag2026-20,11,1978,374,380
T445,pat,rag2026-21,15,2746,533,569
T445,pat,rag2026-22,17,2347,393,395
T445,pat,rag2026-23,12,2593,437,441
T445,pat,rag2026-24,22,3686,700,709
T445,pat,rag2026-25,15,2278,425,429
T445,pat,rag2026-26,18,3666,622,625
T445,pat,rag2026-27,20,3530,742,757
T445,pat,rag2026-28,36,3480,657,663
T445,pat,rag2026-29,20,4385,760,776
T445,pat,rag2026-30,15,2721,477,483
T445,pat,rag2026-31,20,3696,698,699
T445,pat,rag2026-32,12,2543,430,444
T445,pat,rag2026-33,20,3219,541,545
T445,pat,rag2026-34,9,1859,315,323
T445,pat,rag2026-35,15,3610,626,638
T445,pat,rag2026-36,40,4049,767,791
T445,pat,rag2026-37,10,1876,329,329
T445,pat,rag2026-38,20,3211,541,552
T445,pat,rag2026-39,25,4353,716,722
T445,pat,rag2026-40,14,2515,411,413
T445,pat,rag2026-41,21,3161,584,587
T445,pat,rag2026-42,22,3554,651,660
T445,pat,rag2026-43,20,3922,694,693
T445,pat,rag2026-44,15,2594,469,469
T445,pat,rag2026-45,12,2506,425,427
T445,pat,rag2026-46,10,1722,291,292
T445,pat,rag2026-47,10,1685,280,280
T445,pat,rag2026-48,15,3007,513,510
T445,pat,rag2026-49,14,2418,412,414
T445,pat,rag2026-50,20,3441,631,638
T445,pat,rag2026-51,20,2833,512,519
T445,pat,rag2026-52,15,2094,379,386
T445,pat,rag2026-53,19,3660,668,676
T445,pat,rag2026-54,21,2934,494,502
T445,pat,rag2026-55,13,2741,445,443
T445,pat,rag2026-56,24,4382,806,824
T445,pat,rag2026-57,10,2084,378,397
T445,pat,rag2026-58,16,2353,495,494
T445,pat,rag2026-59,25,3639,645,654
T445,pat,rag2026-60,26,3764,714,758
T445,pat,rag2026-61,15,2159,379,383
T445,pat,rag2026-62,21,3603,690,693
T445,pat,rag2026-63,15,2615,471,472
T445,pat,rag2026-64,10,1697,291,293
T445,pat,rag2026-65,20,2696,490,495
T445,pat,rag2026-66,12,2036,345,353
T445,pat,rag2026-67,18,3215,582,590
T445,pat,rag2026-68,12,2506,401,406
T445,pat,rag2026-69,36,6337,1035,1042
T445,pat,rag2026-70,17,3140,590,595
T445,pat,rag2026-71,20,3138,533,533
T445,pat,rag2026-72,9,1828,318,324
T445,pat,rag2026-73,15,2808,475,479
T445,pat,rag2026-74,16,2610,454,451
T445,pat,rag2026-75,19,3156,515,522
T445,pat,rag2026-76,12,2248,429,437
T445,pat,rag2026-77,10,1556,252,253
T445,pat,rag2026-78,10,1864,348,362
T445,pat,rag2026-79,15,2590,432,440
T445,pat,rag2026-80,22,4087,768,768
T445,pat,rag2026-81,21,3105,564,580
T445,pat,rag2026-82,10,2055,381,383
T445,pat,rag2026-83,20,2883,495,489
T445,pat,rag2026-84,28,3156,581,565
T445,pat,rag2026-85,14,3817,692,720
T445,pat,rag2026-86,25,3296,600,611
T445,pat,rag2026-87,14,2486,429,421
T445,pat,rag2026-88,14,2594,448,451
T445,pat,rag2026-89,15,3018,531,536
T445,pat,rag2026-90,20,3581,601,606
T445,pat,rag2026-91,18,2503,486,493
T445,pat,rag2026-92,20,3009,526,515
T445,pat,rag2026-93,15,3609,646,651
T445,pat,rag2026-94,16,2723,462,473
T445,pat,rag2026-95,14,3153,556,557
T445,pat,rag2026-96,7,1183,191,193
T445,pat,rag2026-97,12,2695,441,447
T445,pat,rag2026-98,14,2251,394,395
T445,pat,rag2026-99,20,3423,596,607
T445,pat,rag2026-100,12,2433,405,408
T445,pat,rag2026-101,27,4094,730,750
T445,pat,rag2026-102,28,4985,888,924
T445,pat,rag2026-103,16,2454,399,402
T445,pat,rag2026-104,10,1684,303,308
T445,pat,rag2026-105,15,2227,395,398
T445,pat,rag2026-106,13,2382,434,438
T445,pat,rag2026-107,9,1472,260,261
T445,pat,rag2026-108,20,3374,535,539
T445,pat,rag2026-109,27,4452,772,779
T445,pat,rag2026-110,15,2952,540,554
T445,pat,rag2026-111,14,2134,387,401
T445,pat,rag2026-112,10,1788,335,336
T445,pat,rag2026-113,16,2608,517,524
T445,pat,rag2026-114,16,2464,396,398
T445,pat,rag2026-115,24,2765,588,601
T445,pat,rag2026-116,44,7003,1189,1198
T445,pat,rag2026-117,10,1569,279,281
T445,pat,rag2026-118,19,3523,588,605
T907,paula,rag2026-0,3,466,77,78
T907,paula,rag2026-1,3,402,71,73
T907,paula,rag2026-2,3,412,66,66
T907,paula,rag2026-3,3,251,61,70
T907,paula,rag2026-4,3,419,77,80
T907,paula,rag2026-5,3,328,56,56
T907,paula,rag2026-6,3,616,118,119
T907,paula,rag2026-7,3,456,73,75
T907,paula,rag2026-8,3,484,97,103
T907,paula,rag2026-9,3,457,102,116
T907,paula,rag2026-10,3,354,72,75
T907,paula,rag2026-11,3,508,92,92
T907,paula,rag2026-12,3,413,73,75
T907,paula,rag2026-13,3,352,71,71
T907,paula,rag2026-14,3,390,64,64
T907,paula,rag2026-15,3,479,92,98
T907,paula,rag2026-16,3,299,56,58
T907,paula,rag2026-17,3,731,120,121
T907,paula,rag2026-18,3,577,107,111
T907,paula,rag2026-19,3,379,65,66
T907,paula,rag2026-20,3,319,59,60
T907,paula,rag2026-21,3,508,94,100
T907,paula,rag2026-22,3,484,92,100
T907,paula,rag2026-23,3,409,71,72
T907,paula,rag2026-24,3,478,90,90
T907,paula,rag2026-25,3,372,75,82
T907,paula,rag2026-26,3,601,126,140
T907,paula,rag2026-27,3,541,118,123
T907,paula,rag2026-28,3,552,82,83
T907,paula,rag2026-29,3,397,66,66
T907,paula,rag2026-30,3,543,94,94
T907,paula,rag2026-31,3,455,86,86
T907,paula,rag2026-32,3,369,77,80
T907,paula,rag2026-33,3,447,87,88
T907,paula,rag2026-34,3,432,92,99
T907,paula,rag2026-35,3,298,57,63
T907,paula,rag2026-36,3,502,82,83
T907,paula,rag2026-37,3,419,76,75
T907,paula,rag2026-38,3,322,73,84
T907,paula,rag2026-39,3,352,62,65
T907,paula,rag2026-40,3,412,71,73
T907,paula,rag2026-41,3,400,76,77
T907,paula,rag2026-42,3,383,68,70
T907,paula,rag2026-43,3,485,87,88
T907,paula,rag2026-44,3,659,115,115
T907,paula,rag2026-45,3,385,74,76
T907,paula,rag2026-46,3,431,70,72
T907,paula,rag2026-47,3,531,95,95
T907,paula,rag2026-48,3,526,81,81
T907,paula,rag2026-49,3,270,71,78
T907,paula,rag2026-50,3,436,83,85
T907,paula,rag2026-51,3,457,84,85
T907,paula,rag2026-52,3,436,76,78
T907,paula,rag2026-53,3,548,102,103
T907,paula,rag2026-54,3,408,73,73
T907,paula,rag2026-55,3,510,85,85
T907,paula,rag2026-56,3,384,72,72
T907,paula,rag2026-57,3,370,61,63
T907,paula,rag2026-58,3,268,57,57
T907,paula,rag2026-59,3,449,70,70
T907,paula,rag2026-60,3,440,83,88
T907,paula,rag2026-61,3,492,87,91
T907,paula,rag2026-62,3,303,63,64
T907,paula,rag2026-63,2,199,39,38
T907,paula,rag2026-64,3,458,88,88
T907,paula,rag2026-65,3,562,105,106
T907,paula,rag2026-66,3,465,78,78
T907,paula,rag2026-67,3,522,85,85
T907,paula,rag2026-68,3,658,113,114
T907,paula,rag2026-69,3,251,46,46
T907,paula,rag2026-70,3,478,79,79
T907,paula,rag2026-71,3,325,60,58
T907,paula,rag2026-72,3,354,80,87
T907,paula,rag2026-73,3,476,79,80
T907,paula,rag2026-74,3,134,33,37
T907,paula,rag2026-75,3,491,98,104
T907,paula,rag2026-76,3,426,88,92
T907,paula,rag2026-77,3,520,92,91
T907,paula,rag2026-78,3,492,98,96
T907,paula,rag2026-79,3,423,90,94
T907,paula,rag2026-80,3,321,59,59
T907,paula,rag2026-81,3,463,90,94
T907,paula,rag2026-82,3,559,99,101
T907,paula,rag2026-83,3,346,63,65
T907,paula,rag2026-84,3,427,71,69
T907,paula,rag2026-85,3,570,105,105
T907,paula,rag2026-86,3,440,78,78
T907,paula,rag2026-87,2,129,23,22
T907,paula,rag2026-88,3,338,68,68
T907,paula,rag2026-89,3,582,113,122
T907,paula,rag2026-90,3,355,70,70
T907,paula,rag2026-91,3,377,74,74
T907,paula,rag2026-92,2,173,30,30
T907,paula,rag2026-93,3,331,58,60
T907,paula,rag2026-94,3,423,74,74
T907,paula,rag2026-95,3,526,103,108
T907,paula,rag2026-96,3,653,114,114
T907,paula,rag2026-97,3,420,71,72
T907,paula,rag2026-98,3,422,77,77
T907,paula,rag2026-99,3,729,132,136
T907,paula,rag2026-100,3,475,88,95
T907,paula,rag2026-101,3,583,105,109
T907,paula,rag2026-102,3,314,55,55
T907,paula,rag2026-103,3,299,54,55
T907,paula,rag2026-104,3,360,65,67
T907,paula,rag2026-105,3,427,77,80
T907,paula,rag2026-106,3,292,57,57
T907,paula,rag2026-107,3,315,63,66
T907,paula,rag2026-108,3,471,74,77
T907,paula,rag2026-109,3,343,63,66
T907,paula,rag2026-110,3,410,83,89
T907,paula,rag2026-111,3,450,81,86
T907,paula,rag2026-112,3,445,80,82
T907,paula,rag2026-113,3,464,92,94
T907,paula,rag2026-114,3,540,90,90
T907,paula,rag2026-115,2,158,38,38
T907,paula,rag2026-116,3,333,63,66
T907,paula,rag2026-117,3,367,73,78
T907,paula,rag2026-118,3,378,68,68
T410,reid,rag2026-0,17,5241,853,859
T410,reid,rag2026-1,19,4141,745,755
T410,reid,rag2026-2,22,5687,931,941
T410,reid,rag2026-3,25,5052,881,907
T410,reid,rag2026-4,20,4425,757,766
T410,reid,rag2026-5,20,4755,853,864
T410,reid,rag2026-6,29,6478,1103,1140
T410,reid,rag2026-7,19,4881,818,821
T410,reid,rag2026-8,16,4909,863,890
T410,reid,rag2026-9,24,5316,948,977
T410,reid,rag2026-10,21,5094,914,930
T410,reid,rag2026-11,16,5027,824,849
T410,reid,rag2026-12,29,6577,1247,1288
T410,reid,rag2026-13,20,4788,820,835
T410,reid,rag2026-14,18,4875,769,779
T410,reid,rag2026-15,20,4708,802,813
T410,reid,rag2026-16,21,5143,863,881
T410,reid,rag2026-17,19,5063,846,855
T410,reid,rag2026-18,20,4557,818,833
T410,reid,rag2026-19,16,4805,873,924
T410,reid,rag2026-20,23,4978,862,868
T410,reid,rag2026-21,16,3776,691,720
T410,reid,rag2026-22,21,5533,899,911
T410,reid,rag2026-23,18,4757,786,790
T410,reid,rag2026-24,21,5138,924,939
T410,reid,rag2026-25,12,3019,523,529
T410,reid,rag2026-26,20,5983,963,975
T410,reid,rag2026-27,20,5630,1132,1164
T410,reid,rag2026-28,35,5573,1043,1052
T410,reid,rag2026-29,17,4493,798,834
T410,reid,rag2026-30,22,5196,915,924
T410,reid,rag2026-31,17,4133,727,730
T410,reid,rag2026-32,17,4774,800,817
T410,reid,rag2026-33,23,5210,877,879
T410,reid,rag2026-34,17,4472,773,791
T410,reid,rag2026-35,20,5390,965,1010
T410,reid,rag2026-36,18,5046,888,892
T410,reid,rag2026-37,17,4413,810,844
T410,reid,rag2026-38,31,6984,1178,1195
T410,reid,rag2026-39,22,5580,924,941
T410,reid,rag2026-40,20,4392,731,739
T410,reid,rag2026-41,16,3598,625,629
T410,reid,rag2026-42,19,5465,986,1016
T410,reid,rag2026-43,18,4455,719,716
T410,reid,rag2026-44,23,5296,949,956
T410,reid,rag2026-45,22,4708,799,811
T410,reid,rag2026-46,18,4134,712,710
T410,reid,rag2026-47,16,3904,636,639
T410,reid,rag2026-48,14,4081,684,689
T410,reid,rag2026-49,29,5892,1012,1036
T410,reid,rag2026-50,15,3820,674,693
T410,reid,rag2026-51,23,4516,788,797
T410,reid,rag2026-52,25,5082,964,993
T410,reid,rag2026-53,22,4811,859,876
T410,reid,rag2026-54,17,4614,757,773
T410,reid,rag2026-55,24,5838,950,967
T410,reid,rag2026-56,20,5108,906,936
T410,reid,rag2026-57,23,5631,929,948
T410,reid,rag2026-58,25,4405,909,908
T410,reid,rag2026-59,15,4241,739,745
T410,reid,rag2026-60,32,6084,1060,1100
T410,reid,rag2026-61,19,4385,747,770
T410,reid,rag2026-62,31,5394,1050,1045
T410,reid,rag2026-63,24,4728,848,847
T410,reid,rag2026-64,23,5277,870,879
T410,reid,rag2026-65,21,5149,848,854
T410,reid,rag2026-66,22,5664,965,982
T410,reid,rag2026-67,14,3695,651,675
T410,reid,rag2026-68,19,4985,816,828
T410,reid,rag2026-69,26,6619,1037,1048
T410,reid,rag2026-70,16,4470,800,800
T410,reid,rag2026-71,19,4749,779,779
T410,reid,rag2026-72,28,5964,1118,1132
T410,reid,rag2026-73,24,5928,1020,1039
T410,reid,rag2026-74,22,5326,897,914
T410,reid,rag2026-75,18,4559,754,763
T410,reid,rag2026-76,19,4786,817,830
T410,reid,rag2026-77,25,6123,1025,1037
T410,reid,rag2026-78,28,6496,1160,1168
T410,reid,rag2026-79,16,4249,715,728
T410,reid,rag2026-80,15,4141,740,737
T410,reid,rag2026-81,20,4698,873,897
T410,reid,rag2026-82,12,3571,587,591
T410,reid,rag2026-83,19,5149,884,899
T410,reid,rag2026-84,20,4382,715,702
T410,reid,rag2026-85,19,5113,863,875
T410,reid,rag2026-86,28,6210,1061,1084
T410,reid,rag2026-87,29,7276,1240,1250
T410,reid,rag2026-88,18,4607,784,806
T410,reid,rag2026-89,18,5551,910,917
T410,reid,rag2026-90,21,4707,842,868
T410,reid,rag2026-91,27,3774,872,882
T410,reid,rag2026-92,20,4362,743,739
T410,reid,rag2026-93,19,4041,743,763
T410,reid,rag2026-94,18,4101,687,709
T410,reid,rag2026-95,19,4775,797,804
T410,reid,rag2026-96,21,5024,852,867
T410,reid,rag2026-97,22,5712,950,961
T410,reid,rag2026-98,23,3925,688,696
T410,reid,rag2026-99,24,5908,1030,1048
T410,reid,rag2026-100,19,4850,811,806
T410,reid,rag2026-101,20,5212,883,894
T410,reid,rag2026-102,26,6447,1170,1240
T410,reid,rag2026-103,21,5618,933,941
T410,reid,rag2026-104,18,4390,751,764
T410,reid,rag2026-105,22,4829,831,833
T410,reid,rag2026-106,25,5234,906,911
T410,reid,rag2026-107,13,2819,490,506
T410,reid,rag2026-108,18,4663,773,784
T410,reid,rag2026-109,24,6344,1059,1079
T410,reid,rag2026-110,19,4478,820,843
T410,reid,rag2026-111,19,4540,811,847
T410,reid,rag2026-112,21,4623,788,797
T410,reid,rag2026-113,21,4560,797,805
T410,reid,rag2026-114,16,4314,705,707
T410,reid,rag2026-115,20,4360,901,924
T410,reid,rag2026-116,23,6543,1101,1129
T410,reid,rag2026-117,16,3581,625,629
T410,reid,rag2026-118,25,5686,1027,1066
T047,rene,rag2026-0,5,5751,1116,1139
T047,rene,rag2026-1,5,6535,1209,1217
T047,rene,rag2026-10,5,5881,1173,1193
T047,rene,rag2026-100,6,6969,1214,1239
T047,rene,rag2026-101,5,6519,1240,1283
T047,rene,rag2026-102,6,6348,1245,1287
T047,rene,rag2026-103,6,7025,1200,1224
T047,rene,rag2026-104,6,6505,1295,1333
T047,rene,rag2026-105,6,6735,1228,1246
T047,rene,rag2026-106,5,6139,1246,1260
T047,rene,rag2026-107,5,5887,1182,1220
T047,rene,rag2026-108,5,6060,1203,1228
T047,rene,rag2026-109,7,7236,1296,1308
T047,rene,rag2026-11,6,6321,1263,1322
T047,rene,rag2026-110,6,6389,1269,1280
T047,rene,rag2026-111,6,6401,1219,1278
T047,rene,rag2026-112,6,6909,1307,1332
T047,rene,rag2026-113,6,6271,1223,1250
T047,rene,rag2026-114,6,6600,1222,1235
T047,rene,rag2026-115,5,5895,1281,1312
T047,rene,rag2026-116,5,6106,1230,1290
T047,rene,rag2026-117,6,7134,1207,1223
T047,rene,rag2026-118,5,6318,1177,1203
T047,rene,rag2026-12,6,6462,1189,1214
T047,rene,rag2026-13,6,6167,1149,1173
T047,rene,rag2026-14,6,6769,1302,1338
T047,rene,rag2026-15,6,6298,1221,1257
T047,rene,rag2026-16,6,7401,1277,1332
T047,rene,rag2026-17,5,5809,1159,1201
T047,rene,rag2026-18,5,6451,1057,1068
T047,rene,rag2026-19,5,6292,1136,1157
T047,rene,rag2026-2,5,6953,1305,1354
T047,rene,rag2026-20,6,7310,1201,1217
T047,rene,rag2026-21,6,6432,1254,1290
T047,rene,rag2026-22,5,5914,1124,1134
T047,rene,rag2026-23,6,6879,1209,1211
T047,rene,rag2026-24,6,6576,1432,1474
T047,rene,rag2026-25,6,6361,1304,1354
T047,rene,rag2026-26,6,6317,1216,1245
T047,rene,rag2026-27,6,7093,1483,1512
T047,rene,rag2026-28,6,6474,1285,1320
T047,rene,rag2026-29,6,6465,1260,1315
T047,rene,rag2026-3,5,6201,1224,1274
T047,rene,rag2026-30,5,6904,1182,1208
T047,rene,rag2026-31,5,6053,1186,1201
T047,rene,rag2026-32,6,6126,1226,1274
T047,rene,rag2026-33,6,6197,1184,1199
T047,rene,rag2026-34,7,6125,1158,1195
T047,rene,rag2026-35,6,6626,1246,1290
T047,rene,rag2026-36,6,6697,1252,1269
T047,rene,rag2026-37,5,5734,1166,1193
T047,rene,rag2026-38,6,6533,1265,1317
T047,rene,rag2026-39,6,7422,1310,1350
T047,rene,rag2026-4,5,5499,1077,1112
T047,rene,rag2026-40,5,7166,1182,1189
T047,rene,rag2026-41,6,6978,1154,1174
T047,rene,rag2026-42,7,7003,1342,1394
T047,rene,rag2026-43,5,6539,1211,1229
T047,rene,rag2026-44,7,6884,1309,1323
T047,rene,rag2026-45,5,6274,1192,1198
T047,rene,rag2026-46,5,6482,1170,1193
T047,rene,rag2026-47,5,6038,1075,1084
T047,rene,rag2026-48,6,5996,1128,1123
T047,rene,rag2026-49,6,6467,1206,1243
T047,rene,rag2026-5,6,6653,1234,1276
T047,rene,rag2026-50,6,6292,1323,1404
T047,rene,rag2026-51,5,6013,1156,1205
T047,rene,rag2026-52,5,5707,1214,1253
T047,rene,rag2026-53,5,6001,1227,1244
T047,rene,rag2026-54,6,6145,1185,1239
T047,rene,rag2026-55,6,7220,1293,1314
T047,rene,rag2026-56,6,6263,1230,1289
T047,rene,rag2026-57,6,6201,1159,1187
T047,rene,rag2026-58,4,5390,1210,1264
T047,rene,rag2026-59,6,7055,1189,1206
T047,rene,rag2026-6,6,6643,1228,1281
T047,rene,rag2026-60,8,6826,1294,1340
T047,rene,rag2026-61,6,6102,1134,1157
T047,rene,rag2026-62,6,6777,1256,1287
T047,rene,rag2026-63,7,6710,1288,1310
T047,rene,rag2026-64,6,6546,1173,1203
T047,rene,rag2026-65,5,6375,1187,1219
T047,rene,rag2026-66,6,6768,1326,1362
T047,rene,rag2026-67,5,5772,1175,1218
T047,rene,rag2026-68,6,6565,1211,1213
T047,rene,rag2026-69,5,6387,1118,1126
T047,rene,rag2026-7,5,6377,1153,1188
T047,rene,rag2026-70,7,6851,1316,1336
T047,rene,rag2026-71,6,6224,1203,1218
T047,rene,rag2026-72,6,6867,1257,1266
T047,rene,rag2026-73,6,6149,1182,1209
T047,rene,rag2026-74,5,5679,1205,1257
T047,rene,rag2026-75,6,6820,1233,1264
T047,rene,rag2026-76,6,6140,1250,1318
T047,rene,rag2026-77,5,6623,1151,1179
T047,rene,rag2026-78,5,6949,1236,1250
T047,rene,rag2026-79,6,6483,1154,1168
T047,rene,rag2026-8,6,6249,1246,1266
T047,rene,rag2026-80,4,5604,1145,1157
T047,rene,rag2026-81,6,6265,1295,1322
T047,rene,rag2026-82,5,6540,1160,1172
T047,rene,rag2026-83,6,6150,1187,1201
T047,rene,rag2026-84,6,6326,1116,1123
T047,rene,rag2026-85,5,6192,1173,1202
T047,rene,rag2026-86,7,6719,1270,1292
T047,rene,rag2026-87,6,6197,1212,1280
T047,rene,rag2026-88,5,6178,1149,1170
T047,rene,rag2026-89,6,6442,1152,1185
T047,rene,rag2026-9,5,6106,1169,1200
T047,rene,rag2026-90,6,6456,1163,1202
T047,rene,rag2026-91,5,4940,935,954
T047,rene,rag2026-92,5,6261,1217,1240
T047,rene,rag2026-93,5,6464,1244,1286
T047,rene,rag2026-94,5,5741,1131,1159
T047,rene,rag2026-95,6,6332,1199,1237
T047,rene,rag2026-96,7,6133,1170,1209
T047,rene,rag2026-97,6,6390,1241,1297
T047,rene,rag2026-98,5,5981,1147,1158
T047,rene,rag2026-99,6,6423,1227,1265
T267,rick,rag2026-0,20,5099,842,851
T267,rick,rag2026-1,22,5353,938,955
T267,rick,rag2026-2,20,4817,803,815
T267,rick,rag2026-3,28,5387,993,1032
T267,rick,rag2026-4,20,3779,642,658
T267,rick,rag2026-5,18,4195,767,785
T267,rick,rag2026-6,34,7832,1388,1473
T267,rick,rag2026-7,18,5934,1020,1028
T267,rick,rag2026-8,17,4589,768,778
T267,rick,rag2026-9,17,4370,792,827
T267,rick,rag2026-10,22,5000,923,980
T267,rick,rag2026-11,19,4826,758,775
T267,rick,rag2026-12,29,5679,1085,1141
T267,rick,rag2026-13,20,5485,922,932
T267,rick,rag2026-14,19,5142,851,887
T267,rick,rag2026-15,20,4866,811,806
T267,rick,rag2026-16,22,5790,1002,1018
T267,rick,rag2026-17,18,4964,871,891
T267,rick,rag2026-18,15,4062,754,766
T267,rick,rag2026-19,16,4059,696,723
T267,rick,rag2026-20,19,3889,699,708
T267,rick,rag2026-21,17,4195,780,803
T267,rick,rag2026-22,20,4756,745,753
T267,rick,rag2026-23,16,4615,770,778
T267,rick,rag2026-24,17,4463,794,821
T267,rick,rag2026-25,13,2827,473,466
T267,rick,rag2026-26,20,5388,884,896
T267,rick,rag2026-27,24,6331,1325,1373
T267,rick,rag2026-28,33,6593,1242,1264
T267,rick,rag2026-29,19,4530,805,838
T267,rick,rag2026-30,24,6010,1093,1110
T267,rick,rag2026-31,18,4410,756,755
T267,rick,rag2026-32,20,5015,841,875
T267,rick,rag2026-33,21,5247,900,905
T267,rick,rag2026-34,17,4061,722,729
T267,rick,rag2026-35,17,4567,773,798
T267,rick,rag2026-36,26,7110,1405,1488
T267,rick,rag2026-37,19,4572,768,788
T267,rick,rag2026-38,27,7704,1283,1297
T267,rick,rag2026-39,20,4813,775,779
T267,rick,rag2026-40,20,4755,803,810
T267,rick,rag2026-41,17,4939,915,925
T267,rick,rag2026-42,19,4483,802,821
T267,rick,rag2026-43,19,4866,776,783
T267,rick,rag2026-44,21,5491,979,984
T267,rick,rag2026-45,20,4942,835,847
T267,rick,rag2026-46,17,3616,651,652
T267,rick,rag2026-47,18,4554,734,737
T267,rick,rag2026-48,20,5145,844,849
T267,rick,rag2026-49,27,7068,1233,1266
T267,rick,rag2026-50,17,4061,708,722
T267,rick,rag2026-51,23,5188,903,908
T267,rick,rag2026-52,17,4049,782,804
T267,rick,rag2026-53,21,4784,913,948
T267,rick,rag2026-54,20,5007,822,834
T267,rick,rag2026-55,21,5207,867,874
T267,rick,rag2026-56,24,6203,1085,1132
T267,rick,rag2026-57,18,5621,944,960
T267,rick,rag2026-58,18,3210,674,673
T267,rick,rag2026-59,20,4914,822,833
T267,rick,rag2026-60,31,6206,1118,1185
T267,rick,rag2026-61,19,4505,807,851
T267,rick,rag2026-62,41,4700,936,939
T267,rick,rag2026-63,32,5781,1186,1177
T267,rick,rag2026-64,19,4454,723,728
T267,rick,rag2026-65,20,6010,1026,1039
T267,rick,rag2026-66,22,5777,1031,1057
T267,rick,rag2026-67,20,4733,837,854
T267,rick,rag2026-68,15,4451,719,726
T267,rick,rag2026-69,20,6159,966,977
T267,rick,rag2026-70,22,5186,930,932
T267,rick,rag2026-71,19,4587,773,781
T267,rick,rag2026-72,29,5896,1185,1186
T267,rick,rag2026-73,21,5072,875,900
T267,rick,rag2026-74,23,5824,1036,1055
T267,rick,rag2026-75,16,3979,676,703
T267,rick,rag2026-76,15,3795,687,713
T267,rick,rag2026-77,34,8063,1309,1335
T267,rick,rag2026-78,20,5265,916,923
T267,rick,rag2026-79,18,4241,724,741
T267,rick,rag2026-80,20,4633,840,837
T267,rick,rag2026-81,16,3754,681,698
T267,rick,rag2026-82,18,4533,735,749
T267,rick,rag2026-83,21,5120,843,847
T267,rick,rag2026-84,20,3503,581,564
T267,rick,rag2026-85,17,5025,842,847
T267,rick,rag2026-86,33,7550,1347,1385
T267,rick,rag2026-87,28,7135,1280,1271
T267,rick,rag2026-88,22,5616,988,1014
T267,rick,rag2026-89,21,5511,914,919
T267,rick,rag2026-90,17,4439,760,772
T267,rick,rag2026-91,19,3676,770,786
T267,rick,rag2026-92,18,4038,665,655
T267,rick,rag2026-93,16,3665,659,678
T267,rick,rag2026-94,13,3193,539,559
T267,rick,rag2026-95,18,4906,836,844
T267,rick,rag2026-96,17,4357,755,773
T267,rick,rag2026-97,21,4920,817,834
T267,rick,rag2026-98,18,3040,529,529
T267,rick,rag2026-99,22,5922,1059,1085
T267,rick,rag2026-100,20,4829,786,792
T267,rick,rag2026-101,19,4777,805,815
T267,rick,rag2026-102,35,5762,1076,1151
T267,rick,rag2026-103,20,5428,916,939
T267,rick,rag2026-104,21,5156,925,944
T267,rick,rag2026-105,20,4425,772,772
T267,rick,rag2026-106,21,4460,810,829
T267,rick,rag2026-107,14,3194,580,598
T267,rick,rag2026-108,22,5770,953,974
T267,rick,rag2026-109,24,6211,1040,1054
T267,rick,rag2026-110,20,4753,930,971
T267,rick,rag2026-111,18,4326,803,843
T267,rick,rag2026-112,20,4991,849,868
T267,rick,rag2026-113,22,4971,855,863
T267,rick,rag2026-114,16,3527,606,612
T267,rick,rag2026-115,31,5106,1101,1141
T267,rick,rag2026-116,22,5716,920,935
T267,rick,rag2026-117,14,3362,572,578
T267,rick,rag2026-118,26,6446,1134,1168
T736,rita,rag2026-0,50,8228,1415,1441
T736,rita,rag2026-1,43,7440,1416,1470
T736,rita,rag2026-2,45,7860,1386,1421
T736,rita,rag2026-3,43,7236,1422,1488
T736,rita,rag2026-4,46,7377,1365,1382
T736,rita,rag2026-5,46,7626,1452,1502
T736,rita,rag2026-6,44,7852,1512,1645
T736,rita,rag2026-7,41,8355,1437,1460
T736,rita,rag2026-8,44,7521,1381,1422
T736,rita,rag2026-9,41,7743,1426,1487
T736,rita,rag2026-10,45,7612,1502,1607
T736,rita,rag2026-11,44,8315,1395,1438
T736,rita,rag2026-12,42,7250,1529,1633
T736,rita,rag2026-13,41,7524,1329,1350
T736,rita,rag2026-14,42,8109,1398,1442
T736,rita,rag2026-15,38,8210,1422,1451
T736,rita,rag2026-16,47,8114,1522,1577
T736,rita,rag2026-17,39,8183,1442,1481
T736,rita,rag2026-18,45,7354,1395,1424
T736,rita,rag2026-19,47,7892,1464,1530
T736,rita,rag2026-20,44,7385,1296,1311
T736,rita,rag2026-21,34,7040,1365,1426
T736,rita,rag2026-22,46,8099,1275,1280
T736,rita,rag2026-23,43,7977,1420,1458
T736,rita,rag2026-24,38,7639,1416,1480
T736,rita,rag2026-25,32,7139,1297,1305
T736,rita,rag2026-26,41,8408,1412,1442
T736,rita,rag2026-27,46,8680,1901,1996
T736,rita,rag2026-28,46,8544,1513,1551
T736,rita,rag2026-29,45,7555,1392,1450
T736,rita,rag2026-30,41,8217,1472,1496
T736,rita,rag2026-31,45,7923,1409,1407
T736,rita,rag2026-32,40,7543,1408,1497
T736,rita,rag2026-33,45,7831,1331,1345
T736,rita,rag2026-34,36,7257,1344,1386
T736,rita,rag2026-35,42,8200,1470,1509
T736,rita,rag2026-36,44,7985,1618,1668
T736,rita,rag2026-37,39,7178,1341,1405
T736,rita,rag2026-38,44,8199,1521,1585
T736,rita,rag2026-39,45,8219,1372,1391
T736,rita,rag2026-40,46,8209,1393,1414
T736,rita,rag2026-41,46,7217,1376,1399
T736,rita,rag2026-42,40,7653,1455,1503
T736,rita,rag2026-43,39,8339,1389,1392
T736,rita,rag2026-44,45,7716,1371,1379
T736,rita,rag2026-45,44,7980,1384,1415
T736,rita,rag2026-46,46,7754,1408,1408
T736,rita,rag2026-47,43,8005,1314,1326
T736,rita,rag2026-48,42,8092,1420,1453
T736,rita,rag2026-49,43,7906,1455,1513
T736,rita,rag2026-50,43,7710,1419,1483
T736,rita,rag2026-51,44,7781,1386,1390
T736,rita,rag2026-52,49,7076,1483,1564
T736,rita,rag2026-53,45,7843,1503,1546
T736,rita,rag2026-54,44,8118,1416,1453
T736,rita,rag2026-55,43,8480,1454,1475
T736,rita,rag2026-56,43,7734,1453,1559
T736,rita,rag2026-57,43,7790,1462,1540
T736,rita,rag2026-58,41,6505,1419,1419
T736,rita,rag2026-59,44,7878,1375,1410
T736,rita,rag2026-60,41,7426,1429,1531
T736,rita,rag2026-61,45,7469,1442,1529
T736,rita,rag2026-62,46,7447,1318,1321
T736,rita,rag2026-63,42,6825,1807,1755
T736,rita,rag2026-64,47,8072,1349,1370
T736,rita,rag2026-65,42,7868,1384,1402
T736,rita,rag2026-66,42,7632,1450,1508
T736,rita,rag2026-67,37,7678,1390,1436
T736,rita,rag2026-68,41,8065,1398,1437
T736,rita,rag2026-69,46,8095,1460,1508
T736,rita,rag2026-70,43,7582,1400,1401
T736,rita,rag2026-71,47,8155,1381,1396
T736,rita,rag2026-72,43,7998,1747,1778
T736,rita,rag2026-73,45,7503,1395,1438
T736,rita,rag2026-74,44,7657,1446,1504
T736,rita,rag2026-75,46,7909,1413,1444
T736,rita,rag2026-76,39,7288,1365,1422
T736,rita,rag2026-77,48,8503,1531,1566
T736,rita,rag2026-78,40,7576,1380,1421
T736,rita,rag2026-79,45,7763,1375,1428
T736,rita,rag2026-80,44,7726,1461,1458
T736,rita,rag2026-81,42,7160,1342,1368
T736,rita,rag2026-82,44,7475,1380,1424
T736,rita,rag2026-83,42,8019,1390,1414
T736,rita,rag2026-84,42,7930,1569,1510
T736,rita,rag2026-85,40,8002,1406,1422
T736,rita,rag2026-86,44,8057,1490,1542
T736,rita,rag2026-87,47,8295,1451,1455
T736,rita,rag2026-88,41,8033,1502,1548
T736,rita,rag2026-89,45,8181,1407,1426
T736,rita,rag2026-90,44,7603,1440,1510
T736,rita,rag2026-91,39,6565,1587,1619
T736,rita,rag2026-92,43,7779,1429,1421
T736,rita,rag2026-93,38,6949,1370,1424
T736,rita,rag2026-94,46,8068,1418,1470
T736,rita,rag2026-95,42,7707,1407,1459
T736,rita,rag2026-96,48,7926,1474,1542
T736,rita,rag2026-97,44,7951,1451,1529
T736,rita,rag2026-98,37,6769,1315,1329
T736,rita,rag2026-99,43,7708,1463,1514
T736,rita,rag2026-100,45,8260,1380,1405
T736,rita,rag2026-101,48,7811,1401,1425
T736,rita,rag2026-102,47,7990,1500,1617
T736,rita,rag2026-103,42,7889,1435,1493
T736,rita,rag2026-104,44,7854,1453,1488
T736,rita,rag2026-105,44,7671,1386,1399
T736,rita,rag2026-106,45,7623,1417,1454
T736,rita,rag2026-107,40,7341,1457,1520
T736,rita,rag2026-108,45,8232,1396,1435
T736,rita,rag2026-109,43,8263,1478,1522
T736,rita,rag2026-110,46,7556,1576,1668
T736,rita,rag2026-111,38,7522,1578,1704
T736,rita,rag2026-112,47,8506,1628,1676
T736,rita,rag2026-113,40,7393,1374,1401
T736,rita,rag2026-114,52,8305,1419,1451
T736,rita,rag2026-115,41,7147,1736,1779
T736,rita,rag2026-116,47,8178,1415,1464
T736,rita,rag2026-117,41,7650,1384,1403
T736,rita,rag2026-118,45,8095,1491,1547
T047,ryan,rag2026-0,28,5843,995,1004
T047,ryan,rag2026-1,35,6861,1202,1216
T047,ryan,rag2026-10,33,6761,1264,1283
T047,ryan,rag2026-100,31,7295,1179,1204
T047,ryan,rag2026-101,29,5142,945,967
T047,ryan,rag2026-102,33,6642,1213,1241
T047,ryan,rag2026-103,33,7304,1214,1222
T047,ryan,rag2026-104,30,6737,1179,1202
T047,ryan,rag2026-105,34,6839,1237,1240
T047,ryan,rag2026-106,35,6619,1182,1195
T047,ryan,rag2026-107,32,6093,1200,1239
T047,ryan,rag2026-108,30,6806,1192,1211
T047,ryan,rag2026-109,32,7518,1285,1298
T047,ryan,rag2026-11,34,7169,1263,1307
T047,ryan,rag2026-110,30,6679,1321,1355
T047,ryan,rag2026-111,34,7062,1291,1426
T047,ryan,rag2026-112,36,7155,1222,1231
T047,ryan,rag2026-113,26,4846,876,880
T047,ryan,rag2026-114,31,6551,1161,1181
T047,ryan,rag2026-115,32,6108,1145,1173
T047,ryan,rag2026-116,31,6556,1284,1367
T047,ryan,rag2026-117,33,7321,1200,1218
T047,ryan,rag2026-118,28,6838,1163,1176
T047,ryan,rag2026-12,35,6519,1216,1256
T047,ryan,rag2026-13,34,6543,1189,1213
T047,ryan,rag2026-14,31,6592,1099,1123
T047,ryan,rag2026-15,14,3142,546,567
T047,ryan,rag2026-16,34,7403,1219,1277
T047,ryan,rag2026-17,17,3806,698,705
T047,ryan,rag2026-18,19,3884,631,636
T047,ryan,rag2026-19,15,3419,632,662
T047,ryan,rag2026-2,29,6199,1099,1119
T047,ryan,rag2026-20,34,7192,1202,1219
T047,ryan,rag2026-21,27,4435,860,872
T047,ryan,rag2026-22,27,4980,842,856
T047,ryan,rag2026-23,31,7646,1242,1257
T047,ryan,rag2026-24,34,6076,1372,1423
T047,ryan,rag2026-25,27,5461,1114,1189
T047,ryan,rag2026-26,29,6912,1175,1194
T047,ryan,rag2026-27,29,6516,1327,1351
T047,ryan,rag2026-28,33,6884,1305,1324
T047,ryan,rag2026-29,31,6610,1172,1214
T047,ryan,rag2026-3,34,6570,1259,1346
T047,ryan,rag2026-30,31,7260,1151,1162
T047,ryan,rag2026-31,37,7215,1321,1340
T047,ryan,rag2026-32,34,6699,1223,1265
T047,ryan,rag2026-33,34,6906,1312,1326
T047,ryan,rag2026-34,27,5716,1003,1014
T047,ryan,rag2026-35,29,6757,1157,1181
T047,ryan,rag2026-36,22,4318,824,833
T047,ryan,rag2026-37,34,6709,1218,1233
T047,ryan,rag2026-38,35,6838,1257,1295
T047,ryan,rag2026-39,13,2858,470,475
T047,ryan,rag2026-4,27,4989,876,919
T047,ryan,rag2026-40,23,5952,888,891
T047,ryan,rag2026-41,8,1578,259,268
T047,ryan,rag2026-42,33,7077,1246,1286
T047,ryan,rag2026-43,29,6887,1138,1142
T047,ryan,rag2026-44,35,7430,1415,1449
T047,ryan,rag2026-45,22,4519,844,860
T047,ryan,rag2026-46,35,7328,1217,1226
T047,ryan,rag2026-47,32,7218,1187,1190
T047,ryan,rag2026-48,32,6883,1226,1230
T047,ryan,rag2026-49,37,6608,1214,1249
T047,ryan,rag2026-5,26,5273,1015,1060
T047,ryan,rag2026-50,32,6958,1272,1286
T047,ryan,rag2026-51,34,6764,1157,1173
T047,ryan,rag2026-52,31,6650,1289,1325
T047,ryan,rag2026-53,26,4554,835,847
T047,ryan,rag2026-54,24,4757,853,877
T047,ryan,rag2026-55,31,7375,1273,1304
T047,ryan,rag2026-56,36,6604,1222,1269
T047,ryan,rag2026-57,34,6846,1213,1240
T047,ryan,rag2026-58,25,4215,854,852
T047,ryan,rag2026-59,24,5294,842,853
T047,ryan,rag2026-6,34,7096,1258,1323
T047,ryan,rag2026-60,36,7070,1440,1512
T047,ryan,rag2026-61,36,6811,1185,1211
T047,ryan,rag2026-62,20,4574,802,813
T047,ryan,rag2026-63,38,6958,1205,1207
T047,ryan,rag2026-64,33,7333,1194,1208
T047,ryan,rag2026-65,30,6811,1192,1206
T047,ryan,rag2026-66,33,7155,1330,1351
T047,ryan,rag2026-67,21,3948,723,764
T047,ryan,rag2026-68,29,6775,1168,1182
T047,ryan,rag2026-69,19,3900,667,676
T047,ryan,rag2026-7,25,5825,969,987
T047,ryan,rag2026-70,29,6409,1170,1174
T047,ryan,rag2026-71,32,6570,1162,1167
T047,ryan,rag2026-72,32,7275,1319,1332
T047,ryan,rag2026-73,30,6939,1208,1234
T047,ryan,rag2026-74,26,4300,846,870
T047,ryan,rag2026-75,32,6995,1223,1262
T047,ryan,rag2026-76,28,5059,1014,1068
T047,ryan,rag2026-77,25,5199,871,884
T047,ryan,rag2026-78,27,6034,985,991
T047,ryan,rag2026-79,12,2606,443,447
T047,ryan,rag2026-8,30,6607,1219,1270
T047,ryan,rag2026-80,21,4322,861,870
T047,ryan,rag2026-81,31,6232,1184,1227
T047,ryan,rag2026-82,7,1593,267,267
T047,ryan,rag2026-83,31,6394,1217,1252
T047,ryan,rag2026-84,11,2687,438,435
T047,ryan,rag2026-85,26,5342,933,967
T047,ryan,rag2026-86,30,5732,1032,1048
T047,ryan,rag2026-87,35,6608,1189,1205
T047,ryan,rag2026-88,29,5533,1002,1009
T047,ryan,rag2026-89,31,7048,1228,1253
T047,ryan,rag2026-9,34,6641,1201,1219
T047,ryan,rag2026-90,33,6846,1186,1205
T047,ryan,rag2026-91,10,2372,446,457
T047,ryan,rag2026-92,12,2399,434,442
T047,ryan,rag2026-93,33,5757,1075,1095
T047,ryan,rag2026-94,29,6462,1223,1260
T047,ryan,rag2026-95,30,7058,1215,1239
T047,ryan,rag2026-96,27,5372,931,959
T047,ryan,rag2026-97,35,7008,1288,1321
T047,ryan,rag2026-98,35,6907,1205,1209
T047,ryan,rag2026-99,32,7122,1283,1326
T569,sara,rag2026-0,5,4970,836,859
T569,sara,rag2026-1,9,4474,773,790
T569,sara,rag2026-2,50,6061,1161,1227
T569,sara,rag2026-3,38,6399,1273,1389
T569,sara,rag2026-4,26,5144,964,1006
T569,sara,rag2026-5,6,3635,693,727
T569,sara,rag2026-6,61,6590,1313,1446
T569,sara,rag2026-7,30,4532,781,789
T569,sara,rag2026-8,12,4602,827,846
T569,sara,rag2026-9,34,4924,974,1014
T569,sara,rag2026-10,10,4524,897,952
T569,sara,rag2026-11,7,6520,1192,1255
T569,sara,rag2026-12,13,5795,1202,1284
T569,sara,rag2026-13,23,5338,986,1032
T569,sara,rag2026-14,10,5712,945,970
T569,sara,rag2026-15,46,6679,1170,1201
T569,sara,rag2026-16,7,5056,857,886
T569,sara,rag2026-17,11,6603,1129,1148
T569,sara,rag2026-18,3,4235,854,892
T569,sara,rag2026-19,9,5420,976,1015
T569,sara,rag2026-20,19,4516,822,843
T569,sara,rag2026-21,8,4702,899,947
T569,sara,rag2026-22,9,5437,993,1008
T569,sara,rag2026-23,11,5306,908,917
T569,sara,rag2026-24,48,5884,1186,1249
T569,sara,rag2026-25,18,3231,565,571
T569,sara,rag2026-26,9,7115,1223,1258
T569,sara,rag2026-27,51,6152,1319,1385
T569,sara,rag2026-28,17,2485,484,506
T569,sara,rag2026-29,9,5625,1007,1059
T569,sara,rag2026-30,33,5773,1091,1134
T569,sara,rag2026-31,34,5954,1088,1092
T569,sara,rag2026-32,9,4975,920,966
T569,sara,rag2026-33,40,6166,1081,1113
T569,sara,rag2026-34,9,5237,975,1032
T569,sara,rag2026-35,18,5286,971,1011
T569,sara,rag2026-36,10,2822,577,621
T569,sara,rag2026-37,7,4590,879,932
T569,sara,rag2026-38,7,4918,815,829
T569,sara,rag2026-39,11,6411,1038,1053
T569,sara,rag2026-40,11,7176,1171,1196
T569,sara,rag2026-41,8,5029,879,903
T569,sara,rag2026-42,13,5302,991,1064
T569,sara,rag2026-43,6,4998,823,827
T569,sara,rag2026-44,38,6148,1102,1115
T569,sara,rag2026-45,23,7135,1218,1239
T569,sara,rag2026-46,7,5736,1066,1099
T569,sara,rag2026-47,5,5287,842,852
T569,sara,rag2026-48,10,5588,971,1010
T569,sara,rag2026-49,6,6509,1112,1149
T569,sara,rag2026-50,5,4814,913,937
T569,sara,rag2026-51,9,4054,731,759
T569,sara,rag2026-52,31,5343,1158,1246
T569,sara,rag2026-53,10,5087,1038,1121
T569,sara,rag2026-54,19,6318,1209,1270
T569,sara,rag2026-55,30,5174,872,883
T569,sara,rag2026-56,3,2235,390,392
T569,sara,rag2026-57,15,5208,1024,1099
T569,sara,rag2026-58,7,5876,1160,1152
T569,sara,rag2026-59,6,5111,956,1013
T569,sara,rag2026-60,14,6654,1322,1418
T569,sara,rag2026-61,33,5706,1094,1148
T569,sara,rag2026-62,9,5996,1150,1140
T569,sara,rag2026-63,53,5928,1242,1250
T569,sara,rag2026-64,11,5750,1034,1082
T569,sara,rag2026-65,1,166,24,24
T569,sara,rag2026-66,12,5736,1142,1204
T569,sara,rag2026-67,5,5471,1000,1030
T569,sara,rag2026-68,18,6003,1019,1039
T569,sara,rag2026-69,50,7082,1249,1298
T569,sara,rag2026-70,9,6668,1269,1306
T569,sara,rag2026-71,8,6352,1112,1126
T569,sara,rag2026-72,16,5285,1187,1205
T569,sara,rag2026-73,1,5241,934,970
T569,sara,rag2026-74,7,6083,1114,1141
T569,sara,rag2026-75,5,4965,898,935
T569,sara,rag2026-76,13,4736,935,990
T569,sara,rag2026-77,29,6750,1271,1359
T569,sara,rag2026-78,17,4987,1002,1067
T569,sara,rag2026-79,8,7063,1342,1390
T569,sara,rag2026-80,33,5889,1104,1107
T569,sara,rag2026-81,11,3726,742,772
T569,sara,rag2026-82,9,6384,1201,1261
T569,sara,rag2026-83,51,5831,1072,1100
T569,sara,rag2026-84,31,5531,1030,1007
T569,sara,rag2026-85,10,5097,873,893
T569,sara,rag2026-86,6,5461,972,1009
T569,sara,rag2026-87,11,6360,1144,1171
T569,sara,rag2026-88,22,5282,924,949
T569,sara,rag2026-89,35,6825,1165,1187
T569,sara,rag2026-90,11,6219,1253,1349
T569,sara,rag2026-91,21,3808,1017,1038
T569,sara,rag2026-92,7,4887,816,813
T569,sara,rag2026-93,9,4188,782,803
T569,sara,rag2026-94,9,4252,718,735
T569,sara,rag2026-95,9,6018,1084,1136
T569,sara,rag2026-96,17,6568,1225,1297
T569,sara,rag2026-97,21,4157,773,819
T569,sara,rag2026-98,6,4141,841,845
T569,sara,rag2026-99,8,6570,1220,1273
T569,sara,rag2026-100,5,4801,845,860
T569,sara,rag2026-101,21,7132,1185,1243
T569,sara,rag2026-102,20,6495,1192,1299
T569,sara,rag2026-103,1,235,43,42
T569,sara,rag2026-104,9,6276,1254,1339
T569,sara,rag2026-105,9,7164,1216,1243
T569,sara,rag2026-106,5,6001,1079,1086
T569,sara,rag2026-107,13,3226,640,663
T569,sara,rag2026-108,9,5686,1029,1106
T569,sara,rag2026-109,8,5668,921,934
T569,sara,rag2026-110,11,5285,1082,1152
T569,sara,rag2026-111,48,6682,1301,1402
T569,sara,rag2026-112,33,5703,1023,1050
T569,sara,rag2026-113,7,5275,927,935
T569,sara,rag2026-114,22,6055,1034,1056
T569,sara,rag2026-115,14,3683,858,913
T569,sara,rag2026-116,8,5115,992,1071
T569,sara,rag2026-117,32,5673,1060,1088
T569,sara,rag2026-118,16,5714,1035,1088
T267,saul,rag2026-0,23,5225,837,840
T267,saul,rag2026-1,17,3890,686,695
T267,saul,rag2026-2,22,5914,967,978
T267,saul,rag2026-3,27,5160,916,951
T267,saul,rag2026-4,17,3610,639,643
T267,saul,rag2026-5,22,4607,833,843
T267,saul,rag2026-6,33,7837,1292,1342
T267,saul,rag2026-7,19,4589,792,798
T267,saul,rag2026-8,20,4348,730,742
T267,saul,rag2026-9,21,4694,842,868
T267,saul,rag2026-10,28,6359,1120,1152
T267,saul,rag2026-11,22,5290,847,867
T267,saul,rag2026-12,30,6800,1293,1352
T267,saul,rag2026-13,22,4635,809,823
T267,saul,rag2026-14,20,5243,847,862
T267,saul,rag2026-15,22,4837,804,808
T267,saul,rag2026-16,25,5286,929,952
T267,saul,rag2026-17,18,5172,899,910
T267,saul,rag2026-18,18,3942,729,740
T267,saul,rag2026-19,22,5590,974,1003
T267,saul,rag2026-20,22,4988,872,878
T267,saul,rag2026-21,18,3517,661,678
T267,saul,rag2026-22,20,4566,716,719
T267,saul,rag2026-23,22,5276,859,866
T267,saul,rag2026-24,19,4633,806,814
T267,saul,rag2026-25,15,3357,560,571
T267,saul,rag2026-26,30,7349,1171,1186
T267,saul,rag2026-27,24,5573,1161,1190
T267,saul,rag2026-28,44,7587,1361,1376
T267,saul,rag2026-29,25,5516,961,988
T267,saul,rag2026-30,25,6088,1079,1090
T267,saul,rag2026-31,16,3717,650,651
T267,saul,rag2026-32,22,4711,812,834
T267,saul,rag2026-33,21,4883,822,823
T267,saul,rag2026-34,20,4664,811,836
T267,saul,rag2026-35,18,5278,939,962
T267,saul,rag2026-36,20,6224,1106,1103
T267,saul,rag2026-37,20,4688,856,874
T267,saul,rag2026-38,32,7476,1249,1271
T267,saul,rag2026-39,25,5038,818,833
T267,saul,rag2026-40,19,4448,741,748
T267,saul,rag2026-41,19,3876,696,703
T267,saul,rag2026-42,22,5122,923,960
T267,saul,rag2026-43,18,4509,750,751
T267,saul,rag2026-44,20,4981,895,898
T267,saul,rag2026-45,17,4348,759,774
T267,saul,rag2026-46,19,4125,734,735
T267,saul,rag2026-47,23,4921,808,811
T267,saul,rag2026-48,18,4180,702,704
T267,saul,rag2026-49,33,7020,1202,1243
T267,saul,rag2026-50,21,4119,716,731
T267,saul,rag2026-51,24,4649,820,836
T267,saul,rag2026-52,31,5657,1080,1120
T267,saul,rag2026-53,26,5548,1036,1070
T267,saul,rag2026-54,22,5299,912,927
T267,saul,rag2026-55,20,4583,750,757
T267,saul,rag2026-56,24,5961,1084,1137
T267,saul,rag2026-57,30,6389,1088,1119
T267,saul,rag2026-58,18,2883,601,601
T267,saul,rag2026-59,20,4234,730,739
T267,saul,rag2026-60,30,6071,1078,1138
T267,saul,rag2026-61,20,4088,712,729
T267,saul,rag2026-62,40,6291,1165,1169
T267,saul,rag2026-63,31,5621,1062,1059
T267,saul,rag2026-64,21,4959,819,839
T267,saul,rag2026-65,30,6623,1129,1144
T267,saul,rag2026-66,23,5129,882,897
T267,saul,rag2026-67,17,4337,742,759
T267,saul,rag2026-68,17,4318,705,716
T267,saul,rag2026-69,26,6967,1078,1086
T267,saul,rag2026-70,21,4816,845,855
T267,saul,rag2026-71,22,4881,830,832
T267,saul,rag2026-72,33,6143,1177,1188
T267,saul,rag2026-73,21,4908,842,851
T267,saul,rag2026-74,18,4351,751,763
T267,saul,rag2026-75,16,4049,680,684
T267,saul,rag2026-76,17,3631,649,664
T267,saul,rag2026-77,37,7470,1201,1237
T267,saul,rag2026-78,22,4946,884,904
T267,saul,rag2026-79,20,3945,678,688
T267,saul,rag2026-80,18,4170,750,747
T267,saul,rag2026-81,16,3614,649,665
T267,saul,rag2026-82,21,4856,827,829
T267,saul,rag2026-83,25,5239,880,877
T267,saul,rag2026-84,20,4155,726,714
T267,saul,rag2026-85,26,5755,954,962
T267,saul,rag2026-86,30,6499,1127,1158
T267,saul,rag2026-87,26,5774,982,975
T267,saul,rag2026-88,24,5564,962,976
T267,saul,rag2026-89,23,5242,873,873
T267,saul,rag2026-90,18,4653,807,823
T267,saul,rag2026-91,26,3674,812,818
T267,saul,rag2026-92,31,5066,858,849
T267,saul,rag2026-93,19,3970,746,763
T267,saul,rag2026-94,16,3733,612,624
T267,saul,rag2026-95,18,5524,952,977
T267,saul,rag2026-96,21,5007,853,864
T267,saul,rag2026-97,26,6135,995,1010
T267,saul,rag2026-98,20,3540,605,606
T267,saul,rag2026-99,25,5799,999,1010
T267,saul,rag2026-100,23,5267,881,879
T267,saul,rag2026-101,18,4340,743,759
T267,saul,rag2026-102,33,7329,1281,1336
T267,saul,rag2026-103,18,4700,796,804
T267,saul,rag2026-104,20,4534,829,851
T267,saul,rag2026-105,21,4255,752,752
T267,saul,rag2026-106,17,4597,804,815
T267,saul,rag2026-107,10,2118,370,378
T267,saul,rag2026-108,22,5146,847,858
T267,saul,rag2026-109,25,6206,1069,1093
T267,saul,rag2026-110,17,4055,792,827
T267,saul,rag2026-111,18,3822,695,736
T267,saul,rag2026-112,21,5141,922,935
T267,saul,rag2026-113,23,4951,847,851
T267,saul,rag2026-114,22,4873,835,843
T267,saul,rag2026-115,32,4803,959,983
T267,saul,rag2026-116,20,5227,870,892
T267,saul,rag2026-117,17,3695,657,669
T267,saul,rag2026-118,27,6348,1110,1141
T149,sid,rag2026-0,36,7035,1107,1111
T149,sid,rag2026-1,31,4780,839,848
T149,sid,rag2026-2,34,6338,1035,1057
T149,sid,rag2026-3,30,5143,906,944
T149,sid,rag2026-4,39,5382,874,892
T149,sid,rag2026-5,34,5269,928,956
T149,sid,rag2026-6,43,7577,1309,1366
T149,sid,rag2026-7,42,6988,1133,1140
T149,sid,rag2026-8,43,6896,1173,1196
T149,sid,rag2026-9,42,6494,1175,1204
T149,sid,rag2026-10,42,5692,1018,1057
T149,sid,rag2026-11,34,6557,1088,1124
T149,sid,rag2026-12,37,6854,1241,1315
T149,sid,rag2026-13,36,6612,1128,1148
T149,sid,rag2026-14,43,7186,1183,1200
T149,sid,rag2026-15,38,6596,1111,1133
T149,sid,rag2026-16,40,6330,1086,1115
T149,sid,rag2026-17,45,6526,1081,1100
T149,sid,rag2026-18,38,5452,943,956
T149,sid,rag2026-19,36,6997,1214,1261
T149,sid,rag2026-20,33,4836,829,838
T149,sid,rag2026-21,37,5285,948,967
T149,sid,rag2026-22,33,7280,1158,1157
T149,sid,rag2026-23,34,6358,1118,1144
T149,sid,rag2026-24,38,6068,1067,1082
T149,sid,rag2026-25,25,5081,876,880
T149,sid,rag2026-26,43,7619,1250,1257
T149,sid,rag2026-27,47,7867,1509,1558
T149,sid,rag2026-28,28,6230,1037,1044
T149,sid,rag2026-29,43,6961,1165,1195
T149,sid,rag2026-30,39,6972,1202,1211
T149,sid,rag2026-31,37,6825,1180,1179
T149,sid,rag2026-32,41,7222,1176,1195
T149,sid,rag2026-33,41,5412,901,903
T149,sid,rag2026-34,36,6119,1027,1051
T149,sid,rag2026-35,45,7457,1276,1322
T149,sid,rag2026-36,36,5870,1061,1079
T149,sid,rag2026-37,42,6624,1079,1087
T149,sid,rag2026-38,38,5686,955,972
T149,sid,rag2026-39,38,6209,987,995
T149,sid,rag2026-40,39,6661,1094,1102
T149,sid,rag2026-41,37,5412,944,961
T149,sid,rag2026-42,25,5751,946,958
T149,sid,rag2026-43,33,6538,1060,1067
T149,sid,rag2026-44,35,5298,875,880
T149,sid,rag2026-45,40,6294,1012,1015
T149,sid,rag2026-46,39,6330,1037,1041
T149,sid,rag2026-47,34,5541,873,876
T149,sid,rag2026-48,30,4951,779,787
T149,sid,rag2026-49,42,7650,1237,1260
T149,sid,rag2026-50,38,7490,1279,1292
T149,sid,rag2026-51,30,5354,907,918
T149,sid,rag2026-52,49,5873,1064,1087
T149,sid,rag2026-53,34,5459,947,950
T149,sid,rag2026-54,43,6818,1117,1131
T149,sid,rag2026-55,38,6912,1104,1122
T149,sid,rag2026-56,41,6965,1206,1250
T149,sid,rag2026-57,45,7417,1230,1237
T149,sid,rag2026-58,28,3327,649,652
T149,sid,rag2026-59,41,6039,988,1005
T149,sid,rag2026-60,45,6448,1150,1199
T149,sid,rag2026-61,42,6095,1036,1054
T149,sid,rag2026-62,37,6171,1093,1096
T149,sid,rag2026-63,46,6025,1038,1036
T149,sid,rag2026-64,47,7083,1139,1155
T149,sid,rag2026-65,40,6232,1072,1076
T149,sid,rag2026-66,39,6649,1153,1180
T149,sid,rag2026-67,41,6306,1037,1047
T149,sid,rag2026-68,29,5949,935,947
T149,sid,rag2026-69,38,5931,949,973
T149,sid,rag2026-70,44,6100,1039,1046
T149,sid,rag2026-71,41,6644,1118,1120
T149,sid,rag2026-72,44,7234,1328,1356
T149,sid,rag2026-73,29,6178,1007,1014
T149,sid,rag2026-74,28,6506,1160,1186
T149,sid,rag2026-75,37,5977,960,980
T149,sid,rag2026-76,34,5573,942,952
T149,sid,rag2026-77,35,7609,1235,1254
T149,sid,rag2026-78,37,6798,1128,1142
T149,sid,rag2026-79,41,6411,1040,1048
T149,sid,rag2026-80,35,6681,1203,1210
T149,sid,rag2026-81,41,6010,1103,1122
T149,sid,rag2026-82,42,7321,1228,1244
T149,sid,rag2026-83,49,7393,1250,1263
T149,sid,rag2026-84,36,5408,910,883
T149,sid,rag2026-85,45,7411,1193,1203
T149,sid,rag2026-86,33,5983,1009,1043
T149,sid,rag2026-87,34,6843,1169,1167
T149,sid,rag2026-88,40,6417,1044,1050
T149,sid,rag2026-89,39,7564,1231,1247
T149,sid,rag2026-90,37,6808,1141,1185
T149,sid,rag2026-91,10,3625,875,845
T149,sid,rag2026-92,47,5794,982,967
T149,sid,rag2026-93,31,4393,771,783
T149,sid,rag2026-94,35,5410,878,884
T149,sid,rag2026-95,28,6432,1057,1077
T149,sid,rag2026-96,40,6028,992,1009
T149,sid,rag2026-97,36,7285,1231,1251
T149,sid,rag2026-98,43,4543,760,762
T149,sid,rag2026-99,36,6763,1143,1161
T149,sid,rag2026-100,61,7719,1202,1213
T149,sid,rag2026-101,35,6157,1020,1032
T149,sid,rag2026-102,45,5912,1111,1214
T149,sid,rag2026-103,41,6910,1149,1180
T149,sid,rag2026-104,42,6696,1144,1155
T149,sid,rag2026-105,36,6012,1012,1011
T149,sid,rag2026-106,41,6815,1143,1159
T149,sid,rag2026-107,31,5014,885,930
T149,sid,rag2026-108,40,7306,1206,1257
T149,sid,rag2026-109,58,7601,1219,1237
T149,sid,rag2026-110,35,5927,1057,1085
T149,sid,rag2026-111,47,6763,1273,1358
T149,sid,rag2026-112,44,5451,917,929
T149,sid,rag2026-113,34,6300,1080,1083
T149,sid,rag2026-114,37,5938,996,1013
T149,sid,rag2026-115,45,6680,1273,1298
T149,sid,rag2026-116,39,6645,1117,1135
T149,sid,rag2026-117,47,5701,966,981
T149,sid,rag2026-118,40,7550,1237,1250
T578,sofia,rag2026-0,44,7365,1190,1220
T578,sofia,rag2026-1,56,6272,1139,1158
T578,sofia,rag2026-2,51,6961,1142,1170
T578,sofia,rag2026-3,45,6488,1170,1209
T578,sofia,rag2026-4,44,6089,1050,1072
T578,sofia,rag2026-5,42,5886,1066,1096
T578,sofia,rag2026-6,51,7629,1272,1335
T578,sofia,rag2026-7,45,6787,1096,1105
T578,sofia,rag2026-8,49,6552,1171,1212
T578,sofia,rag2026-9,52,6245,1177,1244
T578,sofia,rag2026-10,54,6519,1220,1274
T578,sofia,rag2026-11,58,7785,1298,1348
T578,sofia,rag2026-12,40,6241,1204,1268
T578,sofia,rag2026-13,37,5473,909,921
T578,sofia,rag2026-14,51,6255,1052,1076
T578,sofia,rag2026-15,45,6547,1070,1092
T578,sofia,rag2026-16,46,5918,979,1007
T578,sofia,rag2026-17,45,6661,1132,1145
T578,sofia,rag2026-18,59,7092,1243,1266
T578,sofia,rag2026-19,47,6490,1164,1218
T578,sofia,rag2026-20,54,5718,996,1014
T578,sofia,rag2026-21,71,6779,1292,1352
T578,sofia,rag2026-22,56,7468,1235,1254
T578,sofia,rag2026-23,54,7383,1233,1264
T578,sofia,rag2026-24,61,7240,1442,1502
T578,sofia,rag2026-25,40,6144,1117,1123
T578,sofia,rag2026-26,41,6513,1104,1126
T578,sofia,rag2026-27,60,7039,1539,1589
T578,sofia,rag2026-28,47,7817,1371,1397
T578,sofia,rag2026-29,53,6963,1303,1377
T578,sofia,rag2026-30,60,6982,1149,1162
T578,sofia,rag2026-31,46,5864,1074,1074
T578,sofia,rag2026-32,50,6928,1189,1222
T578,sofia,rag2026-33,55,7112,1196,1215
T578,sofia,rag2026-34,48,6803,1273,1329
T578,sofia,rag2026-35,56,7240,1229,1290
T578,sofia,rag2026-36,43,6143,1011,1009
T578,sofia,rag2026-37,54,7041,1241,1276
T578,sofia,rag2026-38,55,7276,1232,1279
T578,sofia,rag2026-39,45,6094,1030,1061
T578,sofia,rag2026-40,49,6682,1097,1117
T578,sofia,rag2026-41,46,5328,939,949
T578,sofia,rag2026-42,47,7419,1289,1357
T578,sofia,rag2026-43,40,6515,1093,1105
T578,sofia,rag2026-44,66,7689,1316,1326
T578,sofia,rag2026-45,48,6611,1173,1196
T578,sofia,rag2026-46,55,6698,1141,1157
T578,sofia,rag2026-47,46,7442,1208,1209
T578,sofia,rag2026-48,48,7601,1284,1314
T578,sofia,rag2026-49,56,7429,1316,1359
T578,sofia,rag2026-50,50,6189,1144,1192
T578,sofia,rag2026-51,47,6845,1190,1214
T578,sofia,rag2026-52,53,6799,1248,1297
T578,sofia,rag2026-53,51,5975,1055,1083
T578,sofia,rag2026-54,45,6605,1076,1097
T578,sofia,rag2026-55,43,6915,1110,1133
T578,sofia,rag2026-56,63,7286,1326,1384
T578,sofia,rag2026-57,58,6343,1090,1121
T578,sofia,rag2026-58,64,6712,1264,1261
T578,sofia,rag2026-59,57,7106,1298,1363
T578,sofia,rag2026-60,61,6627,1274,1339
T578,sofia,rag2026-61,55,6364,1080,1128
T578,sofia,rag2026-62,49,6093,1091,1108
T578,sofia,rag2026-63,81,7056,1250,1255
T578,sofia,rag2026-64,52,6938,1198,1241
T578,sofia,rag2026-65,56,7309,1236,1270
T578,sofia,rag2026-66,60,7250,1249,1285
T578,sofia,rag2026-67,58,6665,1254,1315
T578,sofia,rag2026-68,59,7770,1275,1280
T578,sofia,rag2026-69,49,8055,1271,1293
T578,sofia,rag2026-70,46,5664,1003,988
T578,sofia,rag2026-71,64,6613,1135,1145
T578,sofia,rag2026-72,52,6717,1238,1273
T578,sofia,rag2026-73,49,6578,1144,1178
T578,sofia,rag2026-74,49,7028,1264,1300
T578,sofia,rag2026-75,51,7085,1159,1186
T578,sofia,rag2026-76,68,6973,1314,1353
T578,sofia,rag2026-77,55,7417,1226,1249
T578,sofia,rag2026-78,45,5890,1055,1069
T578,sofia,rag2026-79,58,7609,1268,1313
T578,sofia,rag2026-80,48,6798,1268,1266
T578,sofia,rag2026-81,61,6788,1234,1265
T578,sofia,rag2026-82,37,5343,912,937
T578,sofia,rag2026-83,48,7231,1247,1285
T578,sofia,rag2026-84,70,7086,1270,1244
T578,sofia,rag2026-85,53,7357,1276,1301
T578,sofia,rag2026-86,66,7005,1292,1349
T578,sofia,rag2026-87,62,7849,1355,1375
T578,sofia,rag2026-88,49,6251,1099,1132
T578,sofia,rag2026-89,44,6082,1047,1082
T578,sofia,rag2026-90,49,7011,1206,1233
T578,sofia,rag2026-91,50,6960,1248,1257
T578,sofia,rag2026-92,67,7038,1179,1152
T578,sofia,rag2026-93,55,6565,1180,1221
T578,sofia,rag2026-94,53,7107,1230,1272
T578,sofia,rag2026-95,48,7522,1335,1399
T578,sofia,rag2026-96,58,7610,1374,1455
T578,sofia,rag2026-97,54,7503,1316,1362
T578,sofia,rag2026-98,56,6159,1076,1090
T578,sofia,rag2026-99,51,7500,1298,1343
T578,sofia,rag2026-100,47,6907,1162,1180
T578,sofia,rag2026-101,75,7401,1303,1359
T578,sofia,rag2026-102,44,6493,1177,1246
T578,sofia,rag2026-103,57,7155,1297,1361
T578,sofia,rag2026-104,55,6980,1220,1248
T578,sofia,rag2026-105,59,6787,1174,1198
T578,sofia,rag2026-106,81,7384,1322,1344
T578,sofia,rag2026-107,59,7183,1350,1434
T578,sofia,rag2026-108,57,7484,1278,1330
T578,sofia,rag2026-109,45,6147,1055,1083
T578,sofia,rag2026-110,42,5883,1143,1200
T578,sofia,rag2026-111,51,6180,1160,1268
T578,sofia,rag2026-112,41,5468,967,980
T578,sofia,rag2026-113,51,6185,1134,1140
T578,sofia,rag2026-114,55,7407,1249,1266
T578,sofia,rag2026-115,54,5274,1052,1083
T578,sofia,rag2026-116,51,7317,1361,1427
T578,sofia,rag2026-117,54,6495,1131,1149
T578,sofia,rag2026-118,60,7521,1283,1340
T410,sonia,rag2026-0,25,6528,1048,1055
T410,sonia,rag2026-1,18,4848,853,869
T410,sonia,rag2026-2,30,6774,1164,1195
T410,sonia,rag2026-3,25,4813,844,870
T410,sonia,rag2026-4,19,4122,728,736
T410,sonia,rag2026-5,20,5234,935,954
T410,sonia,rag2026-6,23,6715,1117,1164
T410,sonia,rag2026-7,18,5435,889,889
T410,sonia,rag2026-8,17,4675,785,800
T410,sonia,rag2026-9,20,4276,793,818
T410,sonia,rag2026-10,25,5680,1047,1093
T410,sonia,rag2026-11,16,5030,832,860
T410,sonia,rag2026-12,33,6986,1313,1366
T410,sonia,rag2026-13,21,5376,889,903
T410,sonia,rag2026-14,18,4865,787,798
T410,sonia,rag2026-15,18,5196,846,851
T410,sonia,rag2026-16,22,5079,819,826
T410,sonia,rag2026-17,17,4482,755,770
T410,sonia,rag2026-18,18,4330,802,814
T410,sonia,rag2026-19,19,5528,1001,1057
T410,sonia,rag2026-20,20,4331,776,784
T410,sonia,rag2026-21,15,3328,642,670
T410,sonia,rag2026-22,21,4812,763,766
T410,sonia,rag2026-23,22,5349,874,874
T410,sonia,rag2026-24,15,4216,751,770
T410,sonia,rag2026-25,11,2972,506,496
T410,sonia,rag2026-26,21,5672,910,926
T410,sonia,rag2026-27,25,6105,1259,1290
T410,sonia,rag2026-28,32,7498,1360,1367
T410,sonia,rag2026-29,17,4816,844,872
T410,sonia,rag2026-30,24,5517,1004,1019
T410,sonia,rag2026-31,17,4269,759,759
T410,sonia,rag2026-32,22,5262,912,933
T410,sonia,rag2026-33,27,5456,915,922
T410,sonia,rag2026-34,17,4382,773,788
T410,sonia,rag2026-35,20,5019,901,947
T410,sonia,rag2026-36,17,6093,1031,1040
T410,sonia,rag2026-37,16,4825,842,865
T410,sonia,rag2026-38,31,6960,1171,1188
T410,sonia,rag2026-39,21,4994,810,821
T410,sonia,rag2026-40,26,6225,1021,1027
T410,sonia,rag2026-41,18,4114,741,746
T410,sonia,rag2026-42,17,4953,879,912
T410,sonia,rag2026-43,24,5494,870,869
T410,sonia,rag2026-44,24,5652,985,989
T410,sonia,rag2026-45,20,4577,782,796
T410,sonia,rag2026-46,18,4528,799,797
T410,sonia,rag2026-47,17,4837,776,779
T410,sonia,rag2026-48,18,4300,728,737
T410,sonia,rag2026-49,22,6099,1045,1069
T410,sonia,rag2026-50,16,3929,680,694
T410,sonia,rag2026-51,21,4796,837,845
T410,sonia,rag2026-52,24,4971,939,967
T410,sonia,rag2026-53,18,4670,831,842
T410,sonia,rag2026-54,18,4637,759,769
T410,sonia,rag2026-55,21,5588,903,906
T410,sonia,rag2026-56,24,5989,1054,1095
T410,sonia,rag2026-57,17,4643,776,788
T410,sonia,rag2026-58,17,2796,569,568
T410,sonia,rag2026-59,16,4320,744,763
T410,sonia,rag2026-60,27,5680,980,1017
T410,sonia,rag2026-61,20,4555,790,807
T410,sonia,rag2026-62,27,4807,950,967
T410,sonia,rag2026-63,24,4867,875,869
T410,sonia,rag2026-64,24,5610,931,940
T410,sonia,rag2026-65,17,4751,791,800
T410,sonia,rag2026-66,28,6543,1106,1126
T410,sonia,rag2026-67,19,4766,803,825
T410,sonia,rag2026-68,18,4785,796,806
T410,sonia,rag2026-69,19,5403,871,885
T410,sonia,rag2026-70,20,5009,891,884
T410,sonia,rag2026-71,21,4839,820,822
T410,sonia,rag2026-72,25,5464,1083,1097
T410,sonia,rag2026-73,19,4638,798,810
T410,sonia,rag2026-74,20,5524,976,990
T410,sonia,rag2026-75,19,4550,758,767
T410,sonia,rag2026-76,18,4287,756,786
T410,sonia,rag2026-77,27,6810,1152,1165
T410,sonia,rag2026-78,18,5012,885,888
T410,sonia,rag2026-79,19,4622,747,762
T410,sonia,rag2026-80,17,4341,770,770
T410,sonia,rag2026-81,19,3989,734,759
T410,sonia,rag2026-82,17,4746,780,791
T410,sonia,rag2026-83,26,6383,1044,1049
T410,sonia,rag2026-84,20,4018,670,652
T410,sonia,rag2026-85,17,4614,790,790
T410,sonia,rag2026-86,25,5481,952,973
T410,sonia,rag2026-87,22,5951,1033,1035
T410,sonia,rag2026-88,21,5265,918,943
T410,sonia,rag2026-89,20,5637,948,963
T410,sonia,rag2026-90,22,5466,965,989
T410,sonia,rag2026-91,24,4285,931,934
T410,sonia,rag2026-92,22,3976,670,664
T410,sonia,rag2026-93,16,3765,689,707
T410,sonia,rag2026-94,17,4099,680,685
T410,sonia,rag2026-95,19,5586,940,956
T410,sonia,rag2026-96,16,4091,695,701
T410,sonia,rag2026-97,18,4917,808,826
T410,sonia,rag2026-98,16,3193,551,554
T410,sonia,rag2026-99,22,5325,975,1002
T410,sonia,rag2026-100,25,5753,968,971
T410,sonia,rag2026-101,22,4580,800,814
T410,sonia,rag2026-102,27,6699,1187,1267
T410,sonia,rag2026-103,18,4778,817,836
T410,sonia,rag2026-104,25,5845,1030,1065
T410,sonia,rag2026-105,24,5252,910,910
T410,sonia,rag2026-106,17,4245,755,760
T410,sonia,rag2026-107,12,2857,474,492
T410,sonia,rag2026-108,23,5803,916,921
T410,sonia,rag2026-109,23,6241,1013,1023
T410,sonia,rag2026-110,19,4843,893,922
T410,sonia,rag2026-111,23,5290,990,1061
T410,sonia,rag2026-112,16,4458,771,787
T410,sonia,rag2026-113,18,4124,684,685
T410,sonia,rag2026-114,20,4909,842,850
T410,sonia,rag2026-115,22,4433,858,876
T410,sonia,rag2026-116,18,5188,855,868
T410,sonia,rag2026-117,19,4004,685,688
T410,sonia,rag2026-118,27,6581,1175,1205
T047,steve,rag2026-0,38,6489,1145,1152
T047,steve,rag2026-1,53,6935,1230,1243
T047,steve,rag2026-10,40,6753,1313,1356
T047,steve,rag2026-100,47,7017,1204,1211
T047,steve,rag2026-101,48,6253,1173,1196
T047,steve,rag2026-102,57,6619,1239,1274
T047,steve,rag2026-103,46,6948,1209,1231
T047,steve,rag2026-104,49,7217,1261,1286
T047,steve,rag2026-105,48,6579,1175,1181
T047,steve,rag2026-106,48,6466,1192,1199
T047,steve,rag2026-107,47,6273,1223,1248
T047,steve,rag2026-108,54,6543,1230,1262
T047,steve,rag2026-109,56,7288,1268,1279
T047,steve,rag2026-11,53,6853,1250,1299
T047,steve,rag2026-110,39,6357,1284,1346
T047,steve,rag2026-111,42,6470,1295,1380
T047,steve,rag2026-112,47,7034,1241,1252
T047,steve,rag2026-113,44,6313,1189,1205
T047,steve,rag2026-114,54,6611,1181,1187
T047,steve,rag2026-115,50,6169,1174,1180
T047,steve,rag2026-116,45,6556,1247,1317
T047,steve,rag2026-117,53,7243,1243,1271
T047,steve,rag2026-118,40,6843,1210,1234
T047,steve,rag2026-12,47,6496,1290,1340
T047,steve,rag2026-13,44,6253,1153,1170
T047,steve,rag2026-14,48,6689,1152,1170
T047,steve,rag2026-15,24,4191,764,776
T047,steve,rag2026-16,46,7219,1187,1203
T047,steve,rag2026-17,41,6362,1172,1179
T047,steve,rag2026-18,26,3747,661,665
T047,steve,rag2026-19,31,5407,975,1000
T047,steve,rag2026-2,38,6412,1146,1161
T047,steve,rag2026-20,44,7106,1191,1208
T047,steve,rag2026-21,41,4811,933,957
T047,steve,rag2026-22,42,6499,1114,1122
T047,steve,rag2026-23,36,7141,1199,1217
T047,steve,rag2026-24,44,6082,1232,1269
T047,steve,rag2026-25,41,6240,1206,1224
T047,steve,rag2026-26,45,7156,1240,1280
T047,steve,rag2026-27,40,6956,1401,1421
T047,steve,rag2026-28,49,7050,1312,1323
T047,steve,rag2026-29,47,6474,1198,1250
T047,steve,rag2026-3,41,6302,1232,1291
T047,steve,rag2026-30,47,7027,1201,1224
T047,steve,rag2026-31,50,6836,1223,1227
T047,steve,rag2026-32,64,6652,1267,1321
T047,steve,rag2026-33,42,6696,1198,1200
T047,steve,rag2026-34,44,6229,1128,1148
T047,steve,rag2026-35,40,6858,1195,1220
T047,steve,rag2026-36,38,6265,1141,1145
T047,steve,rag2026-37,46,6263,1203,1224
T047,steve,rag2026-38,53,6467,1153,1177
T047,steve,rag2026-39,28,4934,859,863
T047,steve,rag2026-4,43,6142,1132,1144
T047,steve,rag2026-40,42,6867,1148,1154
T047,steve,rag2026-41,41,6334,1151,1166
T047,steve,rag2026-42,41,6982,1254,1298
T047,steve,rag2026-43,47,7097,1248,1255
T047,steve,rag2026-44,45,7082,1312,1326
T047,steve,rag2026-45,49,6396,1214,1225
T047,steve,rag2026-46,48,6806,1156,1162
T047,steve,rag2026-47,43,7050,1193,1200
T047,steve,rag2026-48,47,6833,1274,1312
T047,steve,rag2026-49,45,6840,1265,1293
T047,steve,rag2026-5,30,4391,814,845
T047,steve,rag2026-50,45,6658,1264,1285
T047,steve,rag2026-51,52,6771,1206,1224
T047,steve,rag2026-52,42,6040,1222,1256
T047,steve,rag2026-53,43,6201,1192,1210
T047,steve,rag2026-54,50,6644,1197,1218
T047,steve,rag2026-55,41,6857,1220,1244
T047,steve,rag2026-56,38,6477,1191,1210
T047,steve,rag2026-57,45,6712,1251,1326
T047,steve,rag2026-58,55,5820,1182,1181
T047,steve,rag2026-59,43,6957,1166,1181
T047,steve,rag2026-6,48,7200,1256,1305
T047,steve,rag2026-60,50,6450,1176,1216
T047,steve,rag2026-61,51,6553,1185,1209
T047,steve,rag2026-62,47,6796,1240,1248
T047,steve,rag2026-63,50,6492,1200,1211
T047,steve,rag2026-64,51,7078,1183,1199
T047,steve,rag2026-65,44,7097,1225,1246
T047,steve,rag2026-66,49,6956,1315,1342
T047,steve,rag2026-67,46,6315,1184,1218
T047,steve,rag2026-68,44,7006,1200,1212
T047,steve,rag2026-69,50,6853,1192,1219
T047,steve,rag2026-7,41,7001,1189,1207
T047,steve,rag2026-70,47,6936,1278,1278
T047,steve,rag2026-71,42,6336,1131,1151
T047,steve,rag2026-72,50,7745,1341,1360
T047,steve,rag2026-73,42,6697,1180,1199
T047,steve,rag2026-74,35,6042,1172,1199
T047,steve,rag2026-75,53,7148,1270,1310
T047,steve,rag2026-76,46,6218,1185,1223
T047,steve,rag2026-77,42,6624,1155,1167
T047,steve,rag2026-78,46,6936,1173,1183
T047,steve,rag2026-79,39,6515,1146,1150
T047,steve,rag2026-8,43,6424,1181,1202
T047,steve,rag2026-80,45,6264,1191,1196
T047,steve,rag2026-81,52,6339,1213,1245
T047,steve,rag2026-82,12,2544,434,434
T047,steve,rag2026-83,35,6498,1235,1251
T047,steve,rag2026-84,35,6541,1141,1137
T047,steve,rag2026-85,41,6585,1227,1264
T047,steve,rag2026-86,50,6586,1168,1184
T047,steve,rag2026-87,47,6629,1229,1257
T047,steve,rag2026-88,44,6617,1238,1246
T047,steve,rag2026-89,48,7043,1213,1250
T047,steve,rag2026-9,48,6664,1244,1271
T047,steve,rag2026-90,48,6852,1186,1203
T047,steve,rag2026-91,47,6119,1201,1221
T047,steve,rag2026-92,42,6283,1147,1161
T047,steve,rag2026-93,52,6682,1226,1259
T047,steve,rag2026-94,43,6524,1207,1228
T047,steve,rag2026-95,51,6974,1221,1250
T047,steve,rag2026-96,47,6862,1234,1285
T047,steve,rag2026-97,50,6639,1259,1314
T047,steve,rag2026-98,51,6805,1228,1240
T047,steve,rag2026-99,44,6451,1167,1208
T047,tania,rag2026-0,44,6376,1233,1261
T047,tania,rag2026-1,56,6254,1184,1197
T047,tania,rag2026-10,52,6622,1253,1298
T047,tania,rag2026-100,49,6854,1213,1230
T047,tania,rag2026-101,55,6193,1197,1232
T047,tania,rag2026-102,44,6419,1207,1279
T047,tania,rag2026-103,47,6979,1252,1274
T047,tania,rag2026-104,44,7163,1252,1287
T047,tania,rag2026-105,46,6303,1131,1148
T047,tania,rag2026-106,43,6318,1240,1263
T047,tania,rag2026-107,37,6012,1164,1198
T047,tania,rag2026-108,45,6983,1257,1316
T047,tania,rag2026-109,45,7013,1229,1252
T047,tania,rag2026-11,45,6885,1276,1326
T047,tania,rag2026-110,45,6465,1307,1373
T047,tania,rag2026-111,39,6355,1333,1454
T047,tania,rag2026-112,44,7038,1246,1258
T047,tania,rag2026-113,48,6196,1166,1170
T047,tania,rag2026-114,42,6691,1235,1257
T047,tania,rag2026-115,40,5942,1210,1217
T047,tania,rag2026-116,49,6421,1145,1165
T047,tania,rag2026-117,52,6835,1224,1250
T047,tania,rag2026-118,40,6853,1200,1231
T047,tania,rag2026-12,55,6236,1312,1390
T047,tania,rag2026-13,44,6683,1189,1203
T047,tania,rag2026-14,52,6906,1200,1223
T047,tania,rag2026-15,46,6618,1226,1251
T047,tania,rag2026-16,46,6886,1201,1222
T047,tania,rag2026-17,40,6262,1141,1143
T047,tania,rag2026-18,28,3451,678,685
T047,tania,rag2026-19,54,6798,1246,1277
T047,tania,rag2026-2,50,6804,1232,1264
T047,tania,rag2026-20,39,6718,1164,1168
T047,tania,rag2026-21,42,5908,1146,1173
T047,tania,rag2026-22,49,6295,1143,1148
T047,tania,rag2026-23,39,6819,1202,1212
T047,tania,rag2026-24,46,6555,1253,1277
T047,tania,rag2026-25,50,6235,1218,1237
T047,tania,rag2026-26,44,6812,1178,1194
T047,tania,rag2026-27,41,7257,1298,1328
T047,tania,rag2026-28,48,6185,1158,1165
T047,tania,rag2026-29,45,6760,1248,1328
T047,tania,rag2026-3,58,6481,1228,1276
T047,tania,rag2026-30,46,6642,1179,1193
T047,tania,rag2026-31,41,6564,1167,1172
T047,tania,rag2026-32,47,6302,1178,1211
T047,tania,rag2026-33,45,6311,1167,1180
T047,tania,rag2026-34,48,6664,1119,1126
T047,tania,rag2026-35,40,6455,1217,1262
T047,tania,rag2026-36,40,6119,1127,1132
T047,tania,rag2026-37,48,6479,1193,1219
T047,tania,rag2026-38,51,6670,1125,1150
T047,tania,rag2026-39,48,6658,1209,1229
T047,tania,rag2026-4,51,6500,1149,1165
T047,tania,rag2026-40,40,6880,1166,1174
T047,tania,rag2026-41,43,5908,1154,1170
T047,tania,rag2026-42,45,6842,1280,1330
T047,tania,rag2026-43,43,6579,1167,1174
T047,tania,rag2026-44,49,6969,1291,1314
T047,tania,rag2026-45,50,6379,1154,1163
T047,tania,rag2026-46,53,6549,1172,1185
T047,tania,rag2026-47,46,6670,1143,1155
T047,tania,rag2026-48,45,6725,1231,1255
T047,tania,rag2026-49,38,6668,1189,1212
T047,tania,rag2026-5,49,6717,1226,1277
T047,tania,rag2026-50,39,6356,1250,1291
T047,tania,rag2026-51,44,6746,1192,1201
T047,tania,rag2026-52,46,6086,1227,1264
T047,tania,rag2026-53,55,6404,1237,1244
T047,tania,rag2026-54,47,6393,1212,1218
T047,tania,rag2026-55,43,6964,1200,1216
T047,tania,rag2026-56,51,6637,1258,1294
T047,tania,rag2026-57,46,6614,1252,1308
T047,tania,rag2026-58,52,6153,1241,1240
T047,tania,rag2026-59,40,6963,1185,1197
T047,tania,rag2026-6,42,6934,1232,1269
T047,tania,rag2026-61,47,6495,1219,1263
T047,tania,rag2026-62,34,5998,1151,1163
T047,tania,rag2026-63,54,6402,1138,1142
T047,tania,rag2026-64,48,6617,1180,1197
T047,tania,rag2026-65,50,6575,1146,1166
T047,tania,rag2026-66,45,7156,1361,1389
T047,tania,rag2026-67,54,6638,1208,1235
T047,tania,rag2026-68,48,6953,1217,1243
T047,tania,rag2026-69,51,6805,1141,1150
T047,tania,rag2026-7,46,6316,1115,1116
T047,tania,rag2026-70,45,6516,1162,1162
T047,tania,rag2026-71,41,6705,1172,1167
T047,tania,rag2026-72,43,7000,1224,1232
T047,tania,rag2026-73,38,6733,1229,1256
T047,tania,rag2026-74,49,6044,1196,1212
T047,tania,rag2026-75,46,7016,1279,1324
T047,tania,rag2026-76,39,6759,1259,1289
T047,tania,rag2026-77,44,7000,1147,1155
T047,tania,rag2026-78,47,6915,1265,1297
T047,tania,rag2026-79,48,6384,1150,1156
T047,tania,rag2026-8,45,6533,1182,1207
T047,tania,rag2026-80,51,6354,1205,1210
T047,tania,rag2026-81,50,6266,1249,1277
T047,tania,rag2026-82,44,6335,1162,1165
T047,tania,rag2026-83,44,6457,1212,1223
T047,tania,rag2026-84,46,6479,1162,1150
T047,tania,rag2026-85,46,6892,1199,1217
T047,tania,rag2026-86,44,6412,1151,1169
T047,tania,rag2026-87,59,6769,1261,1276
T047,tania,rag2026-88,51,6781,1254,1266
T047,tania,rag2026-89,38,6790,1213,1252
T047,tania,rag2026-9,43,6557,1234,1260
T047,tania,rag2026-90,48,6560,1218,1260
T047,tania,rag2026-91,43,6086,1232,1251
T047,tania,rag2026-92,49,6517,1210,1225
T047,tania,rag2026-93,52,6331,1194,1234
T047,tania,rag2026-94,48,6223,1222,1271
T047,tania,rag2026-95,45,6996,1205,1218
T047,tania,rag2026-96,46,6792,1202,1233
T047,tania,rag2026-97,42,6374,1225,1261
T047,tania,rag2026-98,51,6110,1146,1147
T047,tania,rag2026-99,42,6915,1226,1250
T341,tara,rag2026-0,60,6298,1009,1029
T341,tara,rag2026-1,41,6826,1267,1283
T341,tara,rag2026-10,80,6638,1262,1317
T341,tara,rag2026-100,59,6528,1048,1059
T341,tara,rag2026-101,54,4915,911,961
T341,tara,rag2026-102,47,6454,1168,1236
T341,tara,rag2026-103,55,6729,1127,1158
T341,tara,rag2026-104,58,6263,1146,1190
T341,tara,rag2026-105,58,5473,929,938
T341,tara,rag2026-106,78,5901,1095,1115
T341,tara,rag2026-107,55,5037,967,1009
T341,tara,rag2026-108,57,7058,1230,1283
T341,tara,rag2026-109,47,5438,921,943
T341,tara,rag2026-11,67,6876,1249,1324
T341,tara,rag2026-110,60,6431,1254,1318
T341,tara,rag2026-111,53,6636,1294,1346
T341,tara,rag2026-112,48,6277,1188,1209
T341,tara,rag2026-113,49,5655,1070,1095
T341,tara,rag2026-114,72,6408,1127,1159
T341,tara,rag2026-115,56,5798,1341,1412
T341,tara,rag2026-116,49,6240,1094,1133
T341,tara,rag2026-117,54,6490,1181,1199
T341,tara,rag2026-118,53,5610,973,1009
T341,tara,rag2026-12,61,6484,1287,1363
T341,tara,rag2026-13,51,4821,867,883
T341,tara,rag2026-14,55,6521,1112,1126
T341,tara,rag2026-15,52,5986,1072,1087
T341,tara,rag2026-16,49,5370,936,948
T341,tara,rag2026-17,28,6762,1274,1329
T341,tara,rag2026-18,49,5055,915,937
T341,tara,rag2026-19,64,5909,1083,1139
T341,tara,rag2026-2,59,6687,1147,1159
T341,tara,rag2026-20,39,4295,710,713
T341,tara,rag2026-21,82,6222,1267,1339
T341,tara,rag2026-22,58,5923,1021,1033
T341,tara,rag2026-23,50,5654,990,994
T341,tara,rag2026-24,45,5639,1105,1159
T341,tara,rag2026-25,66,6704,1209,1235
T341,tara,rag2026-26,53,6034,1062,1094
T341,tara,rag2026-27,50,5889,1166,1211
T341,tara,rag2026-28,64,6869,1231,1261
T341,tara,rag2026-29,43,6267,1170,1209
T341,tara,rag2026-3,45,4826,863,864
T341,tara,rag2026-30,48,5516,937,948
T341,tara,rag2026-31,36,4720,867,872
T341,tara,rag2026-32,56,6253,1113,1169
T341,tara,rag2026-33,55,6113,1086,1112
T341,tara,rag2026-34,51,5782,1038,1077
T341,tara,rag2026-35,44,5026,852,869
T341,tara,rag2026-36,31,4067,730,737
T341,tara,rag2026-37,51,5588,1037,1062
T341,tara,rag2026-38,59,7224,1259,1296
T341,tara,rag2026-39,54,7093,1182,1201
T341,tara,rag2026-4,64,6814,1222,1238
T341,tara,rag2026-40,50,6984,1225,1266
T341,tara,rag2026-41,44,4414,810,835
T341,tara,rag2026-42,56,6628,1171,1217
T341,tara,rag2026-43,42,4575,787,788
T341,tara,rag2026-44,53,5994,1130,1157
T341,tara,rag2026-45,36,4532,776,789
T341,tara,rag2026-46,41,4915,866,880
T341,tara,rag2026-47,50,6109,1023,1024
T341,tara,rag2026-48,51,5744,997,1015
T341,tara,rag2026-49,39,5091,924,963
T341,tara,rag2026-5,53,5868,1072,1125
T341,tara,rag2026-50,54,5931,1126,1167
T341,tara,rag2026-51,58,5073,965,999
T341,tara,rag2026-52,49,6333,1364,1442
T341,tara,rag2026-53,64,6791,1316,1362
T341,tara,rag2026-54,59,6919,1191,1212
T341,tara,rag2026-55,56,6575,1087,1099
T341,tara,rag2026-56,48,6077,1117,1166
T341,tara,rag2026-57,57,6744,1247,1338
T341,tara,rag2026-58,48,5477,1038,1035
T341,tara,rag2026-59,59,5211,953,999
T341,tara,rag2026-6,71,6265,1140,1205
T341,tara,rag2026-60,76,6684,1355,1453
T341,tara,rag2026-61,55,6493,1173,1213
T341,tara,rag2026-62,50,5477,978,990
T341,tara,rag2026-63,54,5663,1030,1028
T341,tara,rag2026-64,40,4844,838,858
T341,tara,rag2026-65,50,5503,965,978
T341,tara,rag2026-66,65,6807,1242,1281
T341,tara,rag2026-67,63,6393,1220,1287
T341,tara,rag2026-68,34,4445,714,722
T341,tara,rag2026-69,47,7207,1161,1184
T341,tara,rag2026-7,51,5754,928,931
T341,tara,rag2026-70,57,6092,1135,1150
T341,tara,rag2026-71,56,6307,1133,1147
T341,tara,rag2026-72,50,5114,879,903
T341,tara,rag2026-73,36,4927,861,876
T341,tara,rag2026-74,64,6753,1200,1207
T341,tara,rag2026-75,52,5653,959,975
T341,tara,rag2026-76,41,4768,902,950
T341,tara,rag2026-77,64,6840,1201,1263
T341,tara,rag2026-78,51,5905,1029,1056
T341,tara,rag2026-79,58,6148,1073,1102
T341,tara,rag2026-8,55,6798,1160,1162
T341,tara,rag2026-80,70,6458,1228,1229
T341,tara,rag2026-81,77,6518,1236,1262
T341,tara,rag2026-82,48,6592,1156,1166
T341,tara,rag2026-83,67,6186,1115,1134
T341,tara,rag2026-84,45,6581,1221,1208
T341,tara,rag2026-85,46,4545,837,875
T341,tara,rag2026-86,55,5767,1083,1122
T341,tara,rag2026-87,63,6934,1216,1223
T341,tara,rag2026-88,54,5583,971,977
T341,tara,rag2026-89,42,5839,970,984
T341,tara,rag2026-9,45,5390,1045,1103
T341,tara,rag2026-90,52,5317,1018,1107
T341,tara,rag2026-91,40,5131,1057,1067
T341,tara,rag2026-92,55,6459,1135,1142
T341,tara,rag2026-93,48,5753,1118,1156
T341,tara,rag2026-94,34,6795,1246,1301
T341,tara,rag2026-95,54,6515,1124,1155
T341,tara,rag2026-96,49,5812,1055,1069
T341,tara,rag2026-97,48,5191,974,1009
T341,tara,rag2026-98,58,6225,1072,1074
T341,tara,rag2026-99,60,6646,1198,1226
T736,todd,rag2026-0,45,8084,1388,1418
T736,todd,rag2026-1,43,7440,1389,1424
T736,todd,rag2026-2,45,7906,1393,1441
T736,todd,rag2026-3,43,7312,1410,1486
T736,todd,rag2026-4,39,7479,1340,1351
T736,todd,rag2026-5,45,7406,1373,1400
T736,todd,rag2026-6,45,8087,1528,1658
T736,todd,rag2026-7,45,8163,1393,1407
T736,todd,rag2026-8,43,7470,1371,1415
T736,todd,rag2026-9,44,7661,1420,1491
T736,todd,rag2026-10,48,7560,1477,1602
T736,todd,rag2026-11,45,8158,1388,1422
T736,todd,rag2026-12,45,7257,1516,1618
T736,todd,rag2026-13,48,7538,1304,1318
T736,todd,rag2026-14,41,7913,1332,1358
T736,todd,rag2026-15,45,8132,1381,1408
T736,todd,rag2026-16,44,7961,1386,1411
T736,todd,rag2026-17,46,8160,1405,1429
T736,todd,rag2026-18,44,7177,1332,1349
T736,todd,rag2026-19,50,7946,1447,1517
T736,todd,rag2026-20,45,7191,1266,1271
T736,todd,rag2026-21,41,7236,1357,1414
T736,todd,rag2026-22,45,8142,1316,1325
T736,todd,rag2026-23,43,8034,1369,1394
T736,todd,rag2026-24,42,7823,1457,1516
T736,todd,rag2026-25,38,7456,1308,1322
T736,todd,rag2026-26,46,8139,1408,1446
T736,todd,rag2026-27,47,8429,1751,1828
T736,todd,rag2026-28,42,8424,1464,1490
T736,todd,rag2026-29,48,7552,1383,1438
T736,todd,rag2026-30,48,7898,1407,1418
T736,todd,rag2026-31,48,7885,1398,1402
T736,todd,rag2026-32,43,7452,1362,1423
T736,todd,rag2026-33,44,7548,1335,1357
T736,todd,rag2026-34,44,7673,1413,1460
T736,todd,rag2026-35,47,7982,1422,1454
T736,todd,rag2026-36,43,7714,1529,1585
T736,todd,rag2026-37,40,7579,1374,1424
T736,todd,rag2026-38,48,8348,1498,1542
T736,todd,rag2026-39,46,8058,1332,1344
T736,todd,rag2026-40,45,8294,1394,1403
T736,todd,rag2026-41,46,6916,1286,1302
T736,todd,rag2026-42,42,7691,1417,1455
T736,todd,rag2026-43,46,8234,1382,1388
T736,todd,rag2026-44,47,7563,1335,1346
T736,todd,rag2026-45,43,7854,1347,1370
T736,todd,rag2026-46,48,7573,1388,1394
T736,todd,rag2026-47,44,8151,1303,1315
T736,todd,rag2026-48,47,7928,1395,1419
T736,todd,rag2026-49,43,7906,1447,1495
T736,todd,rag2026-50,48,7805,1411,1462
T736,todd,rag2026-51,46,7836,1355,1384
T736,todd,rag2026-52,52,6963,1468,1558
T736,todd,rag2026-53,46,7860,1453,1482
T736,todd,rag2026-54,42,7973,1387,1421
T736,todd,rag2026-55,48,8472,1406,1432
T736,todd,rag2026-56,46,7691,1464,1588
T736,todd,rag2026-57,45,7812,1355,1423
T736,todd,rag2026-58,38,6532,1384,1385
T736,todd,rag2026-59,50,7768,1366,1392
T736,todd,rag2026-60,45,7731,1471,1549
T736,todd,rag2026-61,49,7559,1479,1588
T736,todd,rag2026-62,47,7408,1332,1325
T736,todd,rag2026-63,46,6895,1756,1702
T736,todd,rag2026-64,49,7818,1327,1354
T736,todd,rag2026-65,46,7898,1328,1340
T736,todd,rag2026-66,43,7687,1433,1479
T736,todd,rag2026-67,41,7831,1394,1436
T736,todd,rag2026-68,48,8020,1398,1423
T736,todd,rag2026-69,49,8073,1450,1502
T736,todd,rag2026-70,43,7555,1373,1361
T736,todd,rag2026-71,45,7879,1329,1346
T736,todd,rag2026-72,45,7982,1702,1719
T736,todd,rag2026-73,48,7678,1382,1414
T736,todd,rag2026-74,45,7587,1413,1474
T736,todd,rag2026-75,47,7914,1357,1386
T736,todd,rag2026-76,41,7458,1374,1415
T736,todd,rag2026-77,50,8544,1490,1538
T736,todd,rag2026-78,46,7741,1398,1442
T736,todd,rag2026-79,45,7825,1359,1402
T736,todd,rag2026-80,47,7730,1430,1429
T736,todd,rag2026-81,44,6817,1292,1319
T736,todd,rag2026-82,43,7446,1370,1410
T736,todd,rag2026-83,49,8123,1366,1390
T736,todd,rag2026-84,44,7758,1492,1445
T736,todd,rag2026-85,47,8083,1379,1396
T736,todd,rag2026-86,44,8101,1446,1474
T736,todd,rag2026-87,49,8561,1479,1506
T736,todd,rag2026-88,44,8029,1461,1501
T736,todd,rag2026-89,46,8157,1399,1424
T736,todd,rag2026-90,44,7599,1448,1531
T736,todd,rag2026-91,41,6295,1542,1562
T736,todd,rag2026-92,42,7876,1399,1400
T736,todd,rag2026-93,42,6978,1321,1364
T736,todd,rag2026-94,44,7725,1365,1428
T736,todd,rag2026-95,45,7774,1403,1434
T736,todd,rag2026-96,46,7731,1419,1499
T736,todd,rag2026-97,47,7871,1354,1399
T736,todd,rag2026-98,41,6687,1250,1259
T736,todd,rag2026-99,45,7580,1389,1449
T736,todd,rag2026-100,45,8063,1316,1338
T736,todd,rag2026-101,52,7598,1327,1350
T736,todd,rag2026-102,47,7679,1446,1574
T736,todd,rag2026-103,45,7738,1398,1443
T736,todd,rag2026-104,42,7795,1419,1449
T736,todd,rag2026-105,40,7470,1363,1368
T736,todd,rag2026-106,47,7766,1410,1447
T736,todd,rag2026-107,42,7493,1397,1448
T736,todd,rag2026-108,49,8013,1395,1446
T736,todd,rag2026-109,45,8258,1469,1512
T736,todd,rag2026-110,43,7557,1530,1619
T736,todd,rag2026-111,46,7394,1511,1629
T736,todd,rag2026-112,50,8361,1552,1591
T736,todd,rag2026-113,47,7466,1348,1364
T736,todd,rag2026-114,47,8209,1406,1434
T736,todd,rag2026-115,47,7287,1704,1754
T736,todd,rag2026-116,49,8160,1388,1443
T736,todd,rag2026-117,42,7504,1359,1379
T736,todd,rag2026-118,49,7999,1427,1472
T507,vince,rag2026-0,65,7644,1219,1234
T507,vince,rag2026-1,72,6814,1202,1220
T507,vince,rag2026-10,68,6761,1216,1241
T507,vince,rag2026-100,68,7555,1228,1232
T507,vince,rag2026-101,70,7278,1198,1213
T507,vince,rag2026-102,64,7352,1230,1243
T507,vince,rag2026-103,69,7362,1227,1261
T507,vince,rag2026-104,72,7700,1324,1354
T507,vince,rag2026-105,66,7655,1248,1268
T507,vince,rag2026-106,69,7224,1237,1242
T507,vince,rag2026-107,66,6585,1263,1320
T507,vince,rag2026-108,67,7246,1263,1322
T507,vince,rag2026-109,66,7696,1238,1269
T507,vince,rag2026-11,66,7647,1292,1338
T507,vince,rag2026-110,67,7112,1284,1312
T507,vince,rag2026-111,67,7420,1223,1325
T507,vince,rag2026-112,66,7917,1370,1388
T507,vince,rag2026-113,65,6929,1196,1223
T507,vince,rag2026-114,62,6850,1173,1179
T507,vince,rag2026-115,63,6259,1246,1264
T507,vince,rag2026-116,68,7483,1233,1276
T507,vince,rag2026-117,72,7600,1166,1181
T507,vince,rag2026-118,68,7416,1162,1177
T507,vince,rag2026-12,65,7127,1223,1258
T507,vince,rag2026-13,67,7281,1191,1221
T507,vince,rag2026-14,63,7278,1161,1191
T507,vince,rag2026-15,67,7477,1242,1279
T507,vince,rag2026-16,67,7902,1306,1337
T507,vince,rag2026-17,63,7597,1273,1287
T507,vince,rag2026-18,68,7194,1217,1229
T507,vince,rag2026-19,65,6974,1232,1274
T507,vince,rag2026-2,66,7304,1162,1174
T507,vince,rag2026-20,69,7276,1174,1199
T507,vince,rag2026-21,68,6695,1236,1258
T507,vince,rag2026-22,68,7147,1157,1172
T507,vince,rag2026-23,65,7550,1209,1228
T507,vince,rag2026-24,71,7218,1422,1467
T507,vince,rag2026-25,66,6588,1280,1336
T507,vince,rag2026-26,66,7642,1254,1267
T507,vince,rag2026-27,71,7984,1550,1588
T507,vince,rag2026-28,66,7545,1216,1221
T507,vince,rag2026-29,65,6914,1242,1278
T507,vince,rag2026-3,69,7494,1207,1228
T507,vince,rag2026-30,67,7680,1203,1212
T507,vince,rag2026-31,70,7579,1319,1325
T507,vince,rag2026-32,63,7042,1186,1231
T507,vince,rag2026-33,65,7341,1244,1263
T507,vince,rag2026-34,66,7147,1245,1269
T507,vince,rag2026-35,63,7354,1221,1263
T507,vince,rag2026-36,71,7840,1216,1225
T507,vince,rag2026-37,65,7189,1254,1262
T507,vince,rag2026-38,70,7727,1231,1248
T507,vince,rag2026-39,66,7373,1175,1193
T507,vince,rag2026-4,70,6866,1160,1228
T507,vince,rag2026-40,69,7838,1244,1272
T507,vince,rag2026-41,68,6863,1171,1187
T507,vince,rag2026-42,65,7694,1237,1263
T507,vince,rag2026-43,68,7955,1268,1275
T507,vince,rag2026-44,64,7089,1273,1281
T507,vince,rag2026-45,71,7345,1154,1166
T507,vince,rag2026-46,65,7629,1210,1222
T507,vince,rag2026-47,68,7504,1220,1225
T507,vince,rag2026-48,64,7604,1282,1319
T507,vince,rag2026-49,66,7147,1199,1215
T507,vince,rag2026-5,65,7423,1284,1301
T507,vince,rag2026-50,70,7189,1277,1298
T507,vince,rag2026-51,72,7392,1185,1191
T507,vince,rag2026-52,68,6877,1228,1247
T507,vince,rag2026-53,66,6794,1182,1177
T507,vince,rag2026-54,65,7158,1203,1225
T507,vince,rag2026-55,65,7753,1234,1251
T507,vince,rag2026-56,66,7060,1243,1276
T507,vince,rag2026-57,67,7416,1210,1230
T507,vince,rag2026-58,66,6400,1261,1259
T507,vince,rag2026-59,71,7695,1206,1226
T507,vince,rag2026-6,67,7755,1232,1284
T507,vince,rag2026-60,71,7505,1366,1418
T507,vince,rag2026-61,71,7565,1187,1202
T507,vince,rag2026-62,70,7579,1281,1308
T507,vince,rag2026-63,67,7091,1194,1187
T507,vince,rag2026-64,70,7805,1184,1209
T507,vince,rag2026-65,65,7230,1163,1169
T507,vince,rag2026-66,65,7598,1252,1276
T507,vince,rag2026-67,67,7088,1276,1311
T507,vince,rag2026-68,70,7782,1268,1293
T507,vince,rag2026-69,67,7895,1202,1208
T507,vince,rag2026-7,64,7520,1198,1201
T507,vince,rag2026-70,68,6961,1273,1294
T507,vince,rag2026-71,69,7124,1177,1171
T507,vince,rag2026-72,68,7539,1344,1350
T507,vince,rag2026-73,68,7404,1213,1227
T507,vince,rag2026-74,66,6540,1209,1248
T507,vince,rag2026-75,69,7542,1279,1295
T507,vince,rag2026-76,67,6792,1264,1308
T507,vince,rag2026-77,68,7973,1188,1202
T507,vince,rag2026-78,68,7532,1234,1252
T507,vince,rag2026-79,65,7264,1258,1285
T507,vince,rag2026-8,65,7241,1216,1239
T507,vince,rag2026-80,67,6751,1282,1302
T507,vince,rag2026-81,69,6570,1208,1245
T507,vince,rag2026-82,69,7204,1214,1225
T507,vince,rag2026-83,64,7192,1239,1242
T507,vince,rag2026-84,69,7282,1178,1136
T507,vince,rag2026-85,65,7597,1240,1284
T507,vince,rag2026-86,72,7787,1307,1322
T507,vince,rag2026-87,69,7647,1266,1293
T507,vince,rag2026-88,69,7440,1234,1252
T507,vince,rag2026-89,65,7518,1242,1280
T507,vince,rag2026-9,66,7129,1288,1336
T507,vince,rag2026-90,67,7174,1193,1216
T507,vince,rag2026-91,68,7193,1234,1268
T507,vince,rag2026-92,69,7714,1185,1174
T507,vince,rag2026-93,67,6742,1224,1244
T507,vince,rag2026-94,72,7504,1206,1239
T507,vince,rag2026-95,66,7609,1236,1269
T507,vince,rag2026-96,70,7238,1248,1270
T507,vince,rag2026-97,69,7400,1247,1273
T507,vince,rag2026-98,67,7355,1256,1260
T507,vince,rag2026-99,63,7331,1249,1273
T706,will,rag2026-0,26,5138,817,823
T706,will,rag2026-1,24,4366,782,790
T706,will,rag2026-2,25,5289,896,902
T706,will,rag2026-3,22,3610,661,686
T706,will,rag2026-4,20,3826,649,661
T706,will,rag2026-5,22,5013,943,973
T706,will,rag2026-6,26,5681,928,948
T706,will,rag2026-7,28,5930,999,1006
T706,will,rag2026-8,27,5233,934,958
T706,will,rag2026-9,24,5109,886,904
T706,will,rag2026-10,18,4431,846,868
T706,will,rag2026-11,20,4573,735,737
T706,will,rag2026-12,25,5103,950,980
T706,will,rag2026-13,24,5093,872,890
T706,will,rag2026-14,20,4221,707,709
T706,will,rag2026-15,27,6395,1143,1160
T706,will,rag2026-16,20,4441,801,835
T706,will,rag2026-17,26,5305,902,910
T706,will,rag2026-18,21,4187,762,786
T706,will,rag2026-19,25,5311,957,1012
T706,will,rag2026-20,19,3978,680,683
T706,will,rag2026-21,22,4482,862,881
T706,will,rag2026-22,18,3775,650,650
T706,will,rag2026-23,26,6548,1114,1126
T706,will,rag2026-24,20,4334,855,877
T706,will,rag2026-25,20,4116,736,736
T706,will,rag2026-26,27,6301,1063,1061
T706,will,rag2026-27,21,4001,835,855
T706,will,rag2026-28,19,4133,706,707
T706,will,rag2026-29,24,5210,911,930
T706,will,rag2026-30,25,5092,866,873
T706,will,rag2026-31,20,4837,863,868
T706,will,rag2026-32,24,4930,864,883
T706,will,rag2026-33,23,4680,763,780
T706,will,rag2026-34,21,4404,738,746
T706,will,rag2026-35,24,5357,935,974
T706,will,rag2026-36,13,2704,451,454
T706,will,rag2026-37,20,5084,862,874
T706,will,rag2026-38,28,5281,934,955
T706,will,rag2026-39,26,5016,780,784
T706,will,rag2026-40,21,4965,796,803
T706,will,rag2026-41,23,4362,751,760
T706,will,rag2026-42,20,5219,894,903
T706,will,rag2026-43,21,4879,821,824
T706,will,rag2026-44,31,6067,1084,1084
T706,will,rag2026-45,19,4224,702,707
T706,will,rag2026-46,30,4829,811,821
T706,will,rag2026-47,25,5971,1008,1010
T706,will,rag2026-48,22,5695,933,936
T706,will,rag2026-49,21,4373,806,831
T706,will,rag2026-50,20,4705,868,879
T706,will,rag2026-51,20,3503,604,614
T706,will,rag2026-52,21,4574,946,983
T706,will,rag2026-53,20,4065,736,740
T706,will,rag2026-54,25,5219,882,896
T706,will,rag2026-55,24,5966,938,941
T706,will,rag2026-56,23,5957,1099,1142
T706,will,rag2026-57,26,5237,917,930
T706,will,rag2026-58,23,4181,836,838
T706,will,rag2026-59,23,5296,879,887
T706,will,rag2026-60,25,5506,1046,1081
T706,will,rag2026-61,20,4337,778,803
T706,will,rag2026-62,20,4219,754,761
T706,will,rag2026-63,22,3964,685,683
T706,will,rag2026-64,26,4942,789,801
T706,will,rag2026-65,25,5142,874,891
T706,will,rag2026-66,24,5224,868,874
T706,will,rag2026-67,20,4438,822,842
T706,will,rag2026-68,24,4757,751,757
T706,will,rag2026-69,9,1968,322,326
T706,will,rag2026-70,24,4509,814,834
T706,will,rag2026-71,22,4364,730,728
T706,will,rag2026-72,29,6549,1195,1213
T706,will,rag2026-73,28,5782,958,970
T706,will,rag2026-74,27,5573,1021,1028
T706,will,rag2026-75,26,5647,922,927
T706,will,rag2026-76,22,5080,995,1035
T706,will,rag2026-77,20,3996,663,670
T706,will,rag2026-78,21,4895,805,812
T706,will,rag2026-79,22,4659,780,787
T706,will,rag2026-80,20,4356,865,868
T706,will,rag2026-81,22,4717,878,892
T706,will,rag2026-82,22,5558,995,1008
T706,will,rag2026-83,26,5279,929,932
T706,will,rag2026-84,20,4218,752,728
T706,will,rag2026-85,21,4749,790,800
T706,will,rag2026-86,21,4207,762,775
T706,will,rag2026-87,20,5173,880,872
T706,will,rag2026-88,21,4981,878,887
T706,will,rag2026-89,31,6297,987,991
T706,will,rag2026-90,23,4748,803,819
T706,will,rag2026-91,20,3972,767,778
T706,will,rag2026-92,25,5131,890,870
T706,will,rag2026-93,20,4290,771,787
T706,will,rag2026-94,21,4711,805,817
T706,will,rag2026-95,20,4994,871,887
T706,will,rag2026-96,24,5122,912,931
T706,will,rag2026-97,20,4709,791,809
T706,will,rag2026-98,20,3352,603,603
T706,will,rag2026-99,22,4633,808,817
T706,will,rag2026-100,30,5931,956,974
T706,will,rag2026-101,26,5186,886,895
T706,will,rag2026-102,21,5101,908,947
T706,will,rag2026-103,21,4484,755,770
T706,will,rag2026-104,31,6112,1073,1101
T706,will,rag2026-105,21,3816,657,660
T706,will,rag2026-106,24,4978,944,946
T706,will,rag2026-107,20,4176,779,810
T706,will,rag2026-108,27,5265,861,866
T706,will,rag2026-109,25,5559,987,1001
T706,will,rag2026-110,24,5819,1113,1147
T706,will,rag2026-111,21,4472,742,781
T706,will,rag2026-112,25,6057,1094,1096
T706,will,rag2026-114,21,4571,772,779
T706,will,rag2026-115,16,2909,620,640
T706,will,rag2026-116,20,4558,747,772
T706,will,rag2026-117,26,5256,871,877
T706,will,rag2026-118,24,4936,796,815
T300,xavi,rag2026-0,23,6083,998,1015
T300,xavi,rag2026-1,22,6469,1202,1240
T300,xavi,rag2026-10,27,7229,1293,1358
T300,xavi,rag2026-100,25,6379,1063,1080
T300,xavi,rag2026-101,23,6129,1046,1065
T300,xavi,rag2026-102,26,6509,1119,1176
T300,xavi,rag2026-103,17,5717,975,990
T300,xavi,rag2026-104,29,7084,1290,1312
T300,xavi,rag2026-105,18,5341,953,955
T300,xavi,rag2026-106,24,6333,1175,1198
T300,xavi,rag2026-107,15,3769,698,724
T300,xavi,rag2026-108,24,7297,1271,1314
T300,xavi,rag2026-109,26,7291,1249,1275
T300,xavi,rag2026-11,21,6565,1089,1112
T300,xavi,rag2026-110,26,6355,1234,1291
T300,xavi,rag2026-111,25,5746,1029,1077
T300,xavi,rag2026-112,22,5740,1030,1053
T300,xavi,rag2026-113,26,5775,1015,1024
T300,xavi,rag2026-114,24,6099,1018,1027
T300,xavi,rag2026-115,28,5783,1251,1289
T300,xavi,rag2026-116,23,7111,1214,1244
T300,xavi,rag2026-117,28,5570,970,983
T300,xavi,rag2026-118,27,6915,1211,1234
T300,xavi,rag2026-12,32,6748,1269,1337
T300,xavi,rag2026-13,21,6377,1088,1106
T300,xavi,rag2026-14,21,5988,1023,1060
T300,xavi,rag2026-15,27,6942,1177,1194
T300,xavi,rag2026-16,24,6320,1113,1147
T300,xavi,rag2026-17,21,6752,1178,1210
T300,xavi,rag2026-18,20,5178,954,974
T300,xavi,rag2026-19,20,5721,943,949
T300,xavi,rag2026-2,21,5276,897,925
T300,xavi,rag2026-20,22,5470,975,981
T300,xavi,rag2026-21,18,4479,857,905
T300,xavi,rag2026-22,24,6755,1073,1087
T300,xavi,rag2026-23,20,5863,956,964
T300,xavi,rag2026-24,20,5212,900,922
T300,xavi,rag2026-25,18,4295,706,703
T300,xavi,rag2026-26,24,7881,1282,1300
T300,xavi,rag2026-27,21,5545,1168,1210
T300,xavi,rag2026-28,38,7534,1337,1347
T300,xavi,rag2026-29,24,6842,1264,1326
T300,xavi,rag2026-3,28,6319,1124,1156
T300,xavi,rag2026-30,25,6331,1129,1143
T300,xavi,rag2026-31,20,5350,933,933
T300,xavi,rag2026-32,21,5997,1033,1067
T300,xavi,rag2026-33,25,6730,1142,1151
T300,xavi,rag2026-34,22,6285,1127,1158
T300,xavi,rag2026-35,19,5556,918,930
T300,xavi,rag2026-36,28,7444,1395,1465
T300,xavi,rag2026-37,23,6505,1138,1156
T300,xavi,rag2026-38,31,7996,1369,1397
T300,xavi,rag2026-39,26,6643,1097,1102
T300,xavi,rag2026-4,22,5348,932,939
T300,xavi,rag2026-40,24,5896,996,1000
T300,xavi,rag2026-41,20,4583,850,856
T300,xavi,rag2026-42,19,5616,1012,1041
T300,xavi,rag2026-43,27,6872,1138,1155
T300,xavi,rag2026-44,20,5372,932,936
T300,xavi,rag2026-45,27,7038,1183,1208
T300,xavi,rag2026-46,26,6127,1091,1095
T300,xavi,rag2026-47,20,6481,1032,1035
T300,xavi,rag2026-48,23,5460,943,960
T300,xavi,rag2026-49,31,7444,1292,1327
T300,xavi,rag2026-5,23,6072,1115,1154
T300,xavi,rag2026-50,20,5276,901,913
T300,xavi,rag2026-51,21,4866,838,845
T300,xavi,rag2026-52,23,5978,1128,1163
T300,xavi,rag2026-53,27,6324,1515,1710
T300,xavi,rag2026-54,21,5663,951,972
T300,xavi,rag2026-55,26,6854,1120,1126
T300,xavi,rag2026-56,28,7513,1339,1393
T300,xavi,rag2026-57,22,6711,1131,1159
T300,xavi,rag2026-58,21,4324,896,895
T300,xavi,rag2026-59,21,5149,900,929
T300,xavi,rag2026-6,22,6265,1063,1106
T300,xavi,rag2026-60,36,6644,1108,1140
T300,xavi,rag2026-61,23,5826,1031,1070
T300,xavi,rag2026-62,51,6469,1277,1296
T300,xavi,rag2026-63,32,5734,1176,1168
T300,xavi,rag2026-64,20,5150,829,834
T300,xavi,rag2026-65,30,7526,1249,1256
T300,xavi,rag2026-66,28,7239,1272,1295
T300,xavi,rag2026-67,20,5551,980,1007
T300,xavi,rag2026-68,23,6295,1038,1045
T300,xavi,rag2026-69,33,8035,1348,1380
T300,xavi,rag2026-7,24,6562,1089,1099
T300,xavi,rag2026-70,22,6056,1062,1069
T300,xavi,rag2026-71,27,6923,1148,1154
T300,xavi,rag2026-72,33,5967,1235,1232
T300,xavi,rag2026-73,25,7054,1212,1246
T300,xavi,rag2026-74,27,6770,1158,1189
T300,xavi,rag2026-75,18,5924,997,1019
T300,xavi,rag2026-76,14,4527,806,836
T300,xavi,rag2026-77,26,7406,1249,1286
T300,xavi,rag2026-78,26,6444,1121,1127
T300,xavi,rag2026-79,21,5486,960,989
T300,xavi,rag2026-8,20,6025,1061,1085
T300,xavi,rag2026-80,24,6489,1139,1148
T300,xavi,rag2026-81,24,5572,1008,1049
T300,xavi,rag2026-82,22,5544,931,941
T300,xavi,rag2026-83,29,7296,1232,1249
T300,xavi,rag2026-84,21,5089,923,895
T300,xavi,rag2026-85,27,6660,1153,1177
T300,xavi,rag2026-86,30,6325,1127,1172
T300,xavi,rag2026-87,33,8265,1440,1447
T300,xavi,rag2026-88,30,7736,1345,1377
T300,xavi,rag2026-89,22,6542,1126,1140
T300,xavi,rag2026-9,25,6080,1082,1108
T300,xavi,rag2026-90,26,5849,1044,1083
T300,xavi,rag2026-91,20,4354,960,963
T300,xavi,rag2026-92,26,5720,1001,997
T300,xavi,rag2026-93,24,5680,1046,1075
T300,xavi,rag2026-94,22,5665,993,1025
T300,xavi,rag2026-95,21,6259,1061,1078
T300,xavi,rag2026-96,23,6714,1189,1220
T300,xavi,rag2026-97,22,6745,1156,1198
T300,xavi,rag2026-98,20,3840,679,687
T300,xavi,rag2026-99,23,5674,990,1010
T649,yara,rag2026-0,27,7652,1299,1312
T649,yara,rag2026-100,31,7106,1210,1221
T649,yara,rag2026-101,25,6415,1199,1248
T649,yara,rag2026-102,30,7442,1401,1511
T649,yara,rag2026-103,21,5901,1062,1095
T649,yara,rag2026-104,26,7178,1298,1330
T649,yara,rag2026-105,26,6206,1112,1120
T649,yara,rag2026-106,20,5323,1009,1030
T649,yara,rag2026-107,20,4859,925,945
T649,yara,rag2026-108,25,7135,1301,1359
T649,yara,rag2026-109,27,6672,1228,1254
T649,yara,rag2026-10,25,7009,1352,1465
T649,yara,rag2026-110,25,6215,1280,1336
T649,yara,rag2026-111,27,6508,1284,1386
T649,yara,rag2026-112,21,5941,1078,1083
T649,yara,rag2026-113,27,6293,1190,1214
T649,yara,rag2026-114,24,7278,1247,1256
T649,yara,rag2026-115,16,4557,1073,1115
T649,yara,rag2026-116,29,7679,1410,1479
T649,yara,rag2026-117,28,7287,1287,1305
T649,yara,rag2026-118,25,6999,1272,1315
T649,yara,rag2026-11,25,7219,1303,1357
T649,yara,rag2026-12,32,7183,1436,1498
T649,yara,rag2026-13,30,6984,1217,1224
T649,yara,rag2026-14,18,5449,933,946
T649,yara,rag2026-15,26,7176,1282,1319
T649,yara,rag2026-16,35,7846,1428,1477
T649,yara,rag2026-17,24,6577,1157,1178
T649,yara,rag2026-18,25,6870,1285,1315
T649,yara,rag2026-19,24,6375,1194,1259
T649,yara,rag2026-1,21,5004,936,970
T649,yara,rag2026-20,25,7100,1278,1291
T649,yara,rag2026-21,27,5893,1101,1136
T649,yara,rag2026-22,35,7071,1210,1238
T649,yara,rag2026-23,21,6247,1112,1143
T649,yara,rag2026-24,20,5859,1114,1171
T649,yara,rag2026-25,20,6279,1166,1214
T649,yara,rag2026-26,18,6267,1022,1031
T649,yara,rag2026-27,18,5894,1244,1302
T649,yara,rag2026-28,24,6915,1238,1265
T649,yara,rag2026-29,21,5685,1050,1093
T649,yara,rag2026-2,26,6575,1223,1292
T649,yara,rag2026-30,24,7449,1359,1376
T649,yara,rag2026-31,26,6417,1129,1136
T649,yara,rag2026-32,23,6450,1129,1178
T649,yara,rag2026-33,19,5742,995,1014
T649,yara,rag2026-34,23,6249,1115,1142
T649,yara,rag2026-35,21,6107,1134,1192
T649,yara,rag2026-36,20,6511,1347,1427
T649,yara,rag2026-37,24,6752,1218,1250
T649,yara,rag2026-38,29,7548,1352,1389
T649,yara,rag2026-39,27,6919,1172,1191
T649,yara,rag2026-3,27,6704,1294,1354
T649,yara,rag2026-40,23,6702,1124,1138
T649,yara,rag2026-41,19,5762,1064,1080
T649,yara,rag2026-42,28,7254,1322,1359
T649,yara,rag2026-43,27,7155,1207,1234
T649,yara,rag2026-44,28,6646,1178,1187
T649,yara,rag2026-45,29,7281,1279,1312
T649,yara,rag2026-46,25,7015,1263,1273
T649,yara,rag2026-47,28,7318,1248,1264
T649,yara,rag2026-48,19,6376,1121,1141
T649,yara,rag2026-49,27,7034,1298,1354
T649,yara,rag2026-4,21,4949,910,924
T649,yara,rag2026-50,27,6602,1235,1290
T649,yara,rag2026-51,31,7148,1269,1280
T649,yara,rag2026-52,20,4729,928,972
T649,yara,rag2026-53,23,6040,1346,1421
T649,yara,rag2026-54,24,6364,1110,1130
T649,yara,rag2026-55,23,6432,1089,1111
T649,yara,rag2026-56,28,6947,1310,1381
T649,yara,rag2026-57,23,6948,1252,1293
T649,yara,rag2026-58,26,5227,1093,1092
T649,yara,rag2026-59,28,6980,1306,1369
T649,yara,rag2026-5,23,5591,1060,1088
T649,yara,rag2026-60,28,6768,1283,1347
T649,yara,rag2026-61,29,7218,1372,1487
T649,yara,rag2026-62,29,5253,1076,1089
T649,yara,rag2026-63,29,5075,1168,1129
T649,yara,rag2026-64,32,6992,1247,1284
T649,yara,rag2026-65,20,6226,1083,1097
T649,yara,rag2026-66,33,7251,1319,1346
T649,yara,rag2026-67,23,6192,1109,1155
T649,yara,rag2026-68,20,7047,1236,1252
T649,yara,rag2026-69,23,6550,1141,1186
T649,yara,rag2026-6,33,6731,1390,1523
T649,yara,rag2026-70,31,6413,1152,1151
T649,yara,rag2026-71,32,7577,1301,1306
T649,yara,rag2026-72,38,7471,1493,1503
T649,yara,rag2026-73,25,7081,1273,1301
T649,yara,rag2026-74,28,7260,1332,1390
T649,yara,rag2026-75,25,6565,1142,1166
T649,yara,rag2026-76,21,5681,1023,1046
T649,yara,rag2026-77,29,8021,1346,1372
T649,yara,rag2026-78,21,5615,1026,1040
T649,yara,rag2026-79,28,6613,1183,1219
T649,yara,rag2026-7,22,6865,1249,1272
T649,yara,rag2026-80,23,6118,1110,1117
T649,yara,rag2026-81,27,5855,1119,1148
T649,yara,rag2026-82,19,5807,977,985
T649,yara,rag2026-83,28,7489,1326,1350
T649,yara,rag2026-84,34,6547,1195,1175
T649,yara,rag2026-85,30,7428,1340,1376
T649,yara,rag2026-86,25,6180,1132,1169
T649,yara,rag2026-87,32,8189,1384,1382
T649,yara,rag2026-88,30,7602,1443,1501
T649,yara,rag2026-89,28,6880,1185,1206
T649,yara,rag2026-8,25,6783,1203,1232
T649,yara,rag2026-90,24,7445,1392,1459
T649,yara,rag2026-91,42,6467,1487,1503
T649,yara,rag2026-92,27,6374,1144,1140
T649,yara,rag2026-93,19,4616,865,896
T649,yara,rag2026-94,19,6338,1131,1170
T649,yara,rag2026-95,24,7166,1300,1335
T649,yara,rag2026-96,20,5377,964,998
T649,yara,rag2026-97,27,7039,1219,1264
T649,yara,rag2026-98,18,4161,830,866
T649,yara,rag2026-99,26,7233,1299,1341
T649,yara,rag2026-9,29,6779,1304,1346
T736,zara,rag2026-0,21,4310,673,681
T736,zara,rag2026-1,31,6124,1049,1059
T736,zara,rag2026-2,25,5480,884,890
T736,zara,rag2026-3,37,7147,1161,1173
T736,zara,rag2026-4,22,4262,700,720
T736,zara,rag2026-5,21,4563,786,808
T736,zara,rag2026-6,34,6572,1093,1130
T736,zara,rag2026-7,26,5617,848,854
T736,zara,rag2026-8,21,4514,766,781
T736,zara,rag2026-9,28,5720,988,1013
T736,zara,rag2026-10,20,4168,765,781
T736,zara,rag2026-11,33,7217,1144,1167
T736,zara,rag2026-12,32,6884,1191,1226
T736,zara,rag2026-13,26,5033,774,794
T736,zara,rag2026-14,21,4251,651,658
T736,zara,rag2026-15,23,5733,905,933
T736,zara,rag2026-16,18,4264,704,721
T736,zara,rag2026-17,22,4802,821,834
T736,zara,rag2026-18,28,5390,895,911
T736,zara,rag2026-19,27,6148,1066,1096
T736,zara,rag2026-20,22,4380,669,672
T736,zara,rag2026-21,20,3792,722,759
T736,zara,rag2026-22,36,3933,610,614
T736,zara,rag2026-23,17,4001,651,654
T736,zara,rag2026-24,26,6020,1117,1130
T736,zara,rag2026-25,20,4841,878,878
T736,zara,rag2026-26,19,5004,812,823
T736,zara,rag2026-27,33,6899,1385,1407
T736,zara,rag2026-28,26,5626,879,882
T736,zara,rag2026-29,18,4381,715,730
T736,zara,rag2026-30,30,5723,905,912
T736,zara,rag2026-31,32,6314,1032,1042
T736,zara,rag2026-32,22,5381,903,920
T736,zara,rag2026-33,27,5312,825,839
T736,zara,rag2026-34,29,6490,1065,1080
T736,zara,rag2026-35,35,7602,1168,1191
T736,zara,rag2026-36,28,5701,887,889
T736,zara,rag2026-37,19,4538,724,730
T736,zara,rag2026-38,23,4577,740,757
T736,zara,rag2026-39,18,4086,654,660
T736,zara,rag2026-40,16,3547,547,554
T736,zara,rag2026-41,19,3468,558,565
T736,zara,rag2026-42,17,3937,611,620
T736,zara,rag2026-43,17,3768,593,599
T736,zara,rag2026-44,23,5049,845,849
T736,zara,rag2026-45,16,3627,553,554
T736,zara,rag2026-46,30,5986,952,964
T736,zara,rag2026-47,21,5361,861,869
T736,zara,rag2026-48,26,5686,916,928
T736,zara,rag2026-49,26,5483,935,972
T736,zara,rag2026-50,17,3834,673,678
T736,zara,rag2026-51,31,6074,973,982
T736,zara,rag2026-52,18,4034,718,745
T736,zara,rag2026-53,27,6074,1022,1033
T736,zara,rag2026-54,21,4373,694,705
T736,zara,rag2026-55,25,5691,863,872
T736,zara,rag2026-56,28,6743,1182,1222
T736,zara,rag2026-57,21,4682,799,814
T736,zara,rag2026-58,32,5892,1162,1165
T736,zara,rag2026-59,17,3630,593,594
T736,zara,rag2026-60,29,6338,1160,1216
T736,zara,rag2026-61,26,5267,884,896
T736,zara,rag2026-62,21,4589,811,822
T736,zara,rag2026-63,24,4156,690,689
T736,zara,rag2026-64,43,5128,777,800
T736,zara,rag2026-65,25,6057,1004,1023
T736,zara,rag2026-66,20,3986,647,653
T736,zara,rag2026-67,15,3625,615,627
T736,zara,rag2026-68,23,4860,739,745
T736,zara,rag2026-69,18,4714,718,724
T736,zara,rag2026-70,25,4679,795,806
T736,zara,rag2026-71,30,5961,985,984
T736,zara,rag2026-72,27,5833,983,1002
T736,zara,rag2026-73,27,5896,913,924
T736,zara,rag2026-74,17,3956,695,700
T736,zara,rag2026-75,24,5165,786,793
T736,zara,rag2026-76,21,4779,864,870
T736,zara,rag2026-77,36,7100,1100,1116
T736,zara,rag2026-78,20,4075,622,626
T736,zara,rag2026-79,15,3117,523,533
T736,zara,rag2026-80,25,5355,961,953
T736,zara,rag2026-81,24,4814,884,896
T736,zara,rag2026-82,25,5176,858,874
T736,zara,rag2026-83,32,4920,796,797
T736,zara,rag2026-84,25,5289,899,894
T736,zara,rag2026-85,27,5701,916,930
T736,zara,rag2026-86,32,6668,1116,1142
T736,zara,rag2026-87,34,5233,854,834
T736,zara,rag2026-88,23,5575,879,886
T736,zara,rag2026-89,22,5157,792,795
T736,zara,rag2026-90,22,4673,765,786
T736,zara,rag2026-91,26,5512,1027,1039
T736,zara,rag2026-92,33,6893,1138,1130
T736,zara,rag2026-93,24,4936,836,853
T736,zara,rag2026-94,19,4504,729,733
T736,zara,rag2026-95,19,4522,718,723
T736,zara,rag2026-96,21,4930,778,792
T736,zara,rag2026-97,24,5544,897,912
T736,zara,rag2026-98,22,4915,858,859
T736,zara,rag2026-99,23,5286,864,881
T736,zara,rag2026-100,23,4930,755,766
T736,zara,rag2026-101,32,5888,951,957
T736,zara,rag2026-102,24,5473,964,997
T736,zara,rag2026-103,26,5524,893,909
T736,zara,rag2026-104,30,5710,966,980
T736,zara,rag2026-105,23,4714,743,749
T736,zara,rag2026-106,25,5364,979,989
T736,zara,rag2026-107,20,4545,815,843
T736,zara,rag2026-108,33,7331,1146,1159
T736,zara,rag2026-109,25,5434,865,891
T736,zara,rag2026-110,25,6082,1032,1045
T736,zara,rag2026-111,32,6561,1120,1190
T736,zara,rag2026-112,23,5064,888,901
T736,zara,rag2026-113,17,3733,629,635
T736,zara,rag2026-114,26,5489,881,884
T736,zara,rag2026-115,17,3693,645,659
T736,zara,rag2026-116,22,5019,835,872
T736,zara,rag2026-117,36,6673,1071,1085
T736,zara,rag2026-118,27,6341,1022,1065
T768,zora,rag2026-0,15,2339,380,385
T768,zora,rag2026-1,15,2179,402,404
T768,zora,rag2026-2,12,1985,348,351
T768,zora,rag2026-3,15,2115,393,407
T768,zora,rag2026-4,15,2019,373,381
T768,zora,rag2026-5,15,2242,394,405
T768,zora,rag2026-6,15,1979,354,373
T768,zora,rag2026-7,14,2205,369,373
T768,zora,rag2026-8,15,2154,381,383
T768,zora,rag2026-9,1,209,36,36
T768,zora,rag2026-10,15,2082,415,419
T768,zora,rag2026-11,15,2265,376,378
T768,zora,rag2026-12,16,2371,443,459
T768,zora,rag2026-13,15,2076,345,352
T768,zora,rag2026-14,15,2295,390,398
T768,zora,rag2026-15,15,2468,407,408
T768,zora,rag2026-16,15,2438,403,410
T768,zora,rag2026-17,15,2021,357,364
T768,zora,rag2026-18,15,2081,363,369
T768,zora,rag2026-19,15,2537,452,465
T768,zora,rag2026-20,12,1837,301,305
T768,zora,rag2026-21,15,2146,386,389
T768,zora,rag2026-22,15,2363,404,404
T768,zora,rag2026-23,15,2312,405,410
T768,zora,rag2026-24,15,2302,436,446
T768,zora,rag2026-25,15,2295,412,416
T768,zora,rag2026-26,15,2295,403,412
T768,zora,rag2026-27,15,2364,474,487
T768,zora,rag2026-28,11,1615,296,300
T768,zora,rag2026-29,15,2507,441,451
T768,zora,rag2026-30,15,2588,457,460
T768,zora,rag2026-31,15,2097,364,367
T768,zora,rag2026-32,15,2190,382,391
T768,zora,rag2026-33,15,2029,341,343
T768,zora,rag2026-34,15,2352,402,413
T768,zora,rag2026-35,15,2628,441,447
T768,zora,rag2026-36,15,2471,431,437
T768,zora,rag2026-37,15,2309,419,422
T768,zora,rag2026-38,15,2346,402,404
T768,zora,rag2026-39,14,2104,354,357
T768,zora,rag2026-40,15,2388,425,435
T768,zora,rag2026-41,15,1946,340,342
T768,zora,rag2026-42,15,2397,390,393
T768,zora,rag2026-43,15,2392,412,416
T768,zora,rag2026-44,15,2008,355,358
T768,zora,rag2026-45,15,2151,376,376
T768,zora,rag2026-46,15,2107,368,372
T768,zora,rag2026-47,15,2603,439,439
T768,zora,rag2026-48,15,2640,450,449
T768,zora,rag2026-49,15,2114,357,360
T768,zora,rag2026-50,15,2065,379,395
T768,zora,rag2026-51,15,2093,364,366
T768,zora,rag2026-52,15,1876,346,355
T768,zora,rag2026-53,15,2244,397,401
T768,zora,rag2026-54,15,2333,409,411
T768,zora,rag2026-55,15,2260,388,388
T768,zora,rag2026-56,15,2315,404,408
T768,zora,rag2026-57,15,2233,381,388
T768,zora,rag2026-58,15,1609,337,336
T768,zora,rag2026-59,15,2509,439,447
T768,zora,rag2026-60,15,1812,312,321
T768,zora,rag2026-61,15,1892,329,332
T768,zora,rag2026-62,15,2200,399,400
T768,zora,rag2026-63,15,1855,333,332
T768,zora,rag2026-64,15,2198,369,371
T768,zora,rag2026-65,15,2300,413,417
T768,zora,rag2026-66,15,2261,373,376
T768,zora,rag2026-67,15,2355,401,406
T768,zora,rag2026-68,15,2159,351,355
T768,zora,rag2026-69,15,2406,372,373
T768,zora,rag2026-70,15,2304,411,416
T768,zora,rag2026-71,15,2278,390,389
T768,zora,rag2026-72,13,2024,361,371
T768,zora,rag2026-73,15,2182,370,374
T768,zora,rag2026-74,15,1992,366,376
T768,zora,rag2026-75,14,2434,424,424
T768,zora,rag2026-76,15,2267,446,467
T768,zora,rag2026-77,15,2425,372,374
T768,zora,rag2026-78,15,2382,424,429
T768,zora,rag2026-79,15,2337,389,394
T768,zora,rag2026-80,15,1730,333,333
T768,zora,rag2026-81,14,1888,372,388
T768,zora,rag2026-82,15,2165,391,392
T768,zora,rag2026-83,15,2356,407,406
T768,zora,rag2026-84,15,1920,330,325
T768,zora,rag2026-85,15,2367,411,414
T768,zora,rag2026-86,15,1977,368,372
T768,zora,rag2026-87,15,2727,460,459
T768,zora,rag2026-88,15,2482,430,437
T768,zora,rag2026-89,14,2351,405,409
T768,zora,rag2026-90,15,2107,353,357
T768,zora,rag2026-91,15,2176,370,371
T768,zora,rag2026-92,15,2223,390,383
T768,zora,rag2026-93,15,2442,440,446
T768,zora,rag2026-94,15,2185,361,362
T768,zora,rag2026-95,15,2424,418,423
T768,zora,rag2026-96,15,2214,378,381
T768,zora,rag2026-97,15,2178,379,384
T768,zora,rag2026-98,15,2140,368,367
T768,zora,rag2026-99,15,2117,370,374
T768,zora,rag2026-100,15,2227,365,370
T768,zora,rag2026-101,15,2079,350,354
T768,zora,rag2026-102,15,2354,400,408
T768,zora,rag2026-103,15,2063,366,377
T768,zora,rag2026-104,15,2127,381,397
T768,zora,rag2026-105,15,2127,399,403
T768,zora,rag2026-106,15,1960,387,388
T768,zora,rag2026-107,15,2098,403,411
T768,zora,rag2026-108,15,2238,358,367
T768,zora,rag2026-109,14,2166,377,385
T768,zora,rag2026-110,15,2337,430,435
T768,zora,rag2026-111,15,2312,441,460
T768,zora,rag2026-112,15,2264,406,408
T768,zora,rag2026-113,15,1875,328,334
T768,zora,rag2026-114,15,2007,345,347
T768,zora,rag2026-115,15,1957,418,422
T768,zora,rag2026-116,15,2233,376,380
T768,zora,rag2026-117,15,2149,365,369
T768,zora,rag2026-118,15,2295,389,400